area_code,area_name,total_households,n_owned_total,n_owned_outright,n_owned_mortgage_loan,n_shared_ownership,n_social_rented_total,n_social_rented_council,n_social_rented_other,n_private_rented_total,n_private_rented_landlord_agency,n_private_rented_employer,n_private_rented_relative_friend,n_private_rented_other,n_living_rent_free,pct_owned_total,pct_owned_outright,pct_owned_mortgage_loan,pct_shared_ownership,pct_social_rented_total,pct_social_rented_council,pct_social_rented_other,pct_private_rented_total,pct_private_rented_landlord_agency,pct_private_rented_employer,pct_private_rented_relative_friend,pct_private_rented_other,pct_living_rent_free
E06000047,County Durham UA,223803,147347,69435,77912,488,45004,28559,16445,28142,25498,185,2121,338,2822,65.8,31.0,34.8,0.2,20.1,12.8,7.3,12.6,11.4,0.1,0.9,0.2,1.3
E06000005,Darlington UA,46670,30289,13810,16479,178,7228,5238,1990,8513,7758,112,546,97,462,64.9,29.6,35.3,0.4,15.5,11.2,4.3,18.2,16.6,0.2,1.2,0.2,1.0
E06000001,Hartlepool UA,40434,24194,11090,13104,200,9515,4016,5499,5971,5525,26,349,71,554,59.8,27.4,32.4,0.5,23.5,9.9,13.6,14.8,13.7,0.1,0.9,0.2,1.4
E06000002,Middlesbrough UA,57203,32723,15200,17523,336,13654,6049,7605,9509,8648,98,570,193,981,57.2,26.6,30.6,0.6,23.9,10.6,13.3,16.6,15.1,0.2,1.0,0.3,1.7
E06000048,Northumberland UA,138534,91207,46086,45121,510,25841,14820,11021,18417,16225,434,1388,370,2559,65.8,33.3,32.6,0.4,18.7,10.7,8.0,13.3,11.7,0.3,1.0,0.3,1.8
E06000003,Redcar and Cleveland UA,59605,39705,19806,19899,256,11568,5999,5569,7434,6698,55,578,103,642,66.6,33.2,33.4,0.4,19.4,10.1,9.3,12.5,11.2,0.1,1.0,0.2,1.1
E06000004,Stockton-on-Tees UA,79159,54225,23285,30940,255,13625,7285,6340,10387,9417,41,788,141,667,68.5,29.4,39.1,0.3,17.2,9.2,8.0,13.1,11.9,0.1,1.0,0.2,0.8
E08000020,Gateshead,89154,51915,23081,28834,363,24941,19985,4956,11125,10130,47,844,104,810,58.2,25.9,32.3,0.4,28.0,22.4,5.6,12.5,11.4,0.1,0.9,0.1,0.9
E08000021,Newcastle upon Tyne,117153,57955,26258,31697,489,34850,27340,7510,22318,20462,113,1236,507,1541,49.5,22.4,27.1,0.4,29.7,23.3,6.4,19.1,17.5,0.1,1.1,0.4,1.3
E08000022,North Tyneside,91295,59136,25611,33525,374,19677,14610,5067,11300,10146,77,969,108,808,64.8,28.1,36.7,0.4,21.6,16.0,5.6,12.4,11.1,0.1,1.1,0.1,0.9
E08000023,South Tyneside,67167,38333,17003,21330,297,21204,16967,4237,6758,6040,41,597,80,575,57.1,25.3,31.8,0.4,31.6,25.3,6.3,10.1,9.0,0.1,0.9,0.1,0.9
E08000024,Sunderland,119758,71566,32419,39147,352,32399,16725,15674,14552,13077,91,1053,331,889,59.8,27.1,32.7,0.3,27.1,14.0,13.1,12.2,10.9,0.1,0.9,0.3,0.7
E06000008,Blackburn with Darwen UA,57353,36793,18039,18754,290,10391,3228,7163,8993,8113,72,618,190,886,64.2,31.5,32.7,0.5,18.1,5.6,12.5,15.7,14.1,0.1,1.1,0.3,1.5
E06000009,Blackpool UA,64367,39650,19318,20332,239,6999,4823,2176,16770,15549,62,1062,97,709,61.6,30.0,31.6,0.4,10.9,7.5,3.4,26.1,24.2,0.1,1.6,0.2,1.1
E06000049,Cheshire East UA,159441,118766,59846,58920,779,18141,4285,13856,19938,18244,223,1200,271,1817,74.5,37.5,37.0,0.5,11.4,2.7,8.7,12.5,11.4,0.1,0.8,0.2,1.1
E06000050,Cheshire West and Chester UA,141442,100105,49129,50976,1088,20808,10482,10326,17734,16021,313,1100,300,1707,70.8,34.7,36.0,0.8,14.7,7.4,7.3,12.5,11.3,0.2,0.8,0.2,1.2
E06000006,Halton UA,53312,33796,14436,19360,322,13441,2502,10939,5212,4752,14,376,70,541,63.4,27.1,36.3,0.6,25.2,4.7,20.5,9.8,8.9,0.0,0.7,0.1,1.0
E06000007,Warrington UA,85140,60915,27206,33709,637,13318,6147,7171,9549,8683,52,718,96,721,71.5,32.0,39.6,0.7,15.6,7.2,8.4,11.2,10.2,0.1,0.8,0.1,0.8
E07000026,Allerdale,42345,29217,16686,12531,200,8088,1123,6965,4142,3595,68,397,82,698,69.0,39.4,29.6,0.5,19.1,2.7,16.4,9.8,8.5,0.2,0.9,0.2,1.6
E07000027,Barrow-in-Furness,31224,22938,11423,11515,36,3454,2704,750,4442,4005,49,332,56,354,73.5,36.6,36.9,0.1,11.1,8.7,2.4,14.2,12.8,0.2,1.1,0.2,1.1
E07000028,Carlisle,48342,32999,16754,16245,332,7394,1283,6111,6914,6221,104,493,96,703,68.3,34.7,33.6,0.7,15.3,2.7,12.6,14.3,12.9,0.2,1.0,0.2,1.5
E07000029,Copeland,30536,21671,11315,10356,96,5668,2172,3496,2665,2315,51,243,56,436,71.0,37.1,33.9,0.3,18.6,7.1,11.4,8.7,7.6,0.2,0.8,0.2,1.4
E07000030,Eden,23043,16258,10048,6210,211,2321,307,2014,3685,3216,103,310,56,568,70.6,43.6,26.9,0.9,10.1,1.3,8.7,16.0,14.0,0.4,1.3,0.2,2.5
E07000031,South Lakeland,46552,33967,20793,13174,231,4853,3172,1681,6633,5831,176,530,96,868,73.0,44.7,28.3,0.5,10.4,6.8,3.6,14.2,12.5,0.4,1.1,0.2,1.9
E08000001,Bolton,116371,74170,35378,38792,605,23825,16575,7250,15930,14555,73,1094,208,1841,63.7,30.4,33.3,0.5,20.5,14.2,6.2,13.7,12.5,0.1,0.9,0.2,1.6
E08000002,Bury,78113,54395,24839,29556,247,11703,7314,4389,10774,9859,44,780,91,994,69.6,31.8,37.8,0.3,15.0,9.4,5.6,13.8,12.6,0.1,1.0,0.1,1.3
E08000003,Manchester,204969,77395,31145,46250,1481,64682,27585,37097,58170,55043,167,2153,807,3241,37.8,15.2,22.6,0.7,31.6,13.5,18.1,28.4,26.9,0.1,1.1,0.4,1.6
E08000004,Oldham ,89703,58259,27193,31066,352,18918,8708,10210,10944,9676,57,1018,193,1230,64.9,30.3,34.6,0.4,21.1,9.7,11.4,12.2,10.8,0.1,1.1,0.2,1.4
E08000005,Rochdale,87552,54149,24334,29815,340,20247,13671,6576,11556,10511,51,864,130,1260,61.8,27.8,34.1,0.4,23.1,15.6,7.5,13.2,12.0,0.1,1.0,0.1,1.4
E08000006,Salford,103556,52126,22603,29523,508,29819,18461,11358,19420,18224,81,872,243,1683,50.3,21.8,28.5,0.5,28.8,17.8,11.0,18.8,17.6,0.1,0.8,0.2,1.6
E08000007,Stockport,121979,89316,42761,46555,987,16620,10577,6043,13852,12631,80,1001,140,1204,73.2,35.1,38.2,0.8,13.6,8.7,5.0,11.4,10.4,0.1,0.8,0.1,1.0
E08000008,Tameside,94953,60558,26688,33870,309,20438,4953,15485,12573,11345,63,960,205,1075,63.8,28.1,35.7,0.3,21.5,5.2,16.3,13.2,11.9,0.1,1.0,0.2,1.1
E08000009,Trafford,94484,65440,30322,35118,570,15485,4373,11112,12001,11173,52,656,120,988,69.3,32.1,37.2,0.6,16.4,4.6,11.8,12.7,11.8,0.1,0.7,0.1,1.0
E08000010,Wigan,136386,92559,42446,50113,331,25803,22152,3651,15875,14550,61,1139,125,1818,67.9,31.1,36.7,0.2,18.9,16.2,2.7,11.6,10.7,0.0,0.8,0.1,1.3
E07000117,Burnley,37550,24408,11815,12593,79,5281,1418,3863,7267,6664,34,493,76,515,65.0,31.5,33.5,0.2,14.1,3.8,10.3,19.4,17.7,0.1,1.3,0.2,1.4
E07000118,Chorley,44919,33783,15906,17877,283,5843,1376,4467,4587,4066,32,414,75,423,75.2,35.4,39.8,0.6,13.0,3.1,9.9,10.2,9.1,0.1,0.9,0.2,0.9
E07000119,Fylde,34885,25622,14214,11408,135,2607,499,2108,6066,5411,127,417,111,455,73.4,40.7,32.7,0.4,7.5,1.4,6.0,17.4,15.5,0.4,1.2,0.3,1.3
E07000120,Hyndburn,34341,23238,11464,11774,84,4389,1367,3022,6235,5711,13,463,48,395,67.7,33.4,34.3,0.2,12.8,4.0,8.8,18.2,16.6,0.0,1.3,0.1,1.2
E07000121,Lancaster,57822,39999,20890,19109,367,5762,3629,2133,10929,9915,87,796,131,765,69.2,36.1,33.0,0.6,10.0,6.3,3.7,18.9,17.1,0.2,1.4,0.2,1.3
E07000122,Pendle,37348,25580,13435,12145,73,4333,2104,2229,6760,6192,29,486,53,602,68.5,36.0,32.5,0.2,11.6,5.6,6.0,18.1,16.6,0.1,1.3,0.1,1.6
E07000123,Preston,57567,34909,16355,18554,397,11061,2259,8802,10365,9540,84,598,143,835,60.6,28.4,32.2,0.7,19.2,3.9,15.3,18.0,16.6,0.1,1.0,0.2,1.5
E07000124,Ribble Valley,24045,18423,10086,8337,145,1836,365,1471,3278,2830,109,274,65,363,76.6,41.9,34.7,0.6,7.6,1.5,6.1,13.6,11.8,0.5,1.1,0.3,1.5
E07000125,Rossendale,29058,20250,9160,11090,87,4244,1416,2828,4106,3683,20,361,42,371,69.7,31.5,38.2,0.3,14.6,4.9,9.7,14.1,12.7,0.1,1.2,0.1,1.3
E07000126,South Ribble,46102,36337,17189,19148,215,4845,353,4492,4308,3845,43,369,51,397,78.8,37.3,41.5,0.5,10.5,0.8,9.7,9.3,8.3,0.1,0.8,0.1,0.9
E07000127,West Lancashire,45381,33122,16272,16850,271,6656,5711,945,4744,4263,48,371,62,588,73.0,35.9,37.1,0.6,14.7,12.6,2.1,10.5,9.4,0.1,0.8,0.1,1.3
E07000128,Wyre,47281,36676,20423,16253,246,3401,522,2879,6397,5791,71,475,60,561,77.6,43.2,34.4,0.5,7.2,1.1,6.1,13.5,12.2,0.2,1.0,0.1,1.2
E08000011,Knowsley ,61323,37896,16032,21864,314,16333,7479,8854,5980,5488,17,405,70,800,61.8,26.1,35.7,0.5,26.6,12.2,14.4,9.8,8.9,0.0,0.7,0.1,1.3
E08000012,Liverpool,206515,96947,43803,53144,1096,57485,9868,47617,48290,44912,194,1879,1305,2697,46.9,21.2,25.7,0.5,27.8,4.8,23.1,23.4,21.7,0.1,0.9,0.6,1.3
E08000014,Sefton,117930,83137,42334,40803,664,17063,4911,12152,15804,14552,86,1019,147,1262,70.5,35.9,34.6,0.6,14.5,4.2,10.3,13.4,12.3,0.1,0.9,0.1,1.1
E08000013,St. Helens,75736,50952,25215,25737,427,15597,4590,11007,7736,7056,35,535,110,1024,67.3,33.3,34.0,0.6,20.6,6.1,14.5,10.2,9.3,0.0,0.7,0.1,1.4
E08000015,Wirral,140583,94843,46806,48037,713,21329,7266,14063,22275,20636,82,1351,206,1423,67.5,33.3,34.2,0.5,15.2,5.2,10.0,15.8,14.7,0.1,1.0,0.1,1.0
E06000011,East Riding of Yorkshire UA,143032,107706,56140,51566,433,13028,10453,2575,19648,17760,298,1336,254,2217,75.3,39.2,36.1,0.3,9.1,7.3,1.8,13.7,12.4,0.2,0.9,0.2,1.6
E06000010,"Kingston upon Hull, City of UA",112596,55785,22355,33430,505,31634,23838,7796,22984,21414,63,1125,382,1688,49.5,19.9,29.7,0.4,28.1,21.2,6.9,20.4,19.0,0.1,1.0,0.3,1.5
E06000012,North East Lincolnshire UA,69707,46070,21497,24573,213,10091,3293,6798,12627,11594,106,792,135,706,66.1,30.8,35.3,0.3,14.5,4.7,9.8,18.1,16.6,0.2,1.1,0.2,1.0
E06000013,North Lincolnshire UA,70684,49137,23355,25782,179,10895,4852,6043,9477,8493,169,692,123,996,69.5,33.0,36.5,0.3,15.4,6.9,8.5,13.4,12.0,0.2,1.0,0.2,1.4
E06000014,York UA,83552,55227,28351,26876,631,11679,7381,4298,14980,13687,245,753,295,1035,66.1,33.9,32.2,0.8,14.0,8.8,5.1,17.9,16.4,0.3,0.9,0.4,1.2
E07000163,Craven,24583,17973,10396,7577,116,2212,558,1654,3782,3360,89,261,72,500,73.1,42.3,30.8,0.5,9.0,2.3,6.7,15.4,13.7,0.4,1.1,0.3,2.0
E07000164,Hambleton,38117,26508,15135,11373,156,4923,372,4551,5770,4622,546,340,262,760,69.5,39.7,29.8,0.4,12.9,1.0,11.9,15.1,12.1,1.4,0.9,0.7,2.0
E07000165,Harrogate,67169,47738,25118,22620,395,6138,3608,2530,11771,10394,438,638,301,1127,71.1,37.4,33.7,0.6,9.1,5.4,3.8,17.5,15.5,0.7,0.9,0.4,1.7
E07000166,Richmondshire,20207,12910,7295,5615,104,2183,1451,732,4519,2877,810,240,592,491,63.9,36.1,27.8,0.5,10.8,7.2,3.6,22.4,14.2,4.0,1.2,2.9,2.4
E07000167,Ryedale,22524,15124,9329,5795,83,2896,213,2683,3773,3321,163,216,73,648,67.1,41.4,25.7,0.4,12.9,0.9,11.9,16.8,14.7,0.7,1.0,0.3,2.9
E07000168,Scarborough,49435,32520,19323,13197,302,6134,1163,4971,9640,8812,108,559,161,839,65.8,39.1,26.7,0.6,12.4,2.4,10.1,19.5,17.8,0.2,1.1,0.3,1.7
E07000169,Selby,34559,25911,11929,13982,201,4161,2902,1259,3796,3400,78,269,49,490,75.0,34.5,40.5,0.6,12.0,8.4,3.6,11.0,9.8,0.2,0.8,0.1,1.4
E08000016,Barnsley,100734,64807,30778,34029,445,21032,17831,3201,12856,11812,76,837,131,1594,64.3,30.6,33.8,0.4,20.9,17.7,3.2,12.8,11.7,0.1,0.8,0.1,1.6
E08000017,Doncaster,126487,82760,39253,43507,418,22403,19173,3230,18774,17084,159,1371,160,2132,65.4,31.0,34.4,0.3,17.7,15.2,2.6,14.8,13.5,0.1,1.1,0.1,1.7
E08000018,Rotherham ,108293,70610,33031,37579,309,23289,19436,3853,12262,11153,74,880,155,1823,65.2,30.5,34.7,0.3,21.5,17.9,3.6,11.3,10.3,0.1,0.8,0.1,1.7
E08000019,Sheffield,229928,134127,62329,71798,881,56917,40725,16192,35760,32605,213,2081,861,2243,58.3,27.1,31.2,0.4,24.8,17.7,7.0,15.6,14.2,0.1,0.9,0.4,1.0
E08000032,Bradford,199296,129550,58487,71063,1165,29513,11729,17784,36070,33135,162,2273,500,2998,65.0,29.3,35.7,0.6,14.8,5.9,8.9,18.1,16.6,0.1,1.1,0.3,1.5
E08000033,Calderdale,88621,58981,27671,31310,397,13494,4753,8741,14545,13114,98,1141,192,1204,66.6,31.2,35.3,0.4,15.2,5.4,9.9,16.4,14.8,0.1,1.3,0.2,1.4
E08000034,Kirklees ,173525,116361,55569,60792,612,26525,20886,5639,26941,24523,156,1971,291,3086,67.1,32.0,35.0,0.4,15.3,12.0,3.2,15.5,14.1,0.1,1.1,0.2,1.8
E08000035,Leeds,320596,186467,83385,103082,1442,70377,54122,16255,57456,53599,265,2901,691,4854,58.2,26.0,32.2,0.4,22.0,16.9,5.1,17.9,16.7,0.1,0.9,0.2,1.5
E08000036,Wakefield,140414,89291,40766,48525,650,33129,24136,8993,16017,14383,122,1281,231,1327,63.6,29.0,34.6,0.5,23.6,17.2,6.4,11.4,10.2,0.1,0.9,0.2,0.9
E06000015,Derby UA,102271,62765,30239,32526,864,20250,12458,7792,17193,15943,75,982,193,1199,61.4,29.6,31.8,0.8,19.8,12.2,7.6,16.8,15.6,0.1,1.0,0.2,1.2
E06000016,Leicester UA,123125,61170,28018,33152,774,31270,21048,10222,27999,26207,198,1173,421,1912,49.7,22.8,26.9,0.6,25.4,17.1,8.3,22.7,21.3,0.2,1.0,0.3,1.6
E06000018,Nottingham UA,126131,56867,25152,31715,786,37486,26176,11310,29098,27300,136,1303,359,1894,45.1,19.9,25.1,0.6,29.7,20.8,9.0,23.1,21.6,0.1,1.0,0.3,1.5
E06000017,Rutland UA,15002,10556,5889,4667,160,1685,369,1316,2333,1741,301,122,169,268,70.4,39.3,31.1,1.1,11.2,2.5,8.8,15.6,11.6,2.0,0.8,1.1,1.8
E07000032,Amber Valley,52596,38974,20106,18868,216,6484,2708,3776,6200,5618,51,441,90,722,74.1,38.2,35.9,0.4,12.3,5.1,7.2,11.8,10.7,0.1,0.8,0.2,1.4
E07000033,Bolsover,32801,21963,10691,11272,92,5965,4922,1043,4276,3871,27,344,34,505,67.0,32.6,34.4,0.3,18.2,15.0,3.2,13.0,11.8,0.1,1.0,0.1,1.5
E07000034,Chesterfield,46796,29547,15065,14482,156,10832,9385,1447,5813,5291,38,411,73,448,63.1,32.2,30.9,0.3,23.1,20.1,3.1,12.4,11.3,0.1,0.9,0.2,1.0
E07000035,Derbyshire Dales,30744,22269,13513,8756,229,3736,1330,2406,3860,3423,86,276,75,650,72.4,44.0,28.5,0.7,12.2,4.3,7.8,12.6,11.1,0.3,0.9,0.2,2.1
E07000036,Erewash,48692,35290,16506,18784,242,6335,1978,4357,6265,5762,31,398,74,560,72.5,33.9,38.6,0.5,13.0,4.1,8.9,12.9,11.8,0.1,0.8,0.2,1.2
E07000037,High Peak,38946,28059,13693,14366,229,4945,3836,1109,5231,4706,37,414,74,482,72.0,35.2,36.9,0.6,12.7,9.8,2.8,13.4,12.1,0.1,1.1,0.2,1.2
E07000038,North East Derbyshire,43070,30531,16471,14060,168,8781,7817,964,3183,2800,33,292,58,407,70.9,38.2,32.6,0.4,20.4,18.1,2.2,7.4,6.5,0.1,0.7,0.1,0.9
E07000039,South Derbyshire,38992,29416,13237,16179,131,3877,2984,893,5087,4603,91,344,49,481,75.4,33.9,41.5,0.3,9.9,7.7,2.3,13.0,11.8,0.2,0.9,0.1,1.2
E07000129,Blaby,38686,31309,14745,16564,247,2948,721,2227,3876,3471,38,325,42,306,80.9,38.1,42.8,0.6,7.6,1.9,5.8,10.0,9.0,0.1,0.8,0.1,0.8
E07000130,Charnwood,66516,47961,23729,24232,539,7851,5306,2545,9396,8590,102,590,114,769,72.1,35.7,36.4,0.8,11.8,8.0,3.8,14.1,12.9,0.2,0.9,0.2,1.2
E07000131,Harborough,34898,27238,13389,13849,414,2923,481,2442,3922,3540,57,274,51,401,78.1,38.4,39.7,1.2,8.4,1.4,7.0,11.2,10.1,0.2,0.8,0.1,1.1
E07000132,Hinckley and Bosworth,45377,34826,16859,17967,267,4685,3238,1447,5156,4657,65,364,70,443,76.7,37.2,39.6,0.6,10.3,7.1,3.2,11.4,10.3,0.1,0.8,0.2,1.0
E07000133,Melton,21490,15498,7728,7770,198,2402,1814,588,3054,2738,76,183,57,338,72.1,36.0,36.2,0.9,11.2,8.4,2.7,14.2,12.7,0.4,0.9,0.3,1.6
E07000134,North West Leicestershire,39128,28360,13581,14779,302,5598,4181,1417,4411,3997,35,336,43,457,72.5,34.7,37.8,0.8,14.3,10.7,3.6,11.3,10.2,0.1,0.9,0.1,1.2
E07000135,Oadby and Wigston,21339,17239,9069,8170,161,1610,1147,463,2117,1922,17,153,25,212,80.8,42.5,38.3,0.8,7.5,5.4,2.2,9.9,9.0,0.1,0.7,0.1,1.0
E07000136,Boston,27291,17430,9243,8187,230,4965,1671,3294,4291,3908,85,220,78,375,63.9,33.9,30.0,0.8,18.2,6.1,12.1,15.7,14.3,0.3,0.8,0.3,1.4
E07000137,East Lindsey,60890,42137,25826,16311,482,6705,1605,5100,10554,9334,377,657,186,1012,69.2,42.4,26.8,0.8,11.0,2.6,8.4,17.3,15.3,0.6,1.1,0.3,1.7
E07000138,Lincoln,39825,21932,9717,12215,220,8729,7381,1348,8345,7709,48,524,64,599,55.1,24.4,30.7,0.6,21.9,18.5,3.4,21.0,19.4,0.1,1.3,0.2,1.5
E07000139,North Kesteven,45972,34187,17115,17072,221,4694,3693,1001,6184,4906,602,400,276,686,74.4,37.2,37.1,0.5,10.2,8.0,2.2,13.5,10.7,1.3,0.9,0.6,1.5
E07000140,South Holland,37264,27035,14623,12412,260,4728,3828,900,4714,4173,159,308,74,527,72.5,39.2,33.3,0.7,12.7,10.3,2.4,12.7,11.2,0.4,0.8,0.2,1.4
E07000141,South Kesteven,57344,39809,19258,20551,502,7701,5949,1752,8389,7653,133,496,107,943,69.4,33.6,35.8,0.9,13.4,10.4,3.1,14.6,13.3,0.2,0.9,0.2,1.6
E07000142,West Lindsey,38385,27859,14672,13187,365,4246,911,3335,5253,4594,216,336,107,662,72.6,38.2,34.4,1.0,11.1,2.4,8.7,13.7,12.0,0.6,0.9,0.3,1.7
E07000150,Corby,25215,15669,5917,9752,94,5278,4463,815,3839,3582,17,210,30,335,62.1,23.5,38.7,0.4,20.9,17.7,3.2,15.2,14.2,0.1,0.8,0.1,1.3
E07000151,Daventry,31647,22688,10533,12155,271,4412,1282,3130,3832,3471,63,243,55,444,71.7,33.3,38.4,0.9,13.9,4.1,9.9,12.1,11.0,0.2,0.8,0.2,1.4
E07000152,East Northamptonshire,35662,25837,11419,14418,175,4737,805,3932,4471,4032,96,304,39,442,72.4,32.0,40.4,0.5,13.3,2.3,11.0,12.5,11.3,0.3,0.9,0.1,1.2
E07000153,Kettering,39701,27562,12070,15492,342,5187,3506,1681,6048,5533,53,418,44,562,69.4,30.4,39.0,0.9,13.1,8.8,4.2,15.2,13.9,0.1,1.1,0.1,1.4
E07000154,Northampton,88731,55622,22307,33315,1134,15113,11319,3794,15817,14657,72,951,137,1045,62.7,25.1,37.5,1.3,17.0,12.8,4.3,17.8,16.5,0.1,1.1,0.2,1.2
E07000155,South Northamptonshire,34717,26485,12029,14456,357,3505,901,2604,3840,3439,84,246,71,530,76.3,34.6,41.6,1.0,10.1,2.6,7.5,11.1,9.9,0.2,0.7,0.2,1.5
E07000156,Wellingborough,32057,21286,9584,11702,315,5676,1720,3956,4360,3965,37,300,58,420,66.4,29.9,36.5,1.0,17.7,5.4,12.3,13.6,12.4,0.1,0.9,0.2,1.3
E07000170,Ashfield,50931,35261,16952,18309,235,8258,6460,1798,6504,5908,31,501,64,673,69.2,33.3,35.9,0.5,16.2,12.7,3.5,12.8,11.6,0.1,1.0,0.1,1.3
E07000171,Bassetlaw,47667,33115,16295,16820,172,7579,6152,1427,5975,5362,111,411,91,826,69.5,34.2,35.3,0.4,15.9,12.9,3.0,12.5,11.2,0.2,0.9,0.2,1.7
E07000172,Broxtowe,46820,34270,17351,16919,168,5218,4192,1026,6594,5902,143,435,114,570,73.2,37.1,36.1,0.4,11.1,9.0,2.2,14.1,12.6,0.3,0.9,0.2,1.2
E07000173,Gedling,49349,37138,18603,18535,271,4926,1961,2965,6488,5850,46,517,75,526,75.3,37.7,37.6,0.5,10.0,4.0,6.0,13.1,11.9,0.1,1.0,0.2,1.1
E07000174,Mansfield,44928,29908,14658,15250,169,8199,6208,1991,6115,5616,23,425,51,537,66.6,32.6,33.9,0.4,18.2,13.8,4.4,13.6,12.5,0.1,0.9,0.1,1.2
E07000175,Newark and Sherwood,48773,34455,17399,17056,253,7050,5087,1963,6278,5648,87,462,81,737,70.6,35.7,35.0,0.5,14.5,10.4,4.0,12.9,11.6,0.2,0.9,0.2,1.5
E07000176,Rushcliffe,45835,35142,17973,17169,333,3854,1056,2798,6082,5595,45,357,85,424,76.7,39.2,37.5,0.7,8.4,2.3,6.1,13.3,12.2,0.1,0.8,0.2,0.9
E06000019,"Herefordshire, County of UA",78319,53014,30867,22147,770,10903,2692,8211,12147,10680,468,738,261,1485,67.7,39.4,28.3,1.0,13.9,3.4,10.5,15.5,13.6,0.6,0.9,0.3,1.9
E06000051,Shropshire UA,129674,89688,49998,39690,830,17448,6458,10990,19421,17013,777,1203,428,2287,69.2,38.6,30.6,0.6,13.5,5.0,8.5,15.0,13.1,0.6,0.9,0.3,1.8
E06000021,Stoke-on-Trent UA,107575,63928,30628,33300,419,25999,19712,6287,15440,14176,84,938,242,1789,59.4,28.5,31.0,0.4,24.2,18.3,5.8,14.4,13.2,0.1,0.9,0.2,1.7
E06000020,Telford and Wrekin UA,66608,42417,18106,24311,292,13106,5409,7697,9979,9055,164,602,158,814,63.7,27.2,36.5,0.4,19.7,8.1,11.6,15.0,13.6,0.2,0.9,0.2,1.2
E07000192,Cannock Chase,40664,28106,12388,15718,248,6880,5291,1589,4938,4509,37,351,41,492,69.1,30.5,38.7,0.6,16.9,13.0,3.9,12.1,11.1,0.1,0.9,0.1,1.2
E07000193,East Staffordshire,47251,32879,16574,16305,260,6367,1984,4383,7152,6519,94,452,87,593,69.6,35.1,34.5,0.6,13.5,4.2,9.3,15.1,13.8,0.2,1.0,0.2,1.3
E07000194,Lichfield,41224,31155,15948,15207,242,5446,648,4798,3932,3475,101,275,81,449,75.6,38.7,36.9,0.6,13.2,1.6,11.6,9.5,8.4,0.2,0.7,0.2,1.1
E07000195,Newcastle-under-Lyme,52574,36332,18495,17837,226,9840,3399,6441,5511,4932,49,410,120,665,69.1,35.2,33.9,0.4,18.7,6.5,12.3,10.5,9.4,0.1,0.8,0.2,1.3
E07000196,South Staffordshire,44458,33669,17809,15860,249,6193,646,5547,3772,3371,76,265,60,575,75.7,40.1,35.7,0.6,13.9,1.5,12.5,8.5,7.6,0.2,0.6,0.1,1.3
E07000197,Stafford,55703,39880,20259,19621,279,7618,2420,5198,7206,6239,193,466,308,720,71.6,36.4,35.2,0.5,13.7,4.3,9.3,12.9,11.2,0.3,0.8,0.6,1.3
E07000198,Staffordshire Moorlands,41772,33288,18413,14875,127,3699,1343,2356,4103,3595,46,399,63,555,79.7,44.1,35.6,0.3,8.9,3.2,5.6,9.8,8.6,0.1,1.0,0.2,1.3
E07000199,Tamworth,31617,21575,8790,12785,158,6108,4482,1626,3476,3157,14,272,33,300,68.2,27.8,40.4,0.5,19.3,14.2,5.1,11.0,10.0,0.0,0.9,0.1,0.9
E07000218,North Warwickshire,25812,18686,9007,9679,176,3719,2687,1032,2913,2635,34,198,46,318,72.4,34.9,37.5,0.7,14.4,10.4,4.0,11.3,10.2,0.1,0.8,0.2,1.2
E07000219,Nuneaton and Bedworth,52711,37617,17545,20072,270,7633,5785,1848,6683,6041,52,522,68,508,71.4,33.3,38.1,0.5,14.5,11.0,3.5,12.7,11.5,0.1,1.0,0.1,1.0
E07000220,Rugby,41875,29086,13772,15314,403,5993,3860,2133,5903,5281,174,311,137,490,69.5,32.9,36.6,1.0,14.3,9.2,5.1,14.1,12.6,0.4,0.7,0.3,1.2
E07000221,Stratford-on-Avon,51928,37304,20315,16989,561,6713,594,6119,6596,5885,191,375,145,754,71.8,39.1,32.7,1.1,12.9,1.1,11.8,12.7,11.3,0.4,0.7,0.3,1.5
E07000222,Warwick,58679,39111,19157,19954,510,7866,5337,2529,10513,9786,134,475,118,679,66.7,32.6,34.0,0.9,13.4,9.1,4.3,17.9,16.7,0.2,0.8,0.2,1.2
E08000025,Birmingham,410736,226616,106416,120200,3940,99592,63458,36134,73405,68647,366,3398,994,7183,55.2,25.9,29.3,1.0,24.2,15.4,8.8,17.9,16.7,0.1,0.8,0.2,1.7
E08000026,Coventry,128592,77880,37644,40236,750,21914,6988,14926,26503,24461,118,1371,553,1545,60.6,29.3,31.3,0.6,17.0,5.4,11.6,20.6,19.0,0.1,1.1,0.4,1.2
E08000027,Dudley ,129867,89304,45383,43921,707,25719,21874,3845,12004,10938,105,818,143,2133,68.8,34.9,33.8,0.5,19.8,16.8,3.0,9.2,8.4,0.1,0.6,0.1,1.6
E08000028,Sandwell ,121498,69135,32253,36882,701,33439,27587,5852,15674,14583,88,822,181,2549,56.9,26.5,30.4,0.6,27.5,22.7,4.8,12.9,12.0,0.1,0.7,0.1,2.1
E08000029,Solihull,86056,63559,32227,31332,527,12834,10199,2635,8502,7795,63,559,85,634,73.9,37.4,36.4,0.6,14.9,11.9,3.1,9.9,9.1,0.1,0.6,0.1,0.7
E08000030,Walsall,107822,67265,33516,33749,601,25967,10774,15193,12569,11533,65,770,201,1420,62.4,31.1,31.3,0.6,24.1,10.0,14.1,11.7,10.7,0.1,0.7,0.2,1.3
E08000031,Wolverhampton,102177,57812,29416,28396,419,28648,22796,5852,13455,12517,79,666,193,1843,56.6,28.8,27.8,0.4,28.0,22.3,5.7,13.2,12.3,0.1,0.7,0.2,1.8
E07000234,Bromsgrove,38290,30436,15554,14882,248,3819,1139,2680,3370,3035,58,237,40,417,79.5,40.6,38.9,0.6,10.0,3.0,7.0,8.8,7.9,0.2,0.6,0.1,1.1
E07000235,Malvern Hills,32212,23146,13680,9466,263,4547,558,3989,3720,3339,67,263,51,536,71.9,42.5,29.4,0.8,14.1,1.7,12.4,11.5,10.4,0.2,0.8,0.2,1.7
E07000236,Redditch,34722,22796,9204,13592,134,7351,5703,1648,4059,3700,31,299,29,382,65.7,26.5,39.1,0.4,21.2,16.4,4.7,11.7,10.7,0.1,0.9,0.1,1.1
E07000237,Worcester,42042,27077,12181,14896,436,6438,2356,4082,7645,7093,40,432,80,446,64.4,29.0,35.4,1.0,15.3,5.6,9.7,18.2,16.9,0.1,1.0,0.2,1.1
E07000238,Wychavon,49466,35973,19158,16815,225,7166,771,6395,5419,4843,138,352,86,683,72.7,38.7,34.0,0.5,14.5,1.6,12.9,11.0,9.8,0.3,0.7,0.2,1.4
E07000239,Wyre Forest,42985,30360,16196,14164,259,6205,2885,3320,5660,5155,46,409,50,501,70.6,37.7,33.0,0.6,14.4,6.7,7.7,13.2,12.0,0.1,1.0,0.1,1.2
E06000055,Bedford UA,63812,41937,20018,21919,665,10252,1155,9097,10110,9310,114,514,172,848,65.7,31.4,34.3,1.0,16.1,1.8,14.3,15.8,14.6,0.2,0.8,0.3,1.3
E06000056,Central Bedfordshire UA,104399,75743,33039,42704,874,13981,5464,8517,12612,10973,459,756,424,1189,72.6,31.6,40.9,0.8,13.4,5.2,8.2,12.1,10.5,0.4,0.7,0.4,1.1
E06000032,Luton UA,74293,44696,18619,26077,288,11715,7973,3742,16816,15802,70,726,218,778,60.2,25.1,35.1,0.4,15.8,10.7,5.0,22.6,21.3,0.1,1.0,0.3,1.0
E06000031,Peterborough UA,74023,43877,19134,24743,689,14434,4751,9683,14168,12855,288,699,326,855,59.3,25.8,33.4,0.9,19.5,6.4,13.1,19.1,17.4,0.4,0.9,0.4,1.2
E06000033,Southend-on-Sea UA,74678,48666,22960,25706,306,8597,5079,3518,16439,15472,100,754,113,670,65.2,30.7,34.4,0.4,11.5,6.8,4.7,22.0,20.7,0.1,1.0,0.2,0.9
E06000034,Thurrock UA,62353,41278,15899,25379,302,11503,10055,1448,8772,8220,51,443,58,498,66.2,25.5,40.7,0.5,18.4,16.1,2.3,14.1,13.2,0.1,0.7,0.1,0.8
E07000008,Cambridge,46714,22171,11639,10532,526,11023,7109,3914,12258,11170,281,394,413,736,47.5,24.9,22.5,1.1,23.6,15.2,8.4,26.2,23.9,0.6,0.8,0.9,1.6
E07000009,East Cambridgeshire,34614,23719,11145,12574,506,4944,457,4487,4576,4144,100,273,59,869,68.5,32.2,36.3,1.5,14.3,1.3,13.0,13.2,12.0,0.3,0.8,0.2,2.5
E07000010,Fenland,40620,28436,14490,13946,205,5054,895,4159,6341,5802,55,414,70,584,70.0,35.7,34.3,0.5,12.4,2.2,10.2,15.6,14.3,0.1,1.0,0.2,1.4
E07000011,Huntingdonshire,69333,49398,22171,27227,508,8939,1811,7128,9770,8636,311,593,230,718,71.2,32.0,39.3,0.7,12.9,2.6,10.3,14.1,12.5,0.4,0.9,0.3,1.0
E07000012,South Cambridgeshire,59960,42129,20759,21370,1258,8546,5464,3082,7174,6213,362,350,249,853,70.3,34.6,35.6,2.1,14.3,9.1,5.1,12.0,10.4,0.6,0.6,0.4,1.4
E07000066,Basildon,72746,47972,21037,26935,720,15976,10309,5667,7448,6825,65,459,99,630,65.9,28.9,37.0,1.0,22.0,14.2,7.8,10.2,9.4,0.1,0.6,0.1,0.9
E07000067,Braintree,61043,41872,18609,23263,362,10055,2378,7677,8083,7332,148,485,118,671,68.6,30.5,38.1,0.6,16.5,3.9,12.6,13.2,12.0,0.2,0.8,0.2,1.1
E07000068,Brentwood,30646,23028,11634,11394,194,3586,2703,883,3452,3148,65,184,55,386,75.1,38.0,37.2,0.6,11.7,8.8,2.9,11.3,10.3,0.2,0.6,0.2,1.3
E07000069,Castle Point,36440,30101,15691,14410,103,1949,1453,496,3968,3584,14,311,59,319,82.6,43.1,39.5,0.3,5.3,4.0,1.4,10.9,9.8,0.0,0.9,0.2,0.9
E07000070,Chelmsford,69667,50978,23696,27282,450,9120,1456,7664,8349,7621,111,505,112,770,73.2,34.0,39.2,0.6,13.1,2.1,11.0,12.0,10.9,0.2,0.7,0.2,1.1
E07000071,Colchester,71634,47507,22840,24667,325,9669,5894,3775,13390,11689,505,711,485,743,66.3,31.9,34.4,0.5,13.5,8.2,5.3,18.7,16.3,0.7,1.0,0.7,1.0
E07000072,Epping Forest,51991,37565,18070,19495,206,7803,6208,1595,5742,5307,93,282,60,675,72.3,34.8,37.5,0.4,15.0,11.9,3.1,11.0,10.2,0.2,0.5,0.1,1.3
E07000073,Harlow,34620,19429,7351,12078,326,10808,9327,1481,3756,3474,21,227,34,301,56.1,21.2,34.9,0.9,31.2,26.9,4.3,10.8,10.0,0.1,0.7,0.1,0.9
E07000074,Maldon,25817,20251,10314,9937,97,2685,157,2528,2493,2208,45,206,34,291,78.4,40.0,38.5,0.4,10.4,0.6,9.8,9.7,8.6,0.2,0.8,0.1,1.1
E07000075,Rochford,33564,27822,13927,13895,79,2547,406,2141,2844,2535,31,220,58,272,82.9,41.5,41.4,0.2,7.6,1.2,6.4,8.5,7.6,0.1,0.7,0.2,0.8
E07000076,Tendring,62105,45752,27696,18056,238,5243,2988,2255,10064,9210,88,664,102,808,73.7,44.6,29.1,0.4,8.4,4.8,3.6,16.2,14.8,0.1,1.1,0.2,1.3
E07000077,Uttlesford,31316,22425,10668,11757,321,3961,2660,1301,4108,3608,169,220,111,501,71.6,34.1,37.5,1.0,12.6,8.5,4.2,13.1,11.5,0.5,0.7,0.4,1.6
E07000095,Broxbourne,37658,27460,12262,15198,418,5297,1106,4191,4199,3934,24,211,30,284,72.9,32.6,40.4,1.1,14.1,2.9,11.1,11.2,10.4,0.1,0.6,0.1,0.8
E07000096,Dacorum,59938,38877,17458,21419,373,13045,10407,2638,7107,6516,129,386,76,536,64.9,29.1,35.7,0.6,21.8,17.4,4.4,11.9,10.9,0.2,0.6,0.1,0.9
E07000097,East Hertfordshire,56577,40665,18186,22479,508,7185,1129,6056,7446,6906,131,322,87,773,71.9,32.1,39.7,0.9,12.7,2.0,10.7,13.2,12.2,0.2,0.6,0.2,1.4
E07000098,Hertsmere,39778,26897,12489,14408,471,6932,756,6176,4981,4500,161,208,112,497,67.6,31.4,36.2,1.2,17.4,1.9,15.5,12.5,11.3,0.4,0.5,0.3,1.2
E07000099,North Hertfordshire,53426,35072,16201,18871,472,10304,3774,6530,6993,6460,97,324,112,585,65.6,30.3,35.3,0.9,19.3,7.1,12.2,13.1,12.1,0.2,0.6,0.2,1.1
E07000100,St Albans,56140,40831,19409,21422,261,6832,4753,2079,7624,7065,131,315,113,592,72.7,34.6,38.2,0.5,12.2,8.5,3.7,13.6,12.6,0.2,0.6,0.2,1.1
E07000101,Stevenage,34898,20339,7736,12603,422,9902,7964,1938,3980,3630,16,309,25,255,58.3,22.2,36.1,1.2,28.4,22.8,5.6,11.4,10.4,0.0,0.9,0.1,0.7
E07000102,Three Rivers,35108,25532,11988,13544,194,5318,1680,3638,3708,3253,167,210,78,356,72.7,34.1,38.6,0.6,15.1,4.8,10.4,10.6,9.3,0.5,0.6,0.2,1.0
E07000103,Watford,36681,22608,8954,13654,426,5987,1469,4518,7371,6930,68,305,68,289,61.6,24.4,37.2,1.2,16.3,4.0,12.3,20.1,18.9,0.2,0.8,0.2,0.8
E07000104,Welwyn Hatfield,43613,24995,11561,13434,395,11741,8693,3048,5911,5532,80,214,85,571,57.3,26.5,30.8,0.9,26.9,19.9,7.0,13.6,12.7,0.2,0.5,0.2,1.3
E07000143,Breckland,54519,37427,20167,17260,310,7511,1287,6224,8294,7306,297,546,145,977,68.6,37.0,31.7,0.6,13.8,2.4,11.4,15.2,13.4,0.5,1.0,0.3,1.8
E07000144,Broadland,53336,42343,23080,19263,304,4567,480,4087,5519,4860,117,466,76,603,79.4,43.3,36.1,0.6,8.6,0.9,7.7,10.3,9.1,0.2,0.9,0.1,1.1
E07000145,Great Yarmouth,42079,27073,15024,12049,146,7255,5824,1431,6926,6280,117,427,102,679,64.3,35.7,28.6,0.3,17.2,13.8,3.4,16.5,14.9,0.3,1.0,0.2,1.6
E07000146,Kingâs Lynn and West Norfolk,62977,43707,24908,18799,275,8393,1946,6447,9278,7832,535,581,330,1324,69.4,39.6,29.9,0.4,13.3,3.1,10.2,14.7,12.4,0.8,0.9,0.5,2.1
E07000147,North Norfolk,46046,32293,21083,11210,199,5904,1123,4781,6664,5997,151,433,83,986,70.1,45.8,24.3,0.4,12.8,2.4,10.4,14.5,13.0,0.3,0.9,0.2,2.1
E07000148,Norwich,60319,26442,12463,13979,433,19702,15222,4480,13089,12122,69,784,114,653,43.8,20.7,23.2,0.7,32.7,25.2,7.4,21.7,20.1,0.1,1.3,0.2,1.1
E07000149,South Norfolk,52809,39555,21563,17992,537,5965,1440,4525,5916,5278,106,468,64,836,74.9,40.8,34.1,1.0,11.3,2.7,8.6,11.2,10.0,0.2,0.9,0.1,1.6
E07000200,Babergh,37522,26981,14861,12120,178,4912,3343,1569,4714,4022,249,320,123,737,71.9,39.6,32.3,0.5,13.1,8.9,4.2,12.6,10.7,0.7,0.9,0.3,2.0
E07000201,Forest Heath,25376,14174,6907,7267,354,3739,1357,2382,6195,5532,268,246,149,914,55.9,27.2,28.6,1.4,14.7,5.3,9.4,24.4,21.8,1.1,1.0,0.6,3.6
E07000202,Ipswich,57298,32467,14723,17744,368,12371,8138,4233,11421,10742,78,493,108,671,56.7,25.7,31.0,0.6,21.6,14.2,7.4,19.9,18.7,0.1,0.9,0.2,1.2
E07000203,Mid Suffolk,40306,30262,15876,14386,343,4544,3280,1264,4515,3804,274,304,133,642,75.1,39.4,35.7,0.9,11.3,8.1,3.1,11.2,9.4,0.7,0.8,0.3,1.6
E07000204,St Edmundsbury,45802,30626,15437,15189,376,7321,2808,4513,6798,5892,315,375,216,681,66.9,33.7,33.2,0.8,16.0,6.1,9.9,14.8,12.9,0.7,0.8,0.5,1.5
E07000205,Suffolk Coastal,53558,39193,22774,16419,234,6066,521,5545,7267,6487,261,384,135,798,73.2,42.5,30.7,0.4,11.3,1.0,10.4,13.6,12.1,0.5,0.7,0.3,1.5
E07000206,Waveney,50883,35290,20503,14787,215,7148,4234,2914,7578,6920,89,511,58,652,69.4,40.3,29.1,0.4,14.0,8.3,5.7,14.9,13.6,0.2,1.0,0.1,1.3
E09000007,Camden,97534,31368,16644,14724,674,32295,22473,9822,31434,29706,282,981,465,1763,32.2,17.1,15.1,0.7,33.1,23.0,10.1,32.2,30.5,0.3,1.0,0.5,1.8
E09000001,City of London,4385,1855,1093,762,13,725,458,267,1573,1451,16,61,45,219,42.3,24.9,17.4,0.3,16.5,10.4,6.1,35.9,33.1,0.4,1.4,1.0,5.0
E09000012,Hackney,101690,24179,8597,15582,2374,44430,24163,20267,29449,28112,79,947,311,1258,23.8,8.5,15.3,2.3,43.7,23.8,19.9,29.0,27.6,0.1,0.9,0.3,1.2
E09000013,Hammersmith and Fulham,80590,27397,12777,14620,1257,25133,12683,12450,25555,24215,132,949,259,1248,34.0,15.9,18.1,1.6,31.2,15.7,15.4,31.7,30.0,0.2,1.2,0.3,1.5
E09000014,Haringey,101955,39603,16326,23277,1533,27242,17288,9954,32095,30924,109,737,325,1482,38.8,16.0,22.8,1.5,26.7,17.0,9.8,31.5,30.3,0.1,0.7,0.3,1.5
E09000019,Islington,93556,26564,10587,15977,1207,39342,25014,14328,25217,23954,99,852,312,1226,28.4,11.3,17.1,1.3,42.1,26.7,15.3,27.0,25.6,0.1,0.9,0.3,1.3
E09000020,Kensington and Chelsea,78536,28007,17933,10074,700,19271,7201,12070,28108,26676,318,724,390,2450,35.7,22.8,12.8,0.9,24.5,9.2,15.4,35.8,34.0,0.4,0.9,0.5,3.1
E09000022,Lambeth,130017,42885,14778,28107,1987,45619,25496,20123,38133,36023,248,1389,473,1393,33.0,11.4,21.6,1.5,35.1,19.6,15.5,29.3,27.7,0.2,1.1,0.4,1.1
E09000023,Lewisham,116091,49228,17273,31955,1436,36052,18084,17968,28216,26665,89,1139,323,1159,42.4,14.9,27.5,1.2,31.1,15.6,15.5,24.3,23.0,0.1,1.0,0.3,1.0
E09000025,Newham,101519,33822,12993,20829,1806,30092,18592,11500,34570,33118,98,871,483,1229,33.3,12.8,20.5,1.8,29.6,18.3,11.3,34.1,32.6,0.1,0.9,0.5,1.2
E09000028,Southwark,120422,35330,11805,23525,2453,52644,37628,15016,28493,26752,212,1132,397,1502,29.3,9.8,19.5,2.0,43.7,31.2,12.5,23.7,22.2,0.2,0.9,0.3,1.2
E09000030,Tower Hamlets,101257,24552,8648,15904,2383,40106,17548,22558,32964,31227,151,965,621,1252,24.2,8.5,15.7,2.4,39.6,17.3,22.3,32.6,30.8,0.1,1.0,0.6,1.2
E09000032,Wandsworth,130493,59393,24067,35326,1911,26516,16752,9764,41317,39171,284,1536,326,1356,45.5,18.4,27.1,1.5,20.3,12.8,7.5,31.7,30.0,0.2,1.2,0.2,1.0
E09000033,Westminster,105772,32287,18692,13595,885,27348,12543,14805,41949,39732,474,1071,672,3303,30.5,17.7,12.9,0.8,25.9,11.9,14.0,39.7,37.6,0.4,1.0,0.6,3.1
E09000002,Barking and Dagenham,69681,32324,11908,20416,906,23459,19782,3677,12328,11559,39,555,175,664,46.4,17.1,29.3,1.3,33.7,28.4,5.3,17.7,16.6,0.1,0.8,0.3,1.0
E09000003,Barnet,135916,78350,38105,40245,1191,19334,11664,7670,34854,33175,240,1073,366,2187,57.6,28.0,29.6,0.9,14.2,8.6,5.6,25.6,24.4,0.2,0.8,0.3,1.6
E09000004,Bexley,92604,67154,30127,37027,754,13377,1693,11684,10556,9721,42,688,105,763,72.5,32.5,40.0,0.8,14.4,1.8,12.6,11.4,10.5,0.0,0.7,0.1,0.8
E09000005,Brent,110286,47324,22416,24908,1636,26591,10686,15905,33181,31784,126,855,416,1554,42.9,20.3,22.6,1.5,24.1,9.7,14.4,30.1,28.8,0.1,0.8,0.4,1.4
E09000006,Bromley,130862,92785,43649,49136,1036,18425,1987,16438,17393,16229,163,826,175,1223,70.9,33.4,37.5,0.8,14.1,1.5,12.6,13.3,12.4,0.1,0.6,0.1,0.9
E09000008,Croydon,145010,85230,34882,50348,1855,25887,14362,11525,30472,28762,181,1212,317,1566,58.8,24.1,34.7,1.3,17.9,9.9,7.9,21.0,19.8,0.1,0.8,0.2,1.1
E09000009,Ealing,124082,63420,28414,35006,2174,22472,13007,9465,34182,32696,143,989,354,1834,51.1,22.9,28.2,1.8,18.1,10.5,7.6,27.5,26.4,0.1,0.8,0.3,1.5
E09000010,Enfield,119916,69462,31452,38010,1087,21073,13666,7407,26591,25395,128,785,283,1703,57.9,26.2,31.7,0.9,17.6,11.4,6.2,22.2,21.2,0.1,0.7,0.2,1.4
E09000011,Greenwich,101045,43719,16585,27134,1580,34662,22878,11784,20004,18678,217,772,337,1080,43.3,16.4,26.9,1.6,34.3,22.6,11.7,19.8,18.5,0.2,0.8,0.3,1.1
E09000015,Harrow,84268,55001,26246,28755,821,8923,5157,3766,18324,17165,210,681,268,1199,65.3,31.1,34.1,1.0,10.6,6.1,4.5,21.7,20.4,0.2,0.8,0.3,1.4
E09000016,Havering,97199,71698,34625,37073,586,13799,10464,3335,10337,9601,60,586,90,779,73.8,35.6,38.1,0.6,14.2,10.8,3.4,10.6,9.9,0.1,0.6,0.1,0.8
E09000017,Hillingdon,100214,63011,27921,35090,1280,16752,10481,6271,18141,16691,433,642,375,1030,62.9,27.9,35.0,1.3,16.7,10.5,6.3,18.1,16.7,0.4,0.6,0.4,1.0
E09000018,Hounslow,94902,47562,20048,27514,2245,21682,14296,7386,22206,21099,127,718,262,1207,50.1,21.1,29.0,2.4,22.8,15.1,7.8,23.4,22.2,0.1,0.8,0.3,1.3
E09000021,Kingston upon Thames,63639,40762,17727,23035,434,7502,5252,2250,14312,13391,172,525,224,629,64.1,27.9,36.2,0.7,11.8,8.3,3.5,22.5,21.0,0.3,0.8,0.4,1.0
E09000024,Merton,78757,46689,20160,26529,671,11102,2887,8215,19503,18478,97,749,179,792,59.3,25.6,33.7,0.9,14.1,3.7,10.4,24.8,23.5,0.1,1.0,0.2,1.0
E09000026,Redbridge,99105,62983,27911,35072,1003,11289,6269,5020,22657,21441,85,915,216,1173,63.6,28.2,35.4,1.0,11.4,6.3,5.1,22.9,21.6,0.1,0.9,0.2,1.2
E09000027,Richmond upon Thames,79835,50750,23756,26994,601,10051,2451,7600,17440,16410,176,643,211,993,63.6,29.8,33.8,0.8,12.6,3.1,9.5,21.8,20.6,0.2,0.8,0.3,1.2
E09000029,Sutton,78174,53152,22357,30795,611,11422,6421,5001,12429,11671,76,589,93,560,68.0,28.6,39.4,0.8,14.6,8.2,6.4,15.9,14.9,0.1,0.8,0.1,0.7
E09000031,Waltham Forest,96861,48361,19396,28965,1018,21376,10401,10975,25102,23919,104,780,299,1004,49.9,20.0,29.9,1.1,22.1,10.7,11.3,25.9,24.7,0.1,0.8,0.3,1.0
E06000036,Bracknell Forest UA,45878,31419,11420,19999,527,7678,2600,5078,5734,4874,298,384,178,520,68.5,24.9,43.6,1.1,16.7,5.7,11.1,12.5,10.6,0.6,0.8,0.4,1.1
E06000043,Brighton and Hove UA,121540,64790,28397,36393,1045,18187,11928,6259,35959,34081,131,1521,226,1559,53.3,23.4,29.9,0.9,15.0,9.8,5.1,29.6,28.0,0.1,1.3,0.2,1.3
E06000046,Isle of Wight UA,61085,42817,25091,17726,362,6523,598,5925,10639,9663,94,782,100,744,70.1,41.1,29.0,0.6,10.7,1.0,9.7,17.4,15.8,0.2,1.3,0.2,1.2
E06000035,Medway UA,106209,71853,30697,41156,1114,13996,4155,9841,18153,16627,287,913,326,1093,67.7,28.9,38.8,1.0,13.2,3.9,9.3,17.1,15.7,0.3,0.9,0.3,1.0
E06000042,Milton Keynes UA,98584,56913,21157,35756,5985,17763,10801,6962,17066,15930,101,875,160,857,57.7,21.5,36.3,6.1,18.0,11.0,7.1,17.3,16.2,0.1,0.9,0.2,0.9
E06000044,Portsmouth UA,85473,46897,20616,26281,825,15611,10001,5610,21098,19044,509,1135,410,1042,54.9,24.1,30.7,1.0,18.3,11.7,6.6,24.7,22.3,0.6,1.3,0.5,1.2
E06000038,Reading UA,62869,34479,14222,20257,1130,10242,6322,3920,16394,15517,91,605,181,624,54.8,22.6,32.2,1.8,16.3,10.1,6.2,26.1,24.7,0.1,1.0,0.3,1.0
E06000039,Slough UA,50766,26755,9502,17253,686,10476,6656,3820,12348,11713,73,445,117,501,52.7,18.7,34.0,1.4,20.6,13.1,7.5,24.3,23.1,0.1,0.9,0.2,1.0
E06000045,Southampton UA,98254,48873,21286,27587,1013,22867,16633,6234,24449,23007,87,1050,305,1052,49.7,21.7,28.1,1.0,23.3,16.9,6.3,24.9,23.4,0.1,1.1,0.3,1.1
E06000037,West Berkshire UA,62340,43435,19455,23980,695,8628,575,8053,8555,7457,457,428,213,1027,69.7,31.2,38.5,1.1,13.8,0.9,12.9,13.7,12.0,0.7,0.7,0.3,1.6
E06000040,Windsor and Maidenhead UA,58349,39676,19013,20663,358,7748,711,7037,9432,8099,580,375,378,1135,68.0,32.6,35.4,0.6,13.3,1.2,12.1,16.2,13.9,1.0,0.6,0.6,1.9
E06000041,Wokingham UA,60332,48103,21461,26642,679,4236,2845,1391,6755,6001,248,363,143,559,79.7,35.6,44.2,1.1,7.0,4.7,2.3,11.2,9.9,0.4,0.6,0.2,0.9
E07000004,Aylesbury Vale,69406,49702,21607,28095,600,8982,2333,6649,9234,8096,361,539,238,888,71.6,31.1,40.5,0.9,12.9,3.4,9.6,13.3,11.7,0.5,0.8,0.3,1.3
E07000005,Chiltern,36946,28418,15191,13227,257,4573,657,3916,3314,3039,88,140,47,384,76.9,41.1,35.8,0.7,12.4,1.8,10.6,9.0,8.2,0.2,0.4,0.1,1.0
E07000006,South Bucks,26514,19453,10099,9354,402,3266,261,3005,3011,2653,140,134,84,382,73.4,38.1,35.3,1.5,12.3,1.0,11.3,11.4,10.0,0.5,0.5,0.3,1.4
E07000007,Wycombe,67861,47279,21887,25392,687,8650,5792,2858,10316,8900,567,480,369,929,69.7,32.3,37.4,1.0,12.7,8.5,4.2,15.2,13.1,0.8,0.7,0.5,1.4
E07000061,Eastbourne,45012,27788,15071,12717,295,5953,3348,2605,10494,9747,160,465,122,482,61.7,33.5,28.3,0.7,13.2,7.4,5.8,23.3,21.7,0.4,1.0,0.3,1.1
E07000062,Hastings,41159,22706,11071,11635,193,5988,763,5225,11863,11191,72,499,101,409,55.2,26.9,28.3,0.5,14.5,1.9,12.7,28.8,27.2,0.2,1.2,0.2,1.0
E07000063,Lewes,42181,30648,16797,13851,285,4609,3196,1413,6108,5557,78,406,67,531,72.7,39.8,32.8,0.7,10.9,7.6,3.3,14.5,13.2,0.2,1.0,0.2,1.3
E07000064,Rother,40877,30060,18554,11506,219,4242,712,3530,5742,5190,120,360,72,614,73.5,45.4,28.1,0.5,10.4,1.7,8.6,14.0,12.7,0.3,0.9,0.2,1.5
E07000065,Wealden,62676,49355,26483,22872,503,4808,2956,1852,6973,6214,122,540,97,1037,78.7,42.3,36.5,0.8,7.7,4.7,3.0,11.1,9.9,0.2,0.9,0.2,1.7
E07000084,Basingstoke and Deane,69315,46936,19517,27419,958,12346,540,11806,8172,7473,165,460,74,903,67.7,28.2,39.6,1.4,17.8,0.8,17.0,11.8,10.8,0.2,0.7,0.1,1.3
E07000085,East Hampshire,47258,34919,17520,17399,431,5681,742,4939,5517,4636,337,349,195,710,73.9,37.1,36.8,0.9,12.0,1.6,10.5,11.7,9.8,0.7,0.7,0.4,1.5
E07000086,Eastleigh,52177,38362,17228,21134,552,6411,573,5838,6438,5864,42,479,53,414,73.5,33.0,40.5,1.1,12.3,1.1,11.2,12.3,11.2,0.1,0.9,0.1,0.8
E07000087,Fareham,46579,37460,18279,19181,277,3785,2370,1415,4645,3906,228,368,143,412,80.4,39.2,41.2,0.6,8.1,5.1,3.0,10.0,8.4,0.5,0.8,0.3,0.9
E07000088,Gosport,35430,23115,10413,12702,381,5815,3297,2518,5777,4506,568,382,321,342,65.2,29.4,35.9,1.1,16.4,9.3,7.1,16.3,12.7,1.6,1.1,0.9,1.0
E07000089,Hart,35510,27747,12610,15137,406,2718,215,2503,4286,3380,446,202,258,353,78.1,35.5,42.6,1.1,7.7,0.6,7.0,12.1,9.5,1.3,0.6,0.7,1.0
E07000090,Havant,51311,35387,18169,17218,281,10037,5300,4737,5087,4510,68,436,73,519,69.0,35.4,33.6,0.5,19.6,10.3,9.2,9.9,8.8,0.1,0.8,0.1,1.0
E07000091,New Forest,76839,57603,33430,24173,484,8440,5185,3255,9293,8153,330,617,193,1019,75.0,43.5,31.5,0.6,11.0,6.7,4.2,12.1,10.6,0.4,0.8,0.3,1.3
E07000092,Rushmoor,36344,23089,8434,14655,647,5927,771,5156,6379,4607,777,332,663,302,63.5,23.2,40.3,1.8,16.3,2.1,14.2,17.6,12.7,2.1,0.9,1.8,0.8
E07000093,Test Valley,47626,33501,16412,17089,311,6854,2115,4739,6128,4964,550,352,262,832,70.3,34.5,35.9,0.7,14.4,4.4,10.0,12.9,10.4,1.2,0.7,0.6,1.7
E07000094,Winchester,46865,31646,16385,15261,426,7243,4970,2273,6604,5617,402,348,237,946,67.5,35.0,32.6,0.9,15.5,10.6,4.9,14.1,12.0,0.9,0.7,0.5,2.0
E07000105,Ashford,47787,32685,15200,17485,638,6915,4702,2213,6849,6173,115,460,101,700,68.4,31.8,36.6,1.3,14.5,9.8,4.6,14.3,12.9,0.2,1.0,0.2,1.5
E07000106,Canterbury,60771,40107,21578,18529,500,7409,5039,2370,11876,10665,252,697,262,879,66.0,35.5,30.5,0.8,12.2,8.3,3.9,19.5,17.5,0.4,1.1,0.4,1.4
E07000107,Dartford,40081,26819,11012,15807,537,5947,4338,1609,6385,6003,41,291,50,393,66.9,27.5,39.4,1.3,14.8,10.8,4.0,15.9,15.0,0.1,0.7,0.1,1.0
E07000108,Dover,48310,32142,17034,15108,245,6864,4277,2587,8254,7394,160,526,174,805,66.5,35.3,31.3,0.5,14.2,8.9,5.4,17.1,15.3,0.3,1.1,0.4,1.7
E07000109,Gravesham,40431,26099,12408,13691,305,7008,5628,1380,6524,6108,44,302,70,495,64.6,30.7,33.9,0.8,17.3,13.9,3.4,16.1,15.1,0.1,0.7,0.2,1.2
E07000110,Maidstone,63447,44700,20885,23815,671,8066,1495,6571,9256,8264,232,556,204,754,70.5,32.9,37.5,1.1,12.7,2.4,10.4,14.6,13.0,0.4,0.9,0.3,1.2
E07000111,Sevenoaks,47020,34200,17642,16558,798,6218,800,5418,5057,4547,167,253,90,747,72.7,37.5,35.2,1.7,13.2,1.7,11.5,10.8,9.7,0.4,0.5,0.2,1.6
E07000112,Shepway,47379,30715,16744,13971,214,5311,3284,2027,10520,9557,184,549,230,619,64.8,35.3,29.5,0.5,11.2,6.9,4.3,22.2,20.2,0.4,1.2,0.5,1.3
E07000113,Swale,55585,37951,17444,20507,569,7942,1216,6726,8446,7735,96,515,100,677,68.3,31.4,36.9,1.0,14.3,2.2,12.1,15.2,13.9,0.2,0.9,0.2,1.2
E07000114,Thanet,59513,36907,19903,17004,206,7537,3019,4518,14151,13072,167,777,135,712,62.0,33.4,28.6,0.3,12.7,5.1,7.6,23.8,22.0,0.3,1.3,0.2,1.2
E07000115,Tonbridge and Malling,48140,34246,15677,18569,717,7762,930,6832,4869,4320,167,299,83,546,71.1,32.6,38.6,1.5,16.1,1.9,14.2,10.1,9.0,0.3,0.6,0.2,1.1
E07000116,Tunbridge Wells,47174,30999,15111,15888,376,7148,566,6582,7995,7412,142,367,74,656,65.7,32.0,33.7,0.8,15.2,1.2,14.0,16.9,15.7,0.3,0.8,0.2,1.4
E07000177,Cherwell,56728,39303,17512,21791,443,6872,1453,5419,9206,8304,233,469,200,904,69.3,30.9,38.4,0.8,12.1,2.6,9.6,16.2,14.6,0.4,0.8,0.4,1.6
E07000178,Oxford,55375,25873,13277,12596,959,11828,7513,4315,15634,14458,277,524,375,1081,46.7,24.0,22.7,1.7,21.4,13.6,7.8,28.2,26.1,0.5,0.9,0.7,2.0
E07000179,South Oxfordshire,54104,39461,20113,19348,459,6163,854,5309,7211,5999,541,354,317,810,72.9,37.2,35.8,0.8,11.4,1.6,9.8,13.3,11.1,1.0,0.7,0.6,1.5
E07000180,Vale of White Horse,49407,34750,17704,17046,514,6583,1230,5353,6733,5423,625,304,381,827,70.3,35.8,34.5,1.0,13.3,2.5,10.8,13.6,11.0,1.3,0.6,0.8,1.7
E07000181,West Oxfordshire,43241,30141,14915,15226,548,5387,738,4649,6423,5108,628,336,351,742,69.7,34.5,35.2,1.3,12.5,1.7,10.8,14.9,11.8,1.5,0.8,0.8,1.7
E07000207,Elmbridge,52922,38660,18119,20541,393,5218,1124,4094,8006,7478,129,328,71,645,73.1,34.2,38.8,0.7,9.9,2.1,7.7,15.1,14.1,0.2,0.6,0.1,1.2
E07000208,Epsom and Ewell,29784,22931,10969,11962,257,2390,166,2224,3962,3628,91,209,34,244,77.0,36.8,40.2,0.9,8.0,0.6,7.5,13.3,12.2,0.3,0.7,0.1,0.8
E07000209,Guildford,53973,37148,18204,18944,702,6908,4928,1980,8522,7426,399,351,346,693,68.8,33.7,35.1,1.3,12.8,9.1,3.7,15.8,13.8,0.7,0.7,0.6,1.3
E07000210,Mole Valley,35828,26362,14011,12351,331,4373,531,3842,4270,3795,143,244,88,492,73.6,39.1,34.5,0.9,12.2,1.5,10.7,11.9,10.6,0.4,0.7,0.2,1.4
E07000211,Reigate and Banstead,55423,40486,18393,22093,673,6605,1345,5260,7169,6653,81,357,78,490,73.0,33.2,39.9,1.2,11.9,2.4,9.5,12.9,12.0,0.1,0.6,0.1,0.9
E07000212,Runnymede,32714,22731,10827,11904,326,4210,2897,1313,4974,4492,173,195,114,473,69.5,33.1,36.4,1.0,12.9,8.9,4.0,15.2,13.7,0.5,0.6,0.3,1.4
E07000213,Spelthorne,39512,28671,13403,15268,540,4911,636,4275,5004,4633,79,245,47,386,72.6,33.9,38.6,1.4,12.4,1.6,10.8,12.7,11.7,0.2,0.6,0.1,1.0
E07000214,Surrey Heath,33546,25769,11668,14101,269,3089,394,2695,4073,3420,309,173,171,346,76.8,34.8,42.0,0.8,9.2,1.2,8.0,12.1,10.2,0.9,0.5,0.5,1.0
E07000215,Tandridge,33342,25302,12074,13228,313,3610,2567,1043,3666,3236,158,211,61,451,75.9,36.2,39.7,0.9,10.8,7.7,3.1,11.0,9.7,0.5,0.6,0.2,1.4
E07000216,Waverley,49280,36295,18572,17723,491,6068,4662,1406,5577,4966,231,290,90,849,73.7,37.7,36.0,1.0,12.3,9.5,2.9,11.3,10.1,0.5,0.6,0.2,1.7
E07000217,Woking,39467,27829,12479,15350,368,4704,3308,1396,6186,5745,105,258,78,380,70.5,31.6,38.9,0.9,11.9,8.4,3.5,15.7,14.6,0.3,0.7,0.2,1.0
E07000223,Adur,26957,19883,10191,9692,154,3523,2652,871,3079,2762,29,266,22,318,73.8,37.8,36.0,0.6,13.1,9.8,3.2,11.4,10.2,0.1,1.0,0.1,1.2
E07000224,Arun,66706,49254,28581,20673,566,5886,3225,2661,10211,9427,95,579,110,789,73.8,42.8,31.0,0.8,8.8,4.8,4.0,15.3,14.1,0.1,0.9,0.2,1.2
E07000225,Chichester,49848,33481,20210,13271,455,7407,1084,6323,7423,6356,403,397,267,1082,67.2,40.5,26.6,0.9,14.9,2.2,12.7,14.9,12.8,0.8,0.8,0.5,2.2
E07000226,Crawley,42727,25228,9480,15748,588,10194,7954,2240,6214,5789,43,319,63,503,59.0,22.2,36.9,1.4,23.9,18.6,5.2,14.5,13.5,0.1,0.7,0.1,1.2
E07000227,Horsham,54923,40926,20486,20440,363,6347,672,5675,6480,5772,222,387,99,807,74.5,37.3,37.2,0.7,11.6,1.2,10.3,11.8,10.5,0.4,0.7,0.2,1.5
E07000228,Mid Sussex,57409,42658,20408,22250,561,6092,295,5797,7322,6719,149,375,79,776,74.3,35.5,38.8,1.0,10.6,0.5,10.1,12.8,11.7,0.3,0.7,0.1,1.4
E07000229,Worthing,47044,32621,16373,16248,217,4695,988,3707,9102,8424,65,514,99,409,69.3,34.8,34.5,0.5,10.0,2.1,7.9,19.3,17.9,0.1,1.1,0.2,0.9
E06000022,Bath and North East Somerset UA,73515,49068,25827,23241,368,10614,2528,8086,12447,11408,128,735,176,1018,66.7,35.1,31.6,0.5,14.4,3.4,11.0,16.9,15.5,0.2,1.0,0.2,1.4
E06000028,Bournemouth UA,82374,47057,22820,24237,569,9206,4895,4311,24685,23234,138,1100,213,857,57.1,27.7,29.4,0.7,11.2,5.9,5.2,30.0,28.2,0.2,1.3,0.3,1.0
E06000023,"Bristol, City of UA",182747,98708,44928,53780,1385,37083,26494,10589,43028,40401,232,1984,411,2543,54.0,24.6,29.4,0.8,20.3,14.5,5.8,23.5,22.1,0.1,1.1,0.2,1.4
E06000052,Cornwall UA,230389,158524,92113,66411,1757,27655,12833,14822,38605,33938,815,3185,667,3848,68.8,40.0,28.8,0.8,12.0,5.6,6.4,16.8,14.7,0.4,1.4,0.3,1.7
E06000053,Isles of Scilly UA,989,412,313,99,8,179,121,58,294,204,36,13,41,96,41.7,31.6,10.0,0.8,18.1,12.2,5.9,29.7,20.6,3.6,1.3,4.1,9.7
E06000024,North Somerset UA,88227,64365,32474,31891,542,8103,3104,4999,14270,13058,129,958,125,947,73.0,36.8,36.1,0.6,9.2,3.5,5.7,16.2,14.8,0.1,1.1,0.1,1.1
E06000026,Plymouth UA,109307,64157,29763,34394,841,21095,9403,11692,22026,19431,687,1315,593,1188,58.7,27.2,31.5,0.8,19.3,8.6,10.7,20.2,17.8,0.6,1.2,0.5,1.1
E06000029,Poole UA,63530,44702,22719,21983,557,7324,4143,3181,10275,9293,210,643,129,672,70.4,35.8,34.6,0.9,11.5,6.5,5.0,16.2,14.6,0.3,1.0,0.2,1.1
E06000025,South Gloucestershire UA,107538,80586,37050,43536,497,10633,2063,8570,14600,13124,233,1039,204,1222,74.9,34.5,40.5,0.5,9.9,1.9,8.0,13.6,12.2,0.2,1.0,0.2,1.1
E06000030,Swindon UA,88360,57902,22749,35153,1118,14382,10269,4113,14169,13020,135,861,153,789,65.5,25.7,39.8,1.3,16.3,11.6,4.7,16.0,14.7,0.2,1.0,0.2,0.9
E06000027,Torbay UA,59010,39424,21503,17921,554,4762,505,4257,13696,12647,65,879,105,574,66.8,36.4,30.4,0.9,8.1,0.9,7.2,23.2,21.4,0.1,1.5,0.2,1.0
E06000054,Wiltshire UA,194194,131083,65734,65349,1463,28591,7604,20987,29968,22903,3295,1550,2220,3089,67.5,33.8,33.7,0.8,14.7,3.9,10.8,15.4,11.8,1.7,0.8,1.1,1.6
E07000040,East Devon,59071,44283,27837,16446,319,5515,3915,1600,8041,7034,215,631,161,913,75.0,47.1,27.8,0.5,9.3,6.6,2.7,13.6,11.9,0.4,1.1,0.3,1.5
E07000041,Exeter,49242,29443,14809,14634,470,8386,4769,3617,10336,9633,87,534,82,607,59.8,30.1,29.7,1.0,17.0,9.7,7.3,21.0,19.6,0.2,1.1,0.2,1.2
E07000042,Mid Devon,32758,22626,12206,10420,305,4135,2843,1292,5091,4605,108,324,54,601,69.1,37.3,31.8,0.9,12.6,8.7,3.9,15.5,14.1,0.3,1.0,0.2,1.8
E07000043,North Devon,40001,27383,15638,11745,271,4316,971,3345,7341,6377,261,508,195,690,68.5,39.1,29.4,0.7,10.8,2.4,8.4,18.4,15.9,0.7,1.3,0.5,1.7
E07000044,South Hams,36858,26440,15775,10665,400,4195,642,3553,5259,4638,106,424,91,564,71.7,42.8,28.9,1.1,11.4,1.7,9.6,14.3,12.6,0.3,1.2,0.2,1.5
E07000045,Teignbridge,54003,39678,22015,17663,495,4813,1169,3644,8358,7526,107,636,89,659,73.5,40.8,32.7,0.9,8.9,2.2,6.7,15.5,13.9,0.2,1.2,0.2,1.2
E07000046,Torridge,27986,19998,11998,8000,197,2524,542,1982,4746,4275,69,363,39,521,71.5,42.9,28.6,0.7,9.0,1.9,7.1,17.0,15.3,0.2,1.3,0.1,1.9
E07000047,West Devon,22725,16630,10003,6627,148,2158,582,1576,3409,3025,64,264,56,380,73.2,44.0,29.2,0.7,9.5,2.6,6.9,15.0,13.3,0.3,1.2,0.2,1.7
E07000048,Christchurch,21475,15967,9814,6153,182,2784,200,2584,2321,2115,25,164,17,221,74.4,45.7,28.7,0.8,13.0,0.9,12.0,10.8,9.8,0.1,0.8,0.1,1.0
E07000049,East Dorset,37564,30371,18017,12354,111,3120,292,2828,3471,3028,112,228,103,491,80.9,48.0,32.9,0.3,8.3,0.8,7.5,9.2,8.1,0.3,0.6,0.3,1.3
E07000050,North Dorset,28670,20002,11286,8716,217,3865,282,3583,4094,3247,390,246,211,492,69.8,39.4,30.4,0.8,13.5,1.0,12.5,14.3,11.3,1.4,0.9,0.7,1.7
E07000051,Purbeck,19583,13613,8306,5307,165,2446,444,2002,3005,2391,287,180,147,354,69.5,42.4,27.1,0.8,12.5,2.3,10.2,15.3,12.2,1.5,0.9,0.8,1.8
E07000052,West Dorset,44386,30823,19563,11260,370,6159,367,5792,6093,5419,211,369,94,941,69.4,44.1,25.4,0.8,13.9,0.8,13.0,13.7,12.2,0.5,0.8,0.2,2.1
E07000053,Weymouth and Portland,28535,19061,10421,8640,161,3894,1293,2601,5073,4651,38,327,57,346,66.8,36.5,30.3,0.6,13.6,4.5,9.1,17.8,16.3,0.1,1.1,0.2,1.2
E07000078,Cheltenham,50929,32879,16363,16516,360,6227,4091,2136,10925,10260,51,534,80,538,64.6,32.1,32.4,0.7,12.2,8.0,4.2,21.5,20.1,0.1,1.0,0.2,1.1
E07000079,Cotswold,36236,23803,13691,10112,441,5388,623,4765,5518,4767,305,289,157,1086,65.7,37.8,27.9,1.2,14.9,1.7,13.1,15.2,13.2,0.8,0.8,0.4,3.0
E07000080,Forest of Dean,34167,25371,13966,11405,186,4237,773,3464,3835,3261,127,326,121,538,74.3,40.9,33.4,0.5,12.4,2.3,10.1,11.2,9.5,0.4,1.0,0.4,1.6
E07000081,Gloucester,50363,33858,14729,19129,557,6714,3921,2793,8755,8012,107,525,111,479,67.2,29.2,38.0,1.1,13.3,7.8,5.5,17.4,15.9,0.2,1.0,0.2,1.0
E07000082,Stroud,47794,34988,18187,16801,285,6097,4823,1274,5791,5288,84,353,66,633,73.2,38.1,35.2,0.6,12.8,10.1,2.7,12.1,11.1,0.2,0.7,0.1,1.3
E07000083,Tewkesbury,35126,25844,13391,12453,330,4190,727,3463,4351,3611,256,298,186,411,73.6,38.1,35.5,0.9,11.9,2.1,9.9,12.4,10.3,0.7,0.8,0.5,1.2
E07000187,Mendip,46157,32438,17387,15051,349,5473,1320,4153,7136,6449,115,503,69,761,70.3,37.7,32.6,0.8,11.9,2.9,9.0,15.5,14.0,0.2,1.1,0.1,1.6
E07000188,Sedgemoor,48801,34802,18320,16482,273,5951,3670,2281,7113,6380,93,556,84,662,71.3,37.5,33.8,0.6,12.2,7.5,4.7,14.6,13.1,0.2,1.1,0.2,1.4
E07000189,South Somerset,69501,48855,26718,22137,542,9697,2811,6886,9272,7881,398,721,272,1135,70.3,38.4,31.9,0.8,14.0,4.0,9.9,13.3,11.3,0.6,1.0,0.4,1.6
E07000190,Taunton Deane,46907,31393,16329,15064,251,7321,5439,1882,7227,6506,126,458,137,715,66.9,34.8,32.1,0.5,15.6,11.6,4.0,15.4,13.9,0.3,1.0,0.3,1.5
E07000191,West Somerset,15623,10421,7024,3397,72,2288,181,2107,2510,2189,69,183,69,332,66.7,45.0,21.7,0.5,14.6,1.2,13.5,16.1,14.0,0.4,1.2,0.4,2.1
W06000001,Isle of Anglesey,30594,20971,12444,8527,63,4487,3899,588,4324,3699,104,410,111,749,68.5,40.7,27.9,0.2,14.7,12.7,1.9,14.1,12.1,0.3,1.3,0.4,2.4
W06000002,Gwynedd,52473,34324,21168,13156,171,8561,4385,4176,8060,6978,134,775,173,1357,65.4,40.3,25.1,0.3,16.3,8.4,8.0,15.4,13.3,0.3,1.5,0.3,2.6
W06000003,Conwy,51177,35501,20409,15092,378,5946,2592,3354,8534,7729,67,624,114,818,69.4,39.9,29.5,0.7,11.6,5.1,6.6,16.7,15.1,0.1,1.2,0.2,1.6
W06000004,Denbighshire,40546,27792,14937,12855,267,5325,3283,2042,6446,5798,83,502,63,716,68.5,36.8,31.7,0.7,13.1,8.1,5.0,15.9,14.3,0.2,1.2,0.2,1.8
W06000005,Flintshire,63781,46451,22397,24054,340,9651,7209,2442,6729,5914,53,676,86,610,72.8,35.1,37.7,0.5,15.1,11.3,3.8,10.6,9.3,0.1,1.1,0.1,1.0
W06000006,Wrexham,57029,36272,17364,18908,211,12803,10942,1861,6775,6062,70,568,75,968,63.6,30.4,33.2,0.4,22.4,19.2,3.3,11.9,10.6,0.1,1.0,0.1,1.7
W06000023,Powys,58345,40090,25626,14464,179,8161,5371,2790,8638,7522,207,742,167,1277,68.7,43.9,24.8,0.3,14.0,9.2,4.8,14.8,12.9,0.4,1.3,0.3,2.2
W06000008,Ceredigion,31562,21323,13821,7502,110,3196,1008,2188,6275,5653,62,409,151,658,67.6,43.8,23.8,0.3,10.1,3.2,6.9,19.9,17.9,0.2,1.3,0.5,2.1
W06000009,Pembrokeshire,53122,36558,22307,14251,140,8312,5822,2490,7188,6180,196,682,130,924,68.8,42.0,26.8,0.3,15.6,11.0,4.7,13.5,11.6,0.4,1.3,0.2,1.7
W06000010,Carmarthenshire,78829,56326,32648,23678,178,11672,8833,2839,9301,8196,98,851,156,1352,71.5,41.4,30.0,0.2,14.8,11.2,3.6,11.8,10.4,0.1,1.1,0.2,1.7
W06000011,Swansea,103497,66259,34576,31683,308,19878,13104,6774,15260,13688,89,1245,238,1792,64.0,33.4,30.6,0.3,19.2,12.7,6.5,14.7,13.2,0.1,1.2,0.2,1.7
W06000012,Neath Port Talbot,60393,41479,21976,19503,111,11545,7496,4049,6186,5404,41,655,86,1072,68.7,36.4,32.3,0.2,19.1,12.4,6.7,10.2,8.9,0.1,1.1,0.1,1.8
W06000013,Bridgend ,58515,42348,20459,21889,143,8099,2332,5767,7188,6310,54,713,111,737,72.4,35.0,37.4,0.2,13.8,4.0,9.9,12.3,10.8,0.1,1.2,0.2,1.3
W06000014,The Vale of Glamorgan,53505,38647,18954,19693,125,6354,4025,2329,7813,6780,226,630,177,566,72.2,35.4,36.8,0.2,11.9,7.5,4.4,14.6,12.7,0.4,1.2,0.3,1.1
W06000015,Cardiff,142557,84262,37788,46474,639,24374,13547,10827,31220,28972,145,1717,386,2062,59.1,26.5,32.6,0.4,17.1,9.5,7.6,21.9,20.3,0.1,1.2,0.3,1.4
W06000016,Rhondda Cynon Taf,99663,70760,36338,34422,150,13673,6836,6837,13604,12334,45,1088,137,1476,71.0,36.5,34.5,0.2,13.7,6.9,6.9,13.7,12.4,0.0,1.1,0.1,1.5
W06000024,Merthyr Tydfil,24264,15843,8277,7566,42,5118,2379,2739,2809,2500,25,232,52,452,65.3,34.1,31.2,0.2,21.1,9.8,11.3,11.6,10.3,0.1,1.0,0.2,1.9
W06000018,Caerphilly,74479,51632,24188,27444,216,13962,10464,3498,7995,7178,32,712,73,674,69.3,32.5,36.8,0.3,18.7,14.0,4.7,10.7,9.6,0.0,1.0,0.1,0.9
W06000019,Blaenau Gwent,30416,18884,10019,8865,40,7284,3364,3920,3892,3480,19,303,90,316,62.1,32.9,29.1,0.1,23.9,11.1,12.9,12.8,11.4,0.1,1.0,0.3,1.0
W06000020,Torfaen,38524,25518,12176,13342,199,9100,3840,5260,3315,2894,16,331,74,392,66.2,31.6,34.6,0.5,23.6,10.0,13.7,8.6,7.5,0.0,0.9,0.2,1.0
W06000021,Monmouthshire,38233,28142,15269,12873,141,5288,1590,3698,4130,3651,68,347,64,532,73.6,39.9,33.7,0.4,13.8,4.2,9.7,10.8,9.5,0.2,0.9,0.2,1.4
W06000022,Newport,61172,39272,18229,21043,325,12122,5981,6141,8572,7870,54,510,138,881,64.2,29.8,34.4,0.5,19.8,9.8,10.0,14.0,12.9,0.1,0.8,0.2,1.4
