Table QS405EW,,,,,,,,,,,,,,,,,
"2011 Census: Tenure - Households, local authorities in England and Wales",,,,,,,,,,,,,,,,,
,,,,,,,,,,,,,,,,,
England and Wales,,,,,,,,,,,,,,,,,
"Constituent Countries; Regions, counties, London boroughs, unitary",,,,,,,,,,,,,,,,,
authorities and districts in England; unitary authorities in Wales,,,,,,,,,,,,,,,,,
,,,,,,,,,,,,,,,,,
All households,,,,,,,,,,,,,,,,,
,,,,,,,,,,,,,,,,,
,,,,,,,,,,,,,,,,,
Area code,Area name,,,All categories: Tenure,Owned: Total,Owned: Owned outright,Owned: Owned with a mortgage or loan,Shared ownership (part owned and part rented),Social rented: Total,Social rented: Rented from council (Local Authority),Social rented: Other social rented,Private rented: Total,Private rented: Private landlord or letting agency,Private rented: Employer of a household member,Private rented: Relative or friend of household member,Private rented: Other,Living rent free
,,,,Households,Households,Households,Households,Households,Households,Households,Households,Households,Households,Households,Households,Households,Households
,,,,Number,Number,Number,Number,Number,Number,Number,Number,Number,Number,Number,Number,Number,Number
,,,,,,,,,,,,,,,,,
K04000001,ENGLAND AND WALES,,,"23,366,044","14,853,678","7,206,954","7,646,724","178,236","4,118,461","2,208,080","1,910,381","3,900,178","3,566,467","57,099","214,150","62,462","315,491"
,,,,,,,,,,,,,,,,,
E92000001,ENGLAND,,,"22,063,368","13,975,024","6,745,584","7,229,440","173,760","3,903,550","2,079,778","1,823,772","3,715,924","3,401,675","55,211","199,428","59,610","295,110"
,,,,,,,,,,,,,,,,,
E12000001,NORTH EAST,,,"1,129,935","698,595","323,084","375,511","4,098","259,506","167,593","91,913","154,426","139,624","1,320","11,039","2,443","13,310"
, ,,,,,,,,,,,,,,,,
E06000047,,County Durham UA,,"223,803","147,347","69,435","77,912",488,"45,004","28,559","16,445","28,142","25,498",185,"2,121",338,"2,822"
E06000005,,Darlington UA,,"46,670","30,289","13,810","16,479",178,"7,228","5,238","1,990","8,513","7,758",112,546,97,462
E06000001,,Hartlepool UA,,"40,434","24,194","11,090","13,104",200,"9,515","4,016","5,499","5,971","5,525",26,349,71,554
E06000002,,Middlesbrough UA,,"57,203","32,723","15,200","17,523",336,"13,654","6,049","7,605","9,509","8,648",98,570,193,981
E06000048,,Northumberland UA,,"138,534","91,207","46,086","45,121",510,"25,841","14,820","11,021","18,417","16,225",434,"1,388",370,"2,559"
E06000003,,Redcar and Cleveland UA,,"59,605","39,705","19,806","19,899",256,"11,568","5,999","5,569","7,434","6,698",55,578,103,642
E06000004,,Stockton-on-Tees UA,,"79,159","54,225","23,285","30,940",255,"13,625","7,285","6,340","10,387","9,417",41,788,141,667
,,,,,,,,,,,,,,,,,
E11000004,,Tyne and Wear (Met County),,"484,527","278,905","124,372","154,533","1,875","133,071","95,627","37,444","66,053","59,855",369,"4,699","1,130","4,623"
E08000020,,,Gateshead,"89,154","51,915","23,081","28,834",363,"24,941","19,985","4,956","11,125","10,130",47,844,104,810
E08000021,,,Newcastle upon Tyne,"117,153","57,955","26,258","31,697",489,"34,850","27,340","7,510","22,318","20,462",113,"1,236",507,"1,541"
E08000022,,,North Tyneside,"91,295","59,136","25,611","33,525",374,"19,677","14,610","5,067","11,300","10,146",77,969,108,808
E08000023,,,South Tyneside,"67,167","38,333","17,003","21,330",297,"21,204","16,967","4,237","6,758","6,040",41,597,80,575
E08000024,,,Sunderland,"119,758","71,566","32,419","39,147",352,"32,399","16,725","15,674","14,552","13,077",91,"1,053",331,889
,,,,,,,,,,,,,,,,,
E12000002,NORTH WEST ,,,"3,009,549","1,941,564","934,101","1,007,463","15,787","550,481","231,730","318,751","462,899","424,667","3,127","28,622","6,483","38,818"
,,,,,,,,,,,,,,,,,
E06000008,,Blackburn with Darwen UA,,"57,353","36,793","18,039","18,754",290,"10,391","3,228","7,163","8,993","8,113",72,618,190,886
E06000009,,Blackpool UA,,"64,367","39,650","19,318","20,332",239,"6,999","4,823","2,176","16,770","15,549",62,"1,062",97,709
E06000049,,Cheshire East UA,,"159,441","118,766","59,846","58,920",779,"18,141","4,285","13,856","19,938","18,244",223,"1,200",271,"1,817"
E06000050,,Cheshire West and Chester UA,,"141,442","100,105","49,129","50,976","1,088","20,808","10,482","10,326","17,734","16,021",313,"1,100",300,"1,707"
E06000006,,Halton UA,,"53,312","33,796","14,436","19,360",322,"13,441","2,502","10,939","5,212","4,752",14,376,70,541
E06000007,,Warrington UA,,"85,140","60,915","27,206","33,709",637,"13,318","6,147","7,171","9,549","8,683",52,718,96,721
,,,,,,,,,,,,,,,,,
E10000006,,Cumbria ,,"222,042","157,050","87,019","70,031","1,106","31,778","10,761","21,017","28,481","25,183",551,"2,305",442,"3,627"
E07000026,,,Allerdale,"42,345","29,217","16,686","12,531",200,"8,088","1,123","6,965","4,142","3,595",68,397,82,698
E07000027,,,Barrow-in-Furness,"31,224","22,938","11,423","11,515",36,"3,454","2,704",750,"4,442","4,005",49,332,56,354
E07000028,,,Carlisle,"48,342","32,999","16,754","16,245",332,"7,394","1,283","6,111","6,914","6,221",104,493,96,703
E07000029,,,Copeland,"30,536","21,671","11,315","10,356",96,"5,668","2,172","3,496","2,665","2,315",51,243,56,436
E07000030,,,Eden,"23,043","16,258","10,048","6,210",211,"2,321",307,"2,014","3,685","3,216",103,310,56,568
E07000031,,,South Lakeland,"46,552","33,967","20,793","13,174",231,"4,853","3,172","1,681","6,633","5,831",176,530,96,868
,,,,,,,,,,,,,,,,,
E11000001,,Greater Manchester (Met County),,"1,128,066","678,367","307,709","370,658","5,730","247,540","134,369","113,171","181,095","167,567",729,"10,537","2,262","15,334"
E08000001,,,Bolton,"116,371","74,170","35,378","38,792",605,"23,825","16,575","7,250","15,930","14,555",73,"1,094",208,"1,841"
E08000002,,,Bury,"78,113","54,395","24,839","29,556",247,"11,703","7,314","4,389","10,774","9,859",44,780,91,994
E08000003,,,Manchester,"204,969","77,395","31,145","46,250","1,481","64,682","27,585","37,097","58,170","55,043",167,"2,153",807,"3,241"
E08000004,,,Oldham ,"89,703","58,259","27,193","31,066",352,"18,918","8,708","10,210","10,944","9,676",57,"1,018",193,"1,230"
E08000005,,,Rochdale,"87,552","54,149","24,334","29,815",340,"20,247","13,671","6,576","11,556","10,511",51,864,130,"1,260"
E08000006,,,Salford,"103,556","52,126","22,603","29,523",508,"29,819","18,461","11,358","19,420","18,224",81,872,243,"1,683"
E08000007,,,Stockport,"121,979","89,316","42,761","46,555",987,"16,620","10,577","6,043","13,852","12,631",80,"1,001",140,"1,204"
E08000008,,,Tameside,"94,953","60,558","26,688","33,870",309,"20,438","4,953","15,485","12,573","11,345",63,960,205,"1,075"
E08000009,,,Trafford,"94,484","65,440","30,322","35,118",570,"15,485","4,373","11,112","12,001","11,173",52,656,120,988
E08000010,,,Wigan,"136,386","92,559","42,446","50,113",331,"25,803","22,152","3,651","15,875","14,550",61,"1,139",125,"1,818"
,,,,,,,,,,,,,,,,,
E10000017,,Lancashire ,,"496,299","352,347","177,209","175,138","2,382","60,258","21,019","39,239","75,042","67,911",697,"5,517",917,"6,270"
E07000117,,,Burnley,"37,550","24,408","11,815","12,593",79,"5,281","1,418","3,863","7,267","6,664",34,493,76,515
E07000118,,,Chorley,"44,919","33,783","15,906","17,877",283,"5,843","1,376","4,467","4,587","4,066",32,414,75,423
E07000119,,,Fylde,"34,885","25,622","14,214","11,408",135,"2,607",499,"2,108","6,066","5,411",127,417,111,455
E07000120,,,Hyndburn,"34,341","23,238","11,464","11,774",84,"4,389","1,367","3,022","6,235","5,711",13,463,48,395
E07000121,,,Lancaster,"57,822","39,999","20,890","19,109",367,"5,762","3,629","2,133","10,929","9,915",87,796,131,765
E07000122,,,Pendle,"37,348","25,580","13,435","12,145",73,"4,333","2,104","2,229","6,760","6,192",29,486,53,602
E07000123,,,Preston,"57,567","34,909","16,355","18,554",397,"11,061","2,259","8,802","10,365","9,540",84,598,143,835
E07000124,,,Ribble Valley,"24,045","18,423","10,086","8,337",145,"1,836",365,"1,471","3,278","2,830",109,274,65,363
E07000125,,,Rossendale,"29,058","20,250","9,160","11,090",87,"4,244","1,416","2,828","4,106","3,683",20,361,42,371
E07000126,,,South Ribble,"46,102","36,337","17,189","19,148",215,"4,845",353,"4,492","4,308","3,845",43,369,51,397
E07000127,,,West Lancashire,"45,381","33,122","16,272","16,850",271,"6,656","5,711",945,"4,744","4,263",48,371,62,588
E07000128,,,Wyre,"47,281","36,676","20,423","16,253",246,"3,401",522,"2,879","6,397","5,791",71,475,60,561
,,,,,,,,,,,,,,,,,
E11000002,,Merseyside (Met County),,"602,087","363,775","174,190","189,585","3,214","127,807","34,114","93,693","100,085","92,644",414,"5,189","1,838","7,206"
E08000011,,,Knowsley ,"61,323","37,896","16,032","21,864",314,"16,333","7,479","8,854","5,980","5,488",17,405,70,800
E08000012,,,Liverpool,"206,515","96,947","43,803","53,144","1,096","57,485","9,868","47,617","48,290","44,912",194,"1,879","1,305","2,697"
E08000014,,,Sefton,"117,930","83,137","42,334","40,803",664,"17,063","4,911","12,152","15,804","14,552",86,"1,019",147,"1,262"
E08000013,,,St. Helens,"75,736","50,952","25,215","25,737",427,"15,597","4,590","11,007","7,736","7,056",35,535,110,"1,024"
E08000015,,,Wirral,"140,583","94,843","46,806","48,037",713,"21,329","7,266","14,063","22,275","20,636",82,"1,351",206,"1,423"
,,,,,,,,,,,,,,,,,
E12000003,YORKSHIRE AND THE HUMBER,,,"2,224,059","1,425,563","681,492","744,071","9,637","402,653","272,875","129,778","353,448","321,142","4,438","21,957","5,911","32,758"
,,,,,,,,,,,,,,,,,
E06000011,,East Riding of Yorkshire UA,,"143,032","107,706","56,140","51,566",433,"13,028","10,453","2,575","19,648","17,760",298,"1,336",254,"2,217"
E06000010,,"Kingston upon Hull, City of UA",,"112,596","55,785","22,355","33,430",505,"31,634","23,838","7,796","22,984","21,414",63,"1,125",382,"1,688"
E06000012,,North East Lincolnshire UA,,"69,707","46,070","21,497","24,573",213,"10,091","3,293","6,798","12,627","11,594",106,792,135,706
E06000013,,North Lincolnshire UA,,"70,684","49,137","23,355","25,782",179,"10,895","4,852","6,043","9,477","8,493",169,692,123,996
E06000014,,York UA,,"83,552","55,227","28,351","26,876",631,"11,679","7,381","4,298","14,980","13,687",245,753,295,"1,035"
,,,,,,,,,,,,,,,,,
E10000023,,North Yorkshire ,,"256,594","178,684","98,525","80,159","1,357","28,647","10,267","18,380","43,051","36,786","2,232","2,523","1,510","4,855"
E07000163,,,Craven,"24,583","17,973","10,396","7,577",116,"2,212",558,"1,654","3,782","3,360",89,261,72,500
E07000164,,,Hambleton,"38,117","26,508","15,135","11,373",156,"4,923",372,"4,551","5,770","4,622",546,340,262,760
E07000165,,,Harrogate,"67,169","47,738","25,118","22,620",395,"6,138","3,608","2,530","11,771","10,394",438,638,301,"1,127"
E07000166,,,Richmondshire,"20,207","12,910","7,295","5,615",104,"2,183","1,451",732,"4,519","2,877",810,240,592,491
E07000167,,,Ryedale,"22,524","15,124","9,329","5,795",83,"2,896",213,"2,683","3,773","3,321",163,216,73,648
E07000168,,,Scarborough,"49,435","32,520","19,323","13,197",302,"6,134","1,163","4,971","9,640","8,812",108,559,161,839
E07000169,,,Selby,"34,559","25,911","11,929","13,982",201,"4,161","2,902","1,259","3,796","3,400",78,269,49,490
,,,,,,,,,,,,,,,,,
E11000003,,South Yorkshire (Met County),,"565,442","352,304","165,391","186,913","2,053","123,641","97,165","26,476","79,652","72,654",522,"5,169","1,307","7,792"
E08000016,,,Barnsley,"100,734","64,807","30,778","34,029",445,"21,032","17,831","3,201","12,856","11,812",76,837,131,"1,594"
E08000017,,,Doncaster,"126,487","82,760","39,253","43,507",418,"22,403","19,173","3,230","18,774","17,084",159,"1,371",160,"2,132"
E08000018,,,Rotherham ,"108,293","70,610","33,031","37,579",309,"23,289","19,436","3,853","12,262","11,153",74,880,155,"1,823"
E08000019,,,Sheffield,"229,928","134,127","62,329","71,798",881,"56,917","40,725","16,192","35,760","32,605",213,"2,081",861,"2,243"
,,,,,,,,,,,,,,,,,
E11000006,,West Yorkshire (Met County),,"922,452","580,650","265,878","314,772","4,266","173,038","115,626","57,412","151,029","138,754",803,"9,567","1,905","13,469"
E08000032,,,Bradford,"199,296","129,550","58,487","71,063","1,165","29,513","11,729","17,784","36,070","33,135",162,"2,273",500,"2,998"
E08000033,,,Calderdale,"88,621","58,981","27,671","31,310",397,"13,494","4,753","8,741","14,545","13,114",98,"1,141",192,"1,204"
E08000034,,,Kirklees ,"173,525","116,361","55,569","60,792",612,"26,525","20,886","5,639","26,941","24,523",156,"1,971",291,"3,086"
E08000035,,,Leeds,"320,596","186,467","83,385","103,082","1,442","70,377","54,122","16,255","57,456","53,599",265,"2,901",691,"4,854"
E08000036,,,Wakefield,"140,414","89,291","40,766","48,525",650,"33,129","24,136","8,993","16,017","14,383",122,"1,281",231,"1,327"
,,,,,,,,,,,,,,,,,
E12000004,EAST MIDLANDS,,,"1,895,604","1,274,665","621,224","653,441","12,744","300,423","192,049","108,374","282,443","257,017","4,022","17,446","3,958","25,329"
,,,,,,,,,,,,,,,,,
E06000015,,Derby UA,,"102,271","62,765","30,239","32,526",864,"20,250","12,458","7,792","17,193","15,943",75,982,193,"1,199"
E06000016,,Leicester UA,,"123,125","61,170","28,018","33,152",774,"31,270","21,048","10,222","27,999","26,207",198,"1,173",421,"1,912"
E06000018,,Nottingham UA,,"126,131","56,867","25,152","31,715",786,"37,486","26,176","11,310","29,098","27,300",136,"1,303",359,"1,894"
E06000017,,Rutland UA,,"15,002","10,556","5,889","4,667",160,"1,685",369,"1,316","2,333","1,741",301,122,169,268
,,,,,,,,,,,,,,,,,
E10000007,,Derbyshire ,,"332,637","236,049","119,282","116,767","1,463","50,955","34,960","15,995","39,915","36,074",394,"2,920",527,"4,255"
E07000032,,,Amber Valley,"52,596","38,974","20,106","18,868",216,"6,484","2,708","3,776","6,200","5,618",51,441,90,722
E07000033,,,Bolsover,"32,801","21,963","10,691","11,272",92,"5,965","4,922","1,043","4,276","3,871",27,344,34,505
E07000034,,,Chesterfield,"46,796","29,547","15,065","14,482",156,"10,832","9,385","1,447","5,813","5,291",38,411,73,448
E07000035,,,Derbyshire Dales,"30,744","22,269","13,513","8,756",229,"3,736","1,330","2,406","3,860","3,423",86,276,75,650
E07000036,,,Erewash,"48,692","35,290","16,506","18,784",242,"6,335","1,978","4,357","6,265","5,762",31,398,74,560
E07000037,,,High Peak,"38,946","28,059","13,693","14,366",229,"4,945","3,836","1,109","5,231","4,706",37,414,74,482
E07000038,,,North East Derbyshire,"43,070","30,531","16,471","14,060",168,"8,781","7,817",964,"3,183","2,800",33,292,58,407
E07000039,,,South Derbyshire,"38,992","29,416","13,237","16,179",131,"3,877","2,984",893,"5,087","4,603",91,344,49,481
,,,,,,,,,,,,,,,,,
E10000018,,Leicestershire ,,"267,434","202,431","99,100","103,331","2,128","28,017","16,888","11,129","31,932","28,915",390,"2,225",402,"2,926"
E07000129,,,Blaby,"38,686","31,309","14,745","16,564",247,"2,948",721,"2,227","3,876","3,471",38,325,42,306
E07000130,,,Charnwood,"66,516","47,961","23,729","24,232",539,"7,851","5,306","2,545","9,396","8,590",102,590,114,769
E07000131,,,Harborough,"34,898","27,238","13,389","13,849",414,"2,923",481,"2,442","3,922","3,540",57,274,51,401
E07000132,,,Hinckley and Bosworth,"45,377","34,826","16,859","17,967",267,"4,685","3,238","1,447","5,156","4,657",65,364,70,443
E07000133,,,Melton,"21,490","15,498","7,728","7,770",198,"2,402","1,814",588,"3,054","2,738",76,183,57,338
E07000134,,,North West Leicestershire,"39,128","28,360","13,581","14,779",302,"5,598","4,181","1,417","4,411","3,997",35,336,43,457
E07000135,,,Oadby and Wigston,"21,339","17,239","9,069","8,170",161,"1,610","1,147",463,"2,117","1,922",17,153,25,212
,,,,,,,,,,,,,,,,,
E10000019,,Lincolnshire,,"306,971","210,389","110,454","99,935","2,280","41,768","25,038","16,730","47,730","42,277","1,620","2,941",892,"4,804"
E07000136,,,Boston,"27,291","17,430","9,243","8,187",230,"4,965","1,671","3,294","4,291","3,908",85,220,78,375
E07000137,,,East Lindsey,"60,890","42,137","25,826","16,311",482,"6,705","1,605","5,100","10,554","9,334",377,657,186,"1,012"
E07000138,,,Lincoln,"39,825","21,932","9,717","12,215",220,"8,729","7,381","1,348","8,345","7,709",48,524,64,599
E07000139,,,North Kesteven,"45,972","34,187","17,115","17,072",221,"4,694","3,693","1,001","6,184","4,906",602,400,276,686
E07000140,,,South Holland,"37,264","27,035","14,623","12,412",260,"4,728","3,828",900,"4,714","4,173",159,308,74,527
E07000141,,,South Kesteven,"57,344","39,809","19,258","20,551",502,"7,701","5,949","1,752","8,389","7,653",133,496,107,943
E07000142,,,West Lindsey,"38,385","27,859","14,672","13,187",365,"4,246",911,"3,335","5,253","4,594",216,336,107,662
,,,,,,,,,,,,,,,,,
E10000021,,Northamptonshire,,"287,730","195,149","83,859","111,290","2,688","43,908","23,996","19,912","42,207","38,679",422,"2,672",434,"3,778"
E07000150,,,Corby,"25,215","15,669","5,917","9,752",94,"5,278","4,463",815,"3,839","3,582",17,210,30,335
E07000151,,,Daventry,"31,647","22,688","10,533","12,155",271,"4,412","1,282","3,130","3,832","3,471",63,243,55,444
E07000152,,,East Northamptonshire,"35,662","25,837","11,419","14,418",175,"4,737",805,"3,932","4,471","4,032",96,304,39,442
E07000153,,,Kettering,"39,701","27,562","12,070","15,492",342,"5,187","3,506","1,681","6,048","5,533",53,418,44,562
E07000154,,,Northampton,"88,731","55,622","22,307","33,315","1,134","15,113","11,319","3,794","15,817","14,657",72,951,137,"1,045"
E07000155,,,South Northamptonshire,"34,717","26,485","12,029","14,456",357,"3,505",901,"2,604","3,840","3,439",84,246,71,530
E07000156,,,Wellingborough,"32,057","21,286","9,584","11,702",315,"5,676","1,720","3,956","4,360","3,965",37,300,58,420
,,,,,,,,,,,,,,,,,
E10000024,,Nottinghamshire ,,"334,303","239,289","119,231","120,058","1,601","45,084","31,116","13,968","44,036","39,881",486,"3,108",561,"4,293"
E07000170,,,Ashfield,"50,931","35,261","16,952","18,309",235,"8,258","6,460","1,798","6,504","5,908",31,501,64,673
E07000171,,,Bassetlaw,"47,667","33,115","16,295","16,820",172,"7,579","6,152","1,427","5,975","5,362",111,411,91,826
E07000172,,,Broxtowe,"46,820","34,270","17,351","16,919",168,"5,218","4,192","1,026","6,594","5,902",143,435,114,570
E07000173,,,Gedling,"49,349","37,138","18,603","18,535",271,"4,926","1,961","2,965","6,488","5,850",46,517,75,526
E07000174,,,Mansfield,"44,928","29,908","14,658","15,250",169,"8,199","6,208","1,991","6,115","5,616",23,425,51,537
E07000175,,,Newark and Sherwood,"48,773","34,455","17,399","17,056",253,"7,050","5,087","1,963","6,278","5,648",87,462,81,737
E07000176,,,Rushcliffe,"45,835","35,142","17,973","17,169",333,"3,854","1,056","2,798","6,082","5,595",45,357,85,424
,,,,,,,,,,,,,,,,,
E12000005,WEST MIDLANDS,,,"2,294,909","1,489,094","740,899","748,195","15,230","435,170","249,835","185,335","321,670","293,988","3,952","18,648","5,082","33,745"
,,,,,,,,,,,,,,,,,
E06000019,,"Herefordshire, County of UA",,"78,319","53,014","30,867","22,147",770,"10,903","2,692","8,211","12,147","10,680",468,738,261,"1,485"
E06000051,,Shropshire UA,,"129,674","89,688","49,998","39,690",830,"17,448","6,458","10,990","19,421","17,013",777,"1,203",428,"2,287"
E06000021,,Stoke-on-Trent UA,,"107,575","63,928","30,628","33,300",419,"25,999","19,712","6,287","15,440","14,176",84,938,242,"1,789"
E06000020,,Telford and Wrekin UA,,"66,608","42,417","18,106","24,311",292,"13,106","5,409","7,697","9,979","9,055",164,602,158,814
,,,,,,,,,,,,,,,,,
E10000028,,Staffordshire ,,"355,263","256,884","128,676","128,208","1,789","52,151","20,213","31,938","40,090","35,797",610,"2,890",793,"4,349"
E07000192,,,Cannock Chase,"40,664","28,106","12,388","15,718",248,"6,880","5,291","1,589","4,938","4,509",37,351,41,492
E07000193,,,East Staffordshire,"47,251","32,879","16,574","16,305",260,"6,367","1,984","4,383","7,152","6,519",94,452,87,593
E07000194,,,Lichfield,"41,224","31,155","15,948","15,207",242,"5,446",648,"4,798","3,932","3,475",101,275,81,449
E07000195,,,Newcastle-under-Lyme,"52,574","36,332","18,495","17,837",226,"9,840","3,399","6,441","5,511","4,932",49,410,120,665
E07000196,,,South Staffordshire,"44,458","33,669","17,809","15,860",249,"6,193",646,"5,547","3,772","3,371",76,265,60,575
E07000197,,,Stafford,"55,703","39,880","20,259","19,621",279,"7,618","2,420","5,198","7,206","6,239",193,466,308,720
E07000198,,,Staffordshire Moorlands,"41,772","33,288","18,413","14,875",127,"3,699","1,343","2,356","4,103","3,595",46,399,63,555
E07000199,,,Tamworth,"31,617","21,575","8,790","12,785",158,"6,108","4,482","1,626","3,476","3,157",14,272,33,300
,,,,,,,,,,,,,,,,,
E10000031,,Warwickshire,,"231,005","161,804","79,796","82,008","1,920","31,924","18,263","13,661","32,608","29,628",585,"1,881",514,"2,749"
E07000218,,,North Warwickshire,"25,812","18,686","9,007","9,679",176,"3,719","2,687","1,032","2,913","2,635",34,198,46,318
E07000219,,,Nuneaton and Bedworth,"52,711","37,617","17,545","20,072",270,"7,633","5,785","1,848","6,683","6,041",52,522,68,508
E07000220,,,Rugby,"41,875","29,086","13,772","15,314",403,"5,993","3,860","2,133","5,903","5,281",174,311,137,490
E07000221,,,Stratford-on-Avon,"51,928","37,304","20,315","16,989",561,"6,713",594,"6,119","6,596","5,885",191,375,145,754
E07000222,,,Warwick,"58,679","39,111","19,157","19,954",510,"7,866","5,337","2,529","10,513","9,786",134,475,118,679
,,,,,,,,,,,,,,,,,
E11000005,,West Midlands (Met County),,"1,086,748","651,571","316,855","334,716","7,645","248,113","163,676","84,437","162,112","150,474",884,"8,404","2,350","17,307"
E08000025,,,Birmingham,"410,736","226,616","106,416","120,200","3,940","99,592","63,458","36,134","73,405","68,647",366,"3,398",994,"7,183"
E08000026,,,Coventry,"128,592","77,880","37,644","40,236",750,"21,914","6,988","14,926","26,503","24,461",118,"1,371",553,"1,545"
E08000027,,,Dudley ,"129,867","89,304","45,383","43,921",707,"25,719","21,874","3,845","12,004","10,938",105,818,143,"2,133"
E08000028,,,Sandwell ,"121,498","69,135","32,253","36,882",701,"33,439","27,587","5,852","15,674","14,583",88,822,181,"2,549"
E08000029,,,Solihull,"86,056","63,559","32,227","31,332",527,"12,834","10,199","2,635","8,502","7,795",63,559,85,634
E08000030,,,Walsall,"107,822","67,265","33,516","33,749",601,"25,967","10,774","15,193","12,569","11,533",65,770,201,"1,420"
E08000031,,,Wolverhampton,"102,177","57,812","29,416","28,396",419,"28,648","22,796","5,852","13,455","12,517",79,666,193,"1,843"
,,,,,,,,,,,,,,,,,
E10000034,,Worcestershire ,,"239,717","169,788","85,973","83,815","1,565","35,526","13,412","22,114","29,873","27,165",380,"1,992",336,"2,965"
E07000234,,,Bromsgrove,"38,290","30,436","15,554","14,882",248,"3,819","1,139","2,680","3,370","3,035",58,237,40,417
E07000235,,,Malvern Hills,"32,212","23,146","13,680","9,466",263,"4,547",558,"3,989","3,720","3,339",67,263,51,536
E07000236,,,Redditch,"34,722","22,796","9,204","13,592",134,"7,351","5,703","1,648","4,059","3,700",31,299,29,382
E07000237,,,Worcester,"42,042","27,077","12,181","14,896",436,"6,438","2,356","4,082","7,645","7,093",40,432,80,446
E07000238,,,Wychavon,"49,466","35,973","19,158","16,815",225,"7,166",771,"6,395","5,419","4,843",138,352,86,683
E07000239,,,Wyre Forest,"42,985","30,360","16,196","14,164",259,"6,205","2,885","3,320","5,660","5,155",46,409,50,501
,,,,,,,,,,,,,,,,,
E12000006,EAST,,,"2,423,035","1,637,861","797,019","840,842","17,760","380,331","188,886","191,445","356,227","322,938","7,476","19,532","6,281","30,856"
,,,,,,,,,,,,,,,,,
E06000055,,Bedford UA,,"63,812","41,937","20,018","21,919",665,"10,252","1,155","9,097","10,110","9,310",114,514,172,848
E06000056,,Central Bedfordshire UA,,"104,399","75,743","33,039","42,704",874,"13,981","5,464","8,517","12,612","10,973",459,756,424,"1,189"
E06000032,,Luton UA,,"74,293","44,696","18,619","26,077",288,"11,715","7,973","3,742","16,816","15,802",70,726,218,778
E06000031,,Peterborough UA,,"74,023","43,877","19,134","24,743",689,"14,434","4,751","9,683","14,168","12,855",288,699,326,855
E06000033,,Southend-on-Sea UA,,"74,678","48,666","22,960","25,706",306,"8,597","5,079","3,518","16,439","15,472",100,754,113,670
E06000034,,Thurrock UA,,"62,353","41,278","15,899","25,379",302,"11,503","10,055","1,448","8,772","8,220",51,443,58,498
,,,,,,,,,,,,,,,,,
E10000003,,Cambridgeshire ,,"251,241","165,853","80,204","85,649","3,003","38,506","15,736","22,770","40,119","35,965","1,109","2,024","1,021","3,760"
E07000008,,,Cambridge,"46,714","22,171","11,639","10,532",526,"11,023","7,109","3,914","12,258","11,170",281,394,413,736
E07000009,,,East Cambridgeshire,"34,614","23,719","11,145","12,574",506,"4,944",457,"4,487","4,576","4,144",100,273,59,869
E07000010,,,Fenland,"40,620","28,436","14,490","13,946",205,"5,054",895,"4,159","6,341","5,802",55,414,70,584
E07000011,,,Huntingdonshire,"69,333","49,398","22,171","27,227",508,"8,939","1,811","7,128","9,770","8,636",311,593,230,718
E07000012,,,South Cambridgeshire,"59,960","42,129","20,759","21,370","1,258","8,546","5,464","3,082","7,174","6,213",362,350,249,853
,,,,,,,,,,,,,,,,,
E10000012,,Essex ,,"581,589","414,702","201,533","213,169","3,421","83,402","45,939","37,463","73,697","66,541","1,355","4,474","1,327","6,367"
E07000066,,,Basildon,"72,746","47,972","21,037","26,935",720,"15,976","10,309","5,667","7,448","6,825",65,459,99,630
E07000067,,,Braintree,"61,043","41,872","18,609","23,263",362,"10,055","2,378","7,677","8,083","7,332",148,485,118,671
E07000068,,,Brentwood,"30,646","23,028","11,634","11,394",194,"3,586","2,703",883,"3,452","3,148",65,184,55,386
E07000069,,,Castle Point,"36,440","30,101","15,691","14,410",103,"1,949","1,453",496,"3,968","3,584",14,311,59,319
E07000070,,,Chelmsford,"69,667","50,978","23,696","27,282",450,"9,120","1,456","7,664","8,349","7,621",111,505,112,770
E07000071,,,Colchester,"71,634","47,507","22,840","24,667",325,"9,669","5,894","3,775","13,390","11,689",505,711,485,743
E07000072,,,Epping Forest,"51,991","37,565","18,070","19,495",206,"7,803","6,208","1,595","5,742","5,307",93,282,60,675
E07000073,,,Harlow,"34,620","19,429","7,351","12,078",326,"10,808","9,327","1,481","3,756","3,474",21,227,34,301
E07000074,,,Maldon,"25,817","20,251","10,314","9,937",97,"2,685",157,"2,528","2,493","2,208",45,206,34,291
E07000075,,,Rochford,"33,564","27,822","13,927","13,895",79,"2,547",406,"2,141","2,844","2,535",31,220,58,272
E07000076,,,Tendring,"62,105","45,752","27,696","18,056",238,"5,243","2,988","2,255","10,064","9,210",88,664,102,808
E07000077,,,Uttlesford,"31,316","22,425","10,668","11,757",321,"3,961","2,660","1,301","4,108","3,608",169,220,111,501
,,,,,,,,,,,,,,,,,
E10000015,,Hertfordshire,,"453,817","303,276","136,244","167,032","3,940","82,543","41,731","40,812","59,320","54,726","1,004","2,804",786,"4,738"
E07000095,,,Broxbourne,"37,658","27,460","12,262","15,198",418,"5,297","1,106","4,191","4,199","3,934",24,211,30,284
E07000096,,,Dacorum,"59,938","38,877","17,458","21,419",373,"13,045","10,407","2,638","7,107","6,516",129,386,76,536
E07000097,,,East Hertfordshire,"56,577","40,665","18,186","22,479",508,"7,185","1,129","6,056","7,446","6,906",131,322,87,773
E07000098,,,Hertsmere,"39,778","26,897","12,489","14,408",471,"6,932",756,"6,176","4,981","4,500",161,208,112,497
E07000099,,,North Hertfordshire,"53,426","35,072","16,201","18,871",472,"10,304","3,774","6,530","6,993","6,460",97,324,112,585
E07000100,,,St Albans,"56,140","40,831","19,409","21,422",261,"6,832","4,753","2,079","7,624","7,065",131,315,113,592
E07000101,,,Stevenage,"34,898","20,339","7,736","12,603",422,"9,902","7,964","1,938","3,980","3,630",16,309,25,255
E07000102,,,Three Rivers,"35,108","25,532","11,988","13,544",194,"5,318","1,680","3,638","3,708","3,253",167,210,78,356
E07000103,,,Watford,"36,681","22,608","8,954","13,654",426,"5,987","1,469","4,518","7,371","6,930",68,305,68,289
E07000104,,,Welwyn Hatfield,"43,613","24,995","11,561","13,434",395,"11,741","8,693","3,048","5,911","5,532",80,214,85,571
,,,,,,,,,,,,,,,,,
E10000020,,Norfolk,,"372,085","248,840","138,288","110,552","2,204","59,297","27,322","31,975","55,686","49,675","1,392","3,705",914,"6,058"
E07000143,,,Breckland,"54,519","37,427","20,167","17,260",310,"7,511","1,287","6,224","8,294","7,306",297,546,145,977
E07000144,,,Broadland,"53,336","42,343","23,080","19,263",304,"4,567",480,"4,087","5,519","4,860",117,466,76,603
E07000145,,,Great Yarmouth,"42,079","27,073","15,024","12,049",146,"7,255","5,824","1,431","6,926","6,280",117,427,102,679
E07000146,,,King’s Lynn and West Norfolk,"62,977","43,707","24,908","18,799",275,"8,393","1,946","6,447","9,278","7,832",535,581,330,"1,324"
E07000147,,,North Norfolk,"46,046","32,293","21,083","11,210",199,"5,904","1,123","4,781","6,664","5,997",151,433,83,986
E07000148,,,Norwich,"60,319","26,442","12,463","13,979",433,"19,702","15,222","4,480","13,089","12,122",69,784,114,653
E07000149,,,South Norfolk,"52,809","39,555","21,563","17,992",537,"5,965","1,440","4,525","5,916","5,278",106,468,64,836
,,,,,,,,,,,,,,,,,
E10000029,,Suffolk,,"310,745","208,993","111,081","97,912","2,068","46,101","23,681","22,420","48,488","43,399","1,534","2,633",922,"5,095"
E07000200,,,Babergh,"37,522","26,981","14,861","12,120",178,"4,912","3,343","1,569","4,714","4,022",249,320,123,737
E07000201,,,Forest Heath,"25,376","14,174","6,907","7,267",354,"3,739","1,357","2,382","6,195","5,532",268,246,149,914
E07000202,,,Ipswich,"57,298","32,467","14,723","17,744",368,"12,371","8,138","4,233","11,421","10,742",78,493,108,671
E07000203,,,Mid Suffolk,"40,306","30,262","15,876","14,386",343,"4,544","3,280","1,264","4,515","3,804",274,304,133,642
E07000204,,,St Edmundsbury,"45,802","30,626","15,437","15,189",376,"7,321","2,808","4,513","6,798","5,892",315,375,216,681
E07000205,,,Suffolk Coastal,"53,558","39,193","22,774","16,419",234,"6,066",521,"5,545","7,267","6,487",261,384,135,798
E07000206,,,Waveney,"50,883","35,290","20,503","14,787",215,"7,148","4,234","2,914","7,578","6,920",89,511,58,652
,,,,,,,,,,,,,,,,,
E12000007,LONDON,,,"3,266,173","1,576,207","689,898","886,309","42,108","785,993","439,727","346,266","819,085","775,591","5,410","27,937","10,147","42,780"
,,,,,,,,,,,,,,,,,
E13000001,,Inner London,,"1,363,817","456,470","192,213","264,257","20,619","446,815","255,923","190,892","419,073","397,726","2,591","13,354","5,402","20,840"
E09000007,,,Camden,"97,534","31,368","16,644","14,724",674,"32,295","22,473","9,822","31,434","29,706",282,981,465,"1,763"
E09000001,,,City of London,"4,385","1,855","1,093",762,13,725,458,267,"1,573","1,451",16,61,45,219
E09000012,,,Hackney,"101,690","24,179","8,597","15,582","2,374","44,430","24,163","20,267","29,449","28,112",79,947,311,"1,258"
E09000013,,,Hammersmith and Fulham,"80,590","27,397","12,777","14,620","1,257","25,133","12,683","12,450","25,555","24,215",132,949,259,"1,248"
E09000014,,,Haringey,"101,955","39,603","16,326","23,277","1,533","27,242","17,288","9,954","32,095","30,924",109,737,325,"1,482"
E09000019,,,Islington,"93,556","26,564","10,587","15,977","1,207","39,342","25,014","14,328","25,217","23,954",99,852,312,"1,226"
E09000020,,,Kensington and Chelsea,"78,536","28,007","17,933","10,074",700,"19,271","7,201","12,070","28,108","26,676",318,724,390,"2,450"
E09000022,,,Lambeth,"130,017","42,885","14,778","28,107","1,987","45,619","25,496","20,123","38,133","36,023",248,"1,389",473,"1,393"
E09000023,,,Lewisham,"116,091","49,228","17,273","31,955","1,436","36,052","18,084","17,968","28,216","26,665",89,"1,139",323,"1,159"
E09000025,,,Newham,"101,519","33,822","12,993","20,829","1,806","30,092","18,592","11,500","34,570","33,118",98,871,483,"1,229"
E09000028,,,Southwark,"120,422","35,330","11,805","23,525","2,453","52,644","37,628","15,016","28,493","26,752",212,"1,132",397,"1,502"
E09000030,,,Tower Hamlets,"101,257","24,552","8,648","15,904","2,383","40,106","17,548","22,558","32,964","31,227",151,965,621,"1,252"
E09000032,,,Wandsworth,"130,493","59,393","24,067","35,326","1,911","26,516","16,752","9,764","41,317","39,171",284,"1,536",326,"1,356"
E09000033,,,Westminster,"105,772","32,287","18,692","13,595",885,"27,348","12,543","14,805","41,949","39,732",474,"1,071",672,"3,303"
,,,,,,,,,,,,,,,,,
E13000002,,Outer London,,"1,902,356","1,119,737","497,685","622,052","21,489","339,178","183,804","155,374","400,012","377,865","2,819","14,583","4,745","21,940"
E09000002,,,Barking and Dagenham,"69,681","32,324","11,908","20,416",906,"23,459","19,782","3,677","12,328","11,559",39,555,175,664
E09000003,,,Barnet,"135,916","78,350","38,105","40,245","1,191","19,334","11,664","7,670","34,854","33,175",240,"1,073",366,"2,187"
E09000004,,,Bexley,"92,604","67,154","30,127","37,027",754,"13,377","1,693","11,684","10,556","9,721",42,688,105,763
E09000005,,,Brent,"110,286","47,324","22,416","24,908","1,636","26,591","10,686","15,905","33,181","31,784",126,855,416,"1,554"
E09000006,,,Bromley,"130,862","92,785","43,649","49,136","1,036","18,425","1,987","16,438","17,393","16,229",163,826,175,"1,223"
E09000008,,,Croydon,"145,010","85,230","34,882","50,348","1,855","25,887","14,362","11,525","30,472","28,762",181,"1,212",317,"1,566"
E09000009,,,Ealing,"124,082","63,420","28,414","35,006","2,174","22,472","13,007","9,465","34,182","32,696",143,989,354,"1,834"
E09000010,,,Enfield,"119,916","69,462","31,452","38,010","1,087","21,073","13,666","7,407","26,591","25,395",128,785,283,"1,703"
E09000011,,,Greenwich,"101,045","43,719","16,585","27,134","1,580","34,662","22,878","11,784","20,004","18,678",217,772,337,"1,080"
E09000015,,,Harrow,"84,268","55,001","26,246","28,755",821,"8,923","5,157","3,766","18,324","17,165",210,681,268,"1,199"
E09000016,,,Havering,"97,199","71,698","34,625","37,073",586,"13,799","10,464","3,335","10,337","9,601",60,586,90,779
E09000017,,,Hillingdon,"100,214","63,011","27,921","35,090","1,280","16,752","10,481","6,271","18,141","16,691",433,642,375,"1,030"
E09000018,,,Hounslow,"94,902","47,562","20,048","27,514","2,245","21,682","14,296","7,386","22,206","21,099",127,718,262,"1,207"
E09000021,,,Kingston upon Thames,"63,639","40,762","17,727","23,035",434,"7,502","5,252","2,250","14,312","13,391",172,525,224,629
E09000024,,,Merton,"78,757","46,689","20,160","26,529",671,"11,102","2,887","8,215","19,503","18,478",97,749,179,792
E09000026,,,Redbridge,"99,105","62,983","27,911","35,072","1,003","11,289","6,269","5,020","22,657","21,441",85,915,216,"1,173"
E09000027,,,Richmond upon Thames,"79,835","50,750","23,756","26,994",601,"10,051","2,451","7,600","17,440","16,410",176,643,211,993
E09000029,,,Sutton,"78,174","53,152","22,357","30,795",611,"11,422","6,421","5,001","12,429","11,671",76,589,93,560
E09000031,,,Waltham Forest,"96,861","48,361","19,396","28,965","1,018","21,376","10,401","10,975","25,102","23,919",104,780,299,"1,004"
,,,,,,,,,,,,,,,,,
E12000008,SOUTH EAST,,,"3,555,463","2,404,517","1,156,081","1,248,436","39,280","487,473","206,431","281,042","578,592","521,479","15,552","30,041","11,520","45,601"
,,,,,,,,,,,,,,,,,
E06000036,,Bracknell Forest UA,,"45,878","31,419","11,420","19,999",527,"7,678","2,600","5,078","5,734","4,874",298,384,178,520
E06000043,,Brighton and Hove UA,,"121,540","64,790","28,397","36,393","1,045","18,187","11,928","6,259","35,959","34,081",131,"1,521",226,"1,559"
E06000046,,Isle of Wight UA,,"61,085","42,817","25,091","17,726",362,"6,523",598,"5,925","10,639","9,663",94,782,100,744
E06000035,,Medway UA,,"106,209","71,853","30,697","41,156","1,114","13,996","4,155","9,841","18,153","16,627",287,913,326,"1,093"
E06000042,,Milton Keynes UA,,"98,584","56,913","21,157","35,756","5,985","17,763","10,801","6,962","17,066","15,930",101,875,160,857
E06000044,,Portsmouth UA,,"85,473","46,897","20,616","26,281",825,"15,611","10,001","5,610","21,098","19,044",509,"1,135",410,"1,042"
E06000038,,Reading UA,,"62,869","34,479","14,222","20,257","1,130","10,242","6,322","3,920","16,394","15,517",91,605,181,624
E06000039,,Slough UA,,"50,766","26,755","9,502","17,253",686,"10,476","6,656","3,820","12,348","11,713",73,445,117,501
E06000045,,Southampton UA,,"98,254","48,873","21,286","27,587","1,013","22,867","16,633","6,234","24,449","23,007",87,"1,050",305,"1,052"
E06000037,,West Berkshire UA,,"62,340","43,435","19,455","23,980",695,"8,628",575,"8,053","8,555","7,457",457,428,213,"1,027"
E06000040,,Windsor and Maidenhead UA,,"58,349","39,676","19,013","20,663",358,"7,748",711,"7,037","9,432","8,099",580,375,378,"1,135"
E06000041,,Wokingham UA,,"60,332","48,103","21,461","26,642",679,"4,236","2,845","1,391","6,755","6,001",248,363,143,559
,,,,,,,,,,,,,,,,,
E10000002,,Buckinghamshire ,,"200,727","144,852","68,784","76,068","1,946","25,471","9,043","16,428","25,875","22,688","1,156","1,293",738,"2,583"
E07000004,,,Aylesbury Vale,"69,406","49,702","21,607","28,095",600,"8,982","2,333","6,649","9,234","8,096",361,539,238,888
E07000005,,,Chiltern,"36,946","28,418","15,191","13,227",257,"4,573",657,"3,916","3,314","3,039",88,140,47,384
E07000006,,,South Bucks,"26,514","19,453","10,099","9,354",402,"3,266",261,"3,005","3,011","2,653",140,134,84,382
E07000007,,,Wycombe,"67,861","47,279","21,887","25,392",687,"8,650","5,792","2,858","10,316","8,900",567,480,369,929
,,,,,,,,,,,,,,,,,
E10000011,,East Sussex ,,"231,905","160,557","87,976","72,581","1,495","25,600","10,975","14,625","41,180","37,899",552,"2,270",459,"3,073"
E07000061,,,Eastbourne,"45,012","27,788","15,071","12,717",295,"5,953","3,348","2,605","10,494","9,747",160,465,122,482
E07000062,,,Hastings,"41,159","22,706","11,071","11,635",193,"5,988",763,"5,225","11,863","11,191",72,499,101,409
E07000063,,,Lewes,"42,181","30,648","16,797","13,851",285,"4,609","3,196","1,413","6,108","5,557",78,406,67,531
E07000064,,,Rother,"40,877","30,060","18,554","11,506",219,"4,242",712,"3,530","5,742","5,190",120,360,72,614
E07000065,,,Wealden,"62,676","49,355","26,483","22,872",503,"4,808","2,956","1,852","6,973","6,214",122,540,97,"1,037"
,,,,,,,,,,,,,,,,,
E10000014,,Hampshire ,,"545,254","389,765","188,397","201,368","5,154","75,257","26,078","49,179","68,326","57,616","3,913","4,325","2,472","6,752"
E07000084,,,Basingstoke and Deane,"69,315","46,936","19,517","27,419",958,"12,346",540,"11,806","8,172","7,473",165,460,74,903
E07000085,,,East Hampshire,"47,258","34,919","17,520","17,399",431,"5,681",742,"4,939","5,517","4,636",337,349,195,710
E07000086,,,Eastleigh,"52,177","38,362","17,228","21,134",552,"6,411",573,"5,838","6,438","5,864",42,479,53,414
E07000087,,,Fareham,"46,579","37,460","18,279","19,181",277,"3,785","2,370","1,415","4,645","3,906",228,368,143,412
E07000088,,,Gosport,"35,430","23,115","10,413","12,702",381,"5,815","3,297","2,518","5,777","4,506",568,382,321,342
E07000089,,,Hart,"35,510","27,747","12,610","15,137",406,"2,718",215,"2,503","4,286","3,380",446,202,258,353
E07000090,,,Havant,"51,311","35,387","18,169","17,218",281,"10,037","5,300","4,737","5,087","4,510",68,436,73,519
E07000091,,,New Forest,"76,839","57,603","33,430","24,173",484,"8,440","5,185","3,255","9,293","8,153",330,617,193,"1,019"
E07000092,,,Rushmoor,"36,344","23,089","8,434","14,655",647,"5,927",771,"5,156","6,379","4,607",777,332,663,302
E07000093,,,Test Valley,"47,626","33,501","16,412","17,089",311,"6,854","2,115","4,739","6,128","4,964",550,352,262,832
E07000094,,,Winchester,"46,865","31,646","16,385","15,261",426,"7,243","4,970","2,273","6,604","5,617",402,348,237,946
,,,,,,,,,,,,,,,,,
E10000016,,Kent ,,"605,638","407,570","200,638","206,932","5,776","84,127","35,294","48,833","100,182","91,250","1,767","5,592","1,573","7,983"
E07000105,,,Ashford,"47,787","32,685","15,200","17,485",638,"6,915","4,702","2,213","6,849","6,173",115,460,101,700
E07000106,,,Canterbury,"60,771","40,107","21,578","18,529",500,"7,409","5,039","2,370","11,876","10,665",252,697,262,879
E07000107,,,Dartford,"40,081","26,819","11,012","15,807",537,"5,947","4,338","1,609","6,385","6,003",41,291,50,393
E07000108,,,Dover,"48,310","32,142","17,034","15,108",245,"6,864","4,277","2,587","8,254","7,394",160,526,174,805
E07000109,,,Gravesham,"40,431","26,099","12,408","13,691",305,"7,008","5,628","1,380","6,524","6,108",44,302,70,495
E07000110,,,Maidstone,"63,447","44,700","20,885","23,815",671,"8,066","1,495","6,571","9,256","8,264",232,556,204,754
E07000111,,,Sevenoaks,"47,020","34,200","17,642","16,558",798,"6,218",800,"5,418","5,057","4,547",167,253,90,747
E07000112,,,Shepway,"47,379","30,715","16,744","13,971",214,"5,311","3,284","2,027","10,520","9,557",184,549,230,619
E07000113,,,Swale,"55,585","37,951","17,444","20,507",569,"7,942","1,216","6,726","8,446","7,735",96,515,100,677
E07000114,,,Thanet,"59,513","36,907","19,903","17,004",206,"7,537","3,019","4,518","14,151","13,072",167,777,135,712
E07000115,,,Tonbridge and Malling,"48,140","34,246","15,677","18,569",717,"7,762",930,"6,832","4,869","4,320",167,299,83,546
E07000116,,,Tunbridge Wells,"47,174","30,999","15,111","15,888",376,"7,148",566,"6,582","7,995","7,412",142,367,74,656
,,,,,,,,,,,,,,,,,
E10000025,,Oxfordshire,,"258,855","169,528","83,521","86,007","2,923","36,833","11,788","25,045","45,207","39,292","2,304","1,987","1,624","4,364"
E07000177,,,Cherwell,"56,728","39,303","17,512","21,791",443,"6,872","1,453","5,419","9,206","8,304",233,469,200,904
E07000178,,,Oxford,"55,375","25,873","13,277","12,596",959,"11,828","7,513","4,315","15,634","14,458",277,524,375,"1,081"
E07000179,,,South Oxfordshire,"54,104","39,461","20,113","19,348",459,"6,163",854,"5,309","7,211","5,999",541,354,317,810
E07000180,,,Vale of White Horse,"49,407","34,750","17,704","17,046",514,"6,583","1,230","5,353","6,733","5,423",625,304,381,827
E07000181,,,West Oxfordshire,"43,241","30,141","14,915","15,226",548,"5,387",738,"4,649","6,423","5,108",628,336,351,742
,,,,,,,,,,,,,,,,,
E10000030,,Surrey,,"455,791","332,184","158,719","173,465","4,663","52,086","22,558","29,528","61,409","55,472","1,898","2,861","1,178","5,449"
E07000207,,,Elmbridge,"52,922","38,660","18,119","20,541",393,"5,218","1,124","4,094","8,006","7,478",129,328,71,645
E07000208,,,Epsom and Ewell,"29,784","22,931","10,969","11,962",257,"2,390",166,"2,224","3,962","3,628",91,209,34,244
E07000209,,,Guildford,"53,973","37,148","18,204","18,944",702,"6,908","4,928","1,980","8,522","7,426",399,351,346,693
E07000210,,,Mole Valley,"35,828","26,362","14,011","12,351",331,"4,373",531,"3,842","4,270","3,795",143,244,88,492
E07000211,,,Reigate and Banstead,"55,423","40,486","18,393","22,093",673,"6,605","1,345","5,260","7,169","6,653",81,357,78,490
E07000212,,,Runnymede,"32,714","22,731","10,827","11,904",326,"4,210","2,897","1,313","4,974","4,492",173,195,114,473
E07000213,,,Spelthorne,"39,512","28,671","13,403","15,268",540,"4,911",636,"4,275","5,004","4,633",79,245,47,386
E07000214,,,Surrey Heath,"33,546","25,769","11,668","14,101",269,"3,089",394,"2,695","4,073","3,420",309,173,171,346
E07000215,,,Tandridge,"33,342","25,302","12,074","13,228",313,"3,610","2,567","1,043","3,666","3,236",158,211,61,451
E07000216,,,Waverley,"49,280","36,295","18,572","17,723",491,"6,068","4,662","1,406","5,577","4,966",231,290,90,849
E07000217,,,Woking,"39,467","27,829","12,479","15,350",368,"4,704","3,308","1,396","6,186","5,745",105,258,78,380
,,,,,,,,,,,,,,,,,
E10000032,,West Sussex,,"345,614","244,051","125,729","118,322","2,904","44,144","16,870","27,274","49,831","45,249","1,006","2,837",739,"4,684"
E07000223,,,Adur,"26,957","19,883","10,191","9,692",154,"3,523","2,652",871,"3,079","2,762",29,266,22,318
E07000224,,,Arun,"66,706","49,254","28,581","20,673",566,"5,886","3,225","2,661","10,211","9,427",95,579,110,789
E07000225,,,Chichester,"49,848","33,481","20,210","13,271",455,"7,407","1,084","6,323","7,423","6,356",403,397,267,"1,082"
E07000226,,,Crawley,"42,727","25,228","9,480","15,748",588,"10,194","7,954","2,240","6,214","5,789",43,319,63,503
E07000227,,,Horsham,"54,923","40,926","20,486","20,440",363,"6,347",672,"5,675","6,480","5,772",222,387,99,807
E07000228,,,Mid Sussex,"57,409","42,658","20,408","22,250",561,"6,092",295,"5,797","7,322","6,719",149,375,79,776
E07000229,,,Worthing,"47,044","32,621","16,373","16,248",217,"4,695",988,"3,707","9,102","8,424",65,514,99,409
,,,,,,,,,,,,,,,,,
E12000009,SOUTH WEST,,,"2,264,641","1,526,958","801,786","725,172","17,116","301,520","130,652","170,868","387,134","345,229","9,914","24,206","7,785","31,913"
,,,,,,,,,,,,,,,,,
E06000022,,Bath and North East Somerset UA,,"73,515","49,068","25,827","23,241",368,"10,614","2,528","8,086","12,447","11,408",128,735,176,"1,018"
E06000028,,Bournemouth UA,,"82,374","47,057","22,820","24,237",569,"9,206","4,895","4,311","24,685","23,234",138,"1,100",213,857
E06000023,,"Bristol, City of UA",,"182,747","98,708","44,928","53,780","1,385","37,083","26,494","10,589","43,028","40,401",232,"1,984",411,"2,543"
E06000052,,Cornwall UA,,"230,389","158,524","92,113","66,411","1,757","27,655","12,833","14,822","38,605","33,938",815,"3,185",667,"3,848"
E06000053,,Isles of Scilly UA,,989,412,313,99,8,179,121,58,294,204,36,13,41,96
E06000024,,North Somerset UA,,"88,227","64,365","32,474","31,891",542,"8,103","3,104","4,999","14,270","13,058",129,958,125,947
E06000026,,Plymouth UA,,"109,307","64,157","29,763","34,394",841,"21,095","9,403","11,692","22,026","19,431",687,"1,315",593,"1,188"
E06000029,,Poole UA,,"63,530","44,702","22,719","21,983",557,"7,324","4,143","3,181","10,275","9,293",210,643,129,672
E06000025,,South Gloucestershire UA,,"107,538","80,586","37,050","43,536",497,"10,633","2,063","8,570","14,600","13,124",233,"1,039",204,"1,222"
E06000030,,Swindon UA,,"88,360","57,902","22,749","35,153","1,118","14,382","10,269","4,113","14,169","13,020",135,861,153,789
E06000027,,Torbay UA,,"59,010","39,424","21,503","17,921",554,"4,762",505,"4,257","13,696","12,647",65,879,105,574
E06000054,,Wiltshire UA,,"194,194","131,083","65,734","65,349","1,463","28,591","7,604","20,987","29,968","22,903","3,295","1,550","2,220","3,089"
,,,,,,,,,,,,,,,,,
E10000008,,Devon ,,"322,644","226,481","130,281","96,200","2,605","36,042","15,433","20,609","52,581","47,113","1,017","3,684",767,"4,935"
E07000040,,,East Devon,"59,071","44,283","27,837","16,446",319,"5,515","3,915","1,600","8,041","7,034",215,631,161,913
E07000041,,,Exeter,"49,242","29,443","14,809","14,634",470,"8,386","4,769","3,617","10,336","9,633",87,534,82,607
E07000042,,,Mid Devon,"32,758","22,626","12,206","10,420",305,"4,135","2,843","1,292","5,091","4,605",108,324,54,601
E07000043,,,North Devon,"40,001","27,383","15,638","11,745",271,"4,316",971,"3,345","7,341","6,377",261,508,195,690
E07000044,,,South Hams,"36,858","26,440","15,775","10,665",400,"4,195",642,"3,553","5,259","4,638",106,424,91,564
E07000045,,,Teignbridge,"54,003","39,678","22,015","17,663",495,"4,813","1,169","3,644","8,358","7,526",107,636,89,659
E07000046,,,Torridge,"27,986","19,998","11,998","8,000",197,"2,524",542,"1,982","4,746","4,275",69,363,39,521
E07000047,,,West Devon,"22,725","16,630","10,003","6,627",148,"2,158",582,"1,576","3,409","3,025",64,264,56,380
,,,,,,,,,,,,,,,,,
E10000009,,Dorset ,,"180,213","129,837","77,407","52,430","1,206","22,268","2,878","19,390","24,057","20,851","1,063","1,514",629,"2,845"
E07000048,,,Christchurch,"21,475","15,967","9,814","6,153",182,"2,784",200,"2,584","2,321","2,115",25,164,17,221
E07000049,,,East Dorset,"37,564","30,371","18,017","12,354",111,"3,120",292,"2,828","3,471","3,028",112,228,103,491
E07000050,,,North Dorset,"28,670","20,002","11,286","8,716",217,"3,865",282,"3,583","4,094","3,247",390,246,211,492
E07000051,,,Purbeck,"19,583","13,613","8,306","5,307",165,"2,446",444,"2,002","3,005","2,391",287,180,147,354
E07000052,,,West Dorset,"44,386","30,823","19,563","11,260",370,"6,159",367,"5,792","6,093","5,419",211,369,94,941
E07000053,,,Weymouth and Portland,"28,535","19,061","10,421","8,640",161,"3,894","1,293","2,601","5,073","4,651",38,327,57,346
,,,,,,,,,,,,,,,,,
E10000013,,Gloucestershire ,,"254,615","176,743","90,327","86,416","2,159","32,853","14,958","17,895","39,175","35,199",930,"2,325",721,"3,685"
E07000078,,,Cheltenham,"50,929","32,879","16,363","16,516",360,"6,227","4,091","2,136","10,925","10,260",51,534,80,538
E07000079,,,Cotswold,"36,236","23,803","13,691","10,112",441,"5,388",623,"4,765","5,518","4,767",305,289,157,"1,086"
E07000080,,,Forest of Dean,"34,167","25,371","13,966","11,405",186,"4,237",773,"3,464","3,835","3,261",127,326,121,538
E07000081,,,Gloucester,"50,363","33,858","14,729","19,129",557,"6,714","3,921","2,793","8,755","8,012",107,525,111,479
E07000082,,,Stroud,"47,794","34,988","18,187","16,801",285,"6,097","4,823","1,274","5,791","5,288",84,353,66,633
E07000083,,,Tewkesbury,"35,126","25,844","13,391","12,453",330,"4,190",727,"3,463","4,351","3,611",256,298,186,411
,,,,,,,,,,,,,,,,,
E10000027,,Somerset,,"226,989","157,909","85,778","72,131","1,487","30,730","13,421","17,309","33,258","29,405",801,"2,421",631,"3,605"
E07000187,,,Mendip,"46,157","32,438","17,387","15,051",349,"5,473","1,320","4,153","7,136","6,449",115,503,69,761
E07000188,,,Sedgemoor,"48,801","34,802","18,320","16,482",273,"5,951","3,670","2,281","7,113","6,380",93,556,84,662
E07000189,,,South Somerset,"69,501","48,855","26,718","22,137",542,"9,697","2,811","6,886","9,272","7,881",398,721,272,"1,135"
E07000190,,,Taunton Deane,"46,907","31,393","16,329","15,064",251,"7,321","5,439","1,882","7,227","6,506",126,458,137,715
E07000191,,,West Somerset,"15,623","10,421","7,024","3,397",72,"2,288",181,"2,107","2,510","2,189",69,183,69,332
,,,,,,,,,,,,,,,,,
W92000004,WALES,,,"1,302,676","878,654","461,370","417,284","4,476","214,911","128,302","86,609","184,254","164,792","1,888","14,722","2,852","20,381"
,,,,,,,,,,,,,,,,,
W06000001,,,Isle of Anglesey,"30,594","20,971","12,444","8,527",63,"4,487","3,899",588,"4,324","3,699",104,410,111,749
W06000002,,,Gwynedd,"52,473","34,324","21,168","13,156",171,"8,561","4,385","4,176","8,060","6,978",134,775,173,"1,357"
W06000003,,,Conwy,"51,177","35,501","20,409","15,092",378,"5,946","2,592","3,354","8,534","7,729",67,624,114,818
W06000004,,,Denbighshire,"40,546","27,792","14,937","12,855",267,"5,325","3,283","2,042","6,446","5,798",83,502,63,716
W06000005,,,Flintshire,"63,781","46,451","22,397","24,054",340,"9,651","7,209","2,442","6,729","5,914",53,676,86,610
W06000006,,,Wrexham,"57,029","36,272","17,364","18,908",211,"12,803","10,942","1,861","6,775","6,062",70,568,75,968
W06000023,,,Powys,"58,345","40,090","25,626","14,464",179,"8,161","5,371","2,790","8,638","7,522",207,742,167,"1,277"
W06000008,,,Ceredigion,"31,562","21,323","13,821","7,502",110,"3,196","1,008","2,188","6,275","5,653",62,409,151,658
W06000009,,,Pembrokeshire,"53,122","36,558","22,307","14,251",140,"8,312","5,822","2,490","7,188","6,180",196,682,130,924
W06000010,,,Carmarthenshire,"78,829","56,326","32,648","23,678",178,"11,672","8,833","2,839","9,301","8,196",98,851,156,"1,352"
W06000011,,,Swansea,"103,497","66,259","34,576","31,683",308,"19,878","13,104","6,774","15,260","13,688",89,"1,245",238,"1,792"
W06000012,,,Neath Port Talbot,"60,393","41,479","21,976","19,503",111,"11,545","7,496","4,049","6,186","5,404",41,655,86,"1,072"
W06000013,,,Bridgend ,"58,515","42,348","20,459","21,889",143,"8,099","2,332","5,767","7,188","6,310",54,713,111,737
W06000014,,,The Vale of Glamorgan,"53,505","38,647","18,954","19,693",125,"6,354","4,025","2,329","7,813","6,780",226,630,177,566
W06000015,,,Cardiff,"142,557","84,262","37,788","46,474",639,"24,374","13,547","10,827","31,220","28,972",145,"1,717",386,"2,062"
W06000016,,,Rhondda Cynon Taf,"99,663","70,760","36,338","34,422",150,"13,673","6,836","6,837","13,604","12,334",45,"1,088",137,"1,476"
W06000024,,,Merthyr Tydfil,"24,264","15,843","8,277","7,566",42,"5,118","2,379","2,739","2,809","2,500",25,232,52,452
W06000018,,,Caerphilly,"74,479","51,632","24,188","27,444",216,"13,962","10,464","3,498","7,995","7,178",32,712,73,674
W06000019,,,Blaenau Gwent,"30,416","18,884","10,019","8,865",40,"7,284","3,364","3,920","3,892","3,480",19,303,90,316
W06000020,,,Torfaen,"38,524","25,518","12,176","13,342",199,"9,100","3,840","5,260","3,315","2,894",16,331,74,392
W06000021,,,Monmouthshire,"38,233","28,142","15,269","12,873",141,"5,288","1,590","3,698","4,130","3,651",68,347,64,532
W06000022,,,Newport,"61,172","39,272","18,229","21,043",325,"12,122","5,981","6,141","8,572","7,870",54,510,138,881
,,,,,,,,,,,,,,,,,
,,,,,,,,,,,,,,,,,
1. The Census asked respondents to identify who their landlord is and the results reflect the responses they gave. In the past decade  half of the local authorities in Wales have transferred the management ,,,,,,,,,,,,,,,,,
of all their local authority housing stock to other social landlords. Individuals responding to the Census will report their understanding of their landlord and this may not reflect the actual management,,,,,,,,,,,,,,,,,
arrangements in all cases. ,,,,,,,,,,,,,,,,,
,,,,,,,,,,,,,,,,,
Source: Office for National Statistics,,,,,,,,,,,,,,,,,
