year,area_code,area_name,total_16plus_2021,n_active_excl_students_2021,n_in_employment_excl_students_2021,n_unemployed_excl_students_2021,n_active_ft_student_2021,n_active_ft_student_in_employment_2021,n_active_ft_student_unemployed_2021,n_active_total_2021,n_in_employment_total_2021,n_unemployed_total_2021,n_inactive_2021,n_retired_2021,n_student_inactive_2021,n_home_family_2021,n_long_term_sick_disabled_2021,n_inactive_other_2021,pct_active_total_2021,pct_in_employment_total_2021,pct_unemployed_total_2021,pct_inactive_2021,pct_retired_2021,pct_student_inactive_2021,pct_home_family_2021,pct_long_term_sick_disabled_2021,pct_inactive_other_2021
2021,E06000001,Hartlepool,74685,39487,36846,2641,1264,903,361,40751,37749,3002,33934,17910,3463,4303,5432,2826,54.56,50.54,4.02,45.44,23.98,4.64,5.76,7.27,3.78
2021,E06000002,Middlesbrough,113939,58233,53849,4384,4015,2584,1431,62248,56433,5815,51691,23267,7974,7527,7879,5044,54.63,49.53,5.1,45.37,20.42,7.0,6.61,6.92,4.43
2021,E06000003,Redcar and Cleveland,112340,57807,54282,3525,1817,1338,479,59624,55620,4004,52716,32033,4444,5597,7268,3374,53.07,49.51,3.56,46.93,28.51,3.96,4.98,6.47,3.0
2021,E06000004,Stockton-on-Tees,158008,89315,84174,5141,3027,2268,759,92342,86442,5900,65666,37038,6878,7670,8208,5872,58.44,54.71,3.73,41.56,23.44,4.35,4.85,5.19,3.72
2021,E06000005,Darlington,88103,50768,48103,2665,1561,1193,368,52329,49296,3033,35774,21930,3229,3899,4179,2537,59.4,55.95,3.44,40.6,24.89,3.67,4.43,4.74,2.88
2021,E06000006,Halton,103948,60121,57286,2835,1926,1420,506,62047,58706,3341,41901,22958,3919,4588,7043,3393,59.69,56.48,3.21,40.31,22.09,3.77,4.41,6.78,3.26
2021,E06000007,Warrington,172722,104700,100663,4037,3275,2532,743,107975,103195,4780,64747,39954,6261,6215,7098,5219,62.51,59.75,2.77,37.49,23.13,3.62,3.6,4.11,3.02
2021,E06000008,Blackburn with Darwen,119509,65345,61516,3829,2766,2042,724,68111,63558,4553,51398,21250,7777,9594,7832,4945,56.99,53.18,3.81,43.01,17.78,6.51,8.03,6.55,4.14
2021,E06000009,Blackpool,116338,61973,57545,4428,2378,1816,562,64351,59361,4990,51987,27743,4151,5897,9507,4689,55.31,51.02,4.29,44.69,23.85,3.57,5.07,8.17,4.03
2021,E06000010,"Kingston upon Hull, City of",213875,122835,114053,8782,5320,3735,1585,128155,117788,10367,85720,38511,12766,12530,13717,8196,59.92,55.07,4.85,40.08,18.01,5.97,5.86,6.41,3.83
2021,E06000011,East Riding of Yorkshire,288142,158311,152548,5763,4487,3572,915,162798,156120,6678,125344,89466,9201,9848,9779,7050,56.5,54.18,2.32,43.5,31.05,3.19,3.42,3.39,2.45
2021,E06000012,North East Lincolnshire,127521,70673,67112,3561,2368,1738,630,73041,68850,4191,54480,31788,4588,6597,7468,4039,57.28,53.99,3.29,42.72,24.93,3.6,5.17,5.86,3.17
2021,E06000013,North Lincolnshire,139465,77987,74356,3631,2459,1865,594,80446,76221,4225,59019,37661,4697,6365,6541,3755,57.68,54.65,3.03,42.32,27.0,3.37,4.56,4.69,2.69
2021,E06000014,York,172082,93395,90307,3088,7837,5890,1947,101232,96197,5035,70850,38636,19183,4626,4712,3693,58.83,55.9,2.93,41.17,22.45,11.15,2.69,2.74,2.15
2021,E06000015,Derby,209193,117828,111304,6524,6519,4898,1621,124347,116202,8145,84846,42246,12921,11841,10617,7221,59.44,55.55,3.89,40.56,20.19,6.18,5.66,5.08,3.45
2021,E06000016,Leicester,291012,156924,146536,10388,12648,8396,4252,169572,154932,14640,121440,39005,31850,22739,14583,13263,58.27,53.24,5.03,41.73,13.4,10.94,7.81,5.01,4.56
2021,E06000017,Rutland,34297,18985,18418,567,440,365,75,19425,18783,642,14872,9733,1639,1112,718,1670,56.64,54.77,1.87,43.36,28.38,4.78,3.24,2.09,4.87
2021,E06000018,Nottingham,264321,128319,119330,8989,14616,9536,5080,142935,128866,14069,121386,35362,47342,14182,14440,10060,54.08,48.75,5.32,45.92,13.38,17.91,5.37,5.46,3.81
2021,E06000019,"Herefordshire, County of",157132,89974,86773,3201,2189,1737,452,92163,88510,3653,64969,44635,5017,5836,5614,3867,58.65,56.33,2.32,41.35,28.41,3.19,3.71,3.57,2.46
2021,E06000020,Telford and Wrekin,148670,87567,83442,4125,2813,2053,760,90380,85495,4885,58290,31490,7137,7460,7886,4317,60.79,57.51,3.29,39.21,21.18,4.8,5.02,5.3,2.9
2021,E06000021,Stoke-on-Trent,205899,114783,108821,5962,5189,3759,1430,119972,112580,7392,85927,42209,11268,11930,13167,7353,58.27,54.68,3.59,41.73,20.5,5.47,5.79,6.39,3.57
2021,E06000022,Bath and North East Somerset,161616,88709,85581,3128,5743,4229,1514,94452,89810,4642,67164,35641,18304,5248,4583,3388,58.44,55.57,2.87,41.56,22.05,11.33,3.25,2.84,2.1
2021,E06000023,"Bristol, City of",389708,237400,227604,9796,15252,10906,4346,252652,238510,14142,137056,56502,38164,15014,16350,11026,64.83,61.2,3.63,35.17,14.5,9.79,3.85,4.2,2.83
2021,E06000024,North Somerset,178567,103411,100107,3304,3228,2595,633,106639,102702,3937,71928,49984,6164,5779,6461,3540,59.72,57.51,2.2,40.28,27.99,3.45,3.24,3.62,1.98
2021,E06000025,South Gloucestershire,237366,147707,143392,4315,5759,4220,1539,153466,147612,5854,83900,53153,11240,7439,6581,5487,64.65,62.19,2.47,35.35,22.39,4.74,3.13,2.77,2.31
2021,E06000026,Plymouth,218624,121278,115976,5302,6866,5042,1824,128144,121018,7126,90480,47650,15627,9228,11973,6002,58.61,55.35,3.26,41.39,21.8,7.15,4.22,5.48,2.75
2021,E06000027,Torbay,117030,60685,57665,3020,1694,1270,424,62379,58935,3444,54651,35505,3848,5037,6901,3360,53.3,50.36,2.94,46.7,30.34,3.29,4.3,5.9,2.87
2021,E06000030,Swindon,187151,120635,115523,5112,3267,2343,924,123902,117866,6036,63249,35844,6664,8678,6792,5271,66.2,62.98,3.23,33.8,19.15,3.56,4.64,3.63,2.82
2021,E06000031,Peterborough,167574,103980,98644,5336,3122,2325,797,107102,100969,6133,60472,28974,7401,10040,7453,6604,63.91,60.25,3.66,36.09,17.29,4.42,5.99,4.45,3.94
2021,E06000032,Luton,172695,100863,93542,7321,6983,5176,1807,107846,98718,9128,64849,24233,11636,14512,6720,7748,62.45,57.16,5.29,37.55,14.03,6.74,8.4,3.89,4.49
2021,E06000033,Southend-on-Sea,146410,86264,81513,4751,2372,1746,626,88636,83259,5377,57774,32958,5769,7715,6375,4957,60.54,56.87,3.67,39.46,22.51,3.94,5.27,4.35,3.39
2021,E06000034,Thurrock,136364,87752,83356,4396,3361,2592,769,91113,85948,5165,45251,22845,6137,7452,4430,4387,66.82,63.03,3.79,33.18,16.75,4.5,5.46,3.25,3.22
2021,E06000035,Medway,222755,136138,129425,6713,4433,3179,1254,140571,132604,7967,82184,43599,10373,11940,9062,7210,63.11,59.53,3.58,36.89,19.57,4.66,5.36,4.07,3.24
2021,E06000036,Bracknell Forest,99934,67711,65109,2602,1689,1288,401,69400,66397,3003,30534,17976,3870,3843,2293,2552,69.45,66.44,3.0,30.55,17.99,3.87,3.85,2.29,2.55
2021,E06000037,West Berkshire,130737,83451,80680,2771,2059,1628,431,85510,82308,3202,45227,29405,4780,5173,3029,2840,65.41,62.96,2.45,34.59,22.49,3.66,3.96,2.32,2.17
2021,E06000038,Reading,141357,89882,85319,4563,4811,3545,1266,94693,88864,5829,46664,19262,11606,6925,4249,4622,66.99,62.86,4.12,33.01,13.63,8.21,4.9,3.01,3.27
2021,E06000039,Slough,118933,76660,71482,5178,3059,2217,842,79719,73699,6020,39214,13515,7337,9436,3586,5340,67.03,61.97,5.06,32.97,11.36,6.17,7.93,3.02,4.49
2021,E06000040,Windsor and Maidenhead,123676,78369,74982,3387,1727,1320,407,80096,76302,3794,43580,25997,5929,5943,2440,3271,64.76,61.7,3.07,35.24,21.02,4.79,4.81,1.97,2.64
2021,E06000041,Wokingham,140821,90628,87529,3099,2615,1938,677,93243,89467,3776,47578,29831,6752,5844,2437,2714,66.21,63.53,2.68,33.79,21.18,4.79,4.15,1.73,1.93
2021,E06000042,Milton Keynes,224835,145896,138853,7043,5788,4526,1262,151684,143379,8305,73151,37649,10317,10845,7558,6782,67.46,63.77,3.69,32.54,16.75,4.59,4.82,3.36,3.02
2021,E06000043,Brighton and Hove,235365,139720,132371,7349,10405,6918,3487,150125,139289,10836,85240,35982,23218,8464,10400,7176,63.78,59.18,4.6,36.22,15.29,9.86,3.6,4.42,3.05
2021,E06000044,Portsmouth,170818,97606,92586,5020,7770,5199,2571,105376,97785,7591,65442,29280,15884,7818,7099,5361,61.69,57.25,4.44,38.31,17.14,9.3,4.58,4.16,3.14
2021,E06000045,Southampton,204369,118233,112189,6044,8351,6039,2312,126584,118228,8356,77785,31732,21690,9563,8567,6233,61.94,57.85,4.09,38.06,15.53,10.61,4.68,4.19,3.05
2021,E06000046,Isle of Wight,119584,59979,56824,3155,1420,1085,335,61399,57909,3490,58185,39723,3704,4789,6113,3856,51.34,48.43,2.92,48.66,33.22,3.1,4.0,5.11,3.22
2021,E06000047,County Durham,433958,227221,216177,11044,8263,6038,2225,235484,222215,13269,198474,111234,28153,18945,26631,13511,54.26,51.21,3.06,45.74,25.63,6.49,4.37,6.14,3.11
2021,E06000049,Cheshire East,329474,195245,188417,6828,5044,4070,974,200289,192487,7802,129185,87692,11483,11513,10915,7582,60.79,58.42,2.37,39.21,26.62,3.49,3.49,3.31,2.3
2021,E06000050,Cheshire West and Chester,295358,171131,164459,6672,6097,4629,1468,177228,169088,8140,118130,74806,13057,11215,11888,7164,60.0,57.25,2.76,40.0,25.33,4.42,3.8,4.02,2.43
2021,E06000051,Shropshire,272245,155011,149268,5743,3899,3154,745,158910,152422,6488,113335,77553,9687,9814,9574,6707,58.37,55.99,2.38,41.63,28.49,3.56,3.6,3.52,2.46
2021,E06000052,Cornwall,477425,258345,248064,10281,8277,6183,2094,266622,254247,12375,210803,137684,20078,19543,21347,12151,55.85,53.25,2.59,44.15,28.84,4.21,4.09,4.47,2.55
2021,E06000053,Isles of Scilly,1729,1116,1102,14,12,11,1,1128,1113,15,601,462,20,59,23,37,65.24,64.37,0.87,34.76,26.72,1.16,3.41,1.33,2.14
2021,E06000054,Wiltshire,419114,255780,247436,8344,6295,4909,1386,262075,252345,9730,157039,104683,14018,15830,12366,10142,62.53,60.21,2.32,37.47,24.98,3.34,3.78,2.95,2.42
2021,E06000055,Bedford,148118,92580,88412,4168,3231,2453,778,95811,90865,4946,52307,29260,6327,6928,4999,4793,64.69,61.35,3.34,35.31,19.75,4.27,4.68,3.38,3.24
2021,E06000056,Central Bedfordshire,236760,152985,147841,5144,4307,3236,1071,157292,151077,6215,79468,50740,8367,9096,6167,5098,66.44,63.81,2.63,33.56,21.43,3.53,3.84,2.6,2.15
2021,E06000057,Northumberland,268850,145197,138170,7027,3405,2610,795,148602,140780,7822,120248,81177,8490,10331,12235,8015,55.27,52.36,2.91,44.73,30.19,3.16,3.84,4.55,2.98
2021,E06000058,"Bournemouth, Christchurch and Poole",334908,187945,179439,8506,9270,6591,2679,197215,186030,11185,137693,82995,20405,12560,13135,8598,58.89,55.55,3.34,41.11,24.78,6.09,3.75,3.92,2.57
2021,E06000059,Dorset,321900,170185,164286,5899,4496,3491,1005,174681,167777,6904,147219,107446,9712,11610,10596,7855,54.27,52.12,2.14,45.73,33.38,3.02,3.61,3.29,2.44
2021,E06000060,Buckinghamshire,443394,278024,267479,10545,7463,5756,1707,285487,273235,12252,157907,95934,19441,21233,9709,11590,64.39,61.62,2.76,35.61,21.64,4.38,4.79,2.19,2.61
2021,E06000061,North Northamptonshire,289187,181232,174688,6544,5429,4169,1260,186661,178857,7804,102526,62160,9894,11782,11119,7571,64.55,61.85,2.7,35.45,21.49,3.42,4.07,3.84,2.62
2021,E06000062,West Northamptonshire,343503,217286,209093,8193,9095,6903,2192,226381,215996,10385,117122,68969,14698,13293,10425,9737,65.9,62.88,3.02,34.1,20.08,4.28,3.87,3.03,2.83
2021,E07000008,Cambridge,124765,67777,65351,2426,6436,5247,1189,74213,70598,3615,50552,14640,25692,4214,3144,2862,59.48,56.58,2.9,40.52,11.73,20.59,3.38,2.52,2.29
2021,E07000009,East Cambridgeshire,71429,45238,43929,1309,977,766,211,46215,44695,1520,25214,16756,2373,2783,1857,1445,64.7,62.57,2.13,35.3,23.46,3.32,3.9,2.6,2.02
2021,E07000010,Fenland,84835,48342,46315,2027,1050,794,256,49392,47109,2283,35443,22325,2455,4110,3932,2621,58.22,55.53,2.69,41.78,26.32,2.89,4.84,4.63,3.09
2021,E07000011,Huntingdonshire,148261,92522,89551,2971,2328,1840,488,94850,91391,3459,53411,35001,4482,5592,4104,4232,63.98,61.64,2.33,36.02,23.61,3.02,3.77,2.77,2.85
2021,E07000012,South Cambridgeshire,130361,83033,80664,2369,2016,1603,413,85049,82267,2782,45312,29592,5473,4943,2873,2431,65.24,63.11,2.13,34.76,22.7,4.2,3.79,2.2,1.86
2021,E07000026,Allerdale,80510,45104,43507,1597,911,728,183,46015,44235,1780,34495,23271,2311,2917,3837,2159,57.15,54.94,2.21,42.85,28.9,2.87,3.62,4.77,2.68
2021,E07000027,Barrow-in-Furness,55834,31857,30557,1300,835,626,209,32692,31183,1509,23142,14603,1465,2143,3307,1624,58.55,55.85,2.7,41.45,26.15,2.62,3.84,5.92,2.91
2021,E07000028,Carlisle,91343,53544,51658,1886,1728,1292,436,55272,52950,2322,36071,23277,3156,3041,4202,2395,60.51,57.97,2.54,39.49,25.48,3.46,3.33,4.6,2.62
2021,E07000029,Copeland,56009,31305,30084,1221,641,487,154,31946,30571,1375,24063,15578,1547,2181,3088,1669,57.04,54.58,2.45,42.96,27.81,2.76,3.89,5.51,2.98
2021,E07000030,Eden,46635,27547,26779,768,636,556,80,28183,27335,848,18452,13344,1234,1450,1360,1064,60.43,58.61,1.82,39.57,28.61,2.65,3.11,2.92,2.28
2021,E07000031,South Lakeland,89703,50212,48955,1257,1424,1182,242,51636,50137,1499,38067,28738,2725,2296,2246,2062,57.56,55.89,1.67,42.44,32.04,3.04,2.56,2.5,2.3
2021,E07000032,Amber Valley,105066,61153,59008,2145,1472,1163,309,62625,60171,2454,42441,28168,3192,4134,4499,2448,59.61,57.27,2.34,40.39,26.81,3.04,3.93,4.28,2.33
2021,E07000033,Bolsover,66278,38647,37305,1342,1006,795,211,39653,38100,1553,26625,15972,1917,2954,4049,1733,59.83,57.49,2.34,40.17,24.1,2.89,4.46,6.11,2.61
2021,E07000034,Chesterfield,86004,48614,46597,2017,1269,935,334,49883,47532,2351,36121,22116,2706,3670,5262,2367,58.0,55.27,2.73,42.0,25.72,3.15,4.27,6.12,2.75
2021,E07000035,Derbyshire Dales,61061,33639,32612,1027,734,617,117,34373,33229,1144,26688,19479,1954,2017,1695,1543,56.29,54.42,1.87,43.71,31.9,3.2,3.3,2.78,2.53
2021,E07000036,Erewash,93526,56072,53857,2215,1406,1109,297,57478,54966,2512,36048,23099,2907,3495,4238,2309,61.46,58.77,2.69,38.54,24.7,3.11,3.74,4.53,2.47
2021,E07000037,High Peak,75662,45411,43740,1671,1070,876,194,46481,44616,1865,29181,19735,2633,2252,2825,1736,61.43,58.97,2.46,38.57,26.08,3.48,2.98,3.73,2.29
2021,E07000038,North East Derbyshire,85275,47285,45662,1623,1186,902,284,48471,46564,1907,36804,25084,2507,3226,4069,1918,56.84,54.6,2.24,43.16,29.42,2.94,3.78,4.77,2.25
2021,E07000039,South Derbyshire,86956,54429,52745,1684,1478,1162,316,55907,53907,2000,31049,19931,2941,3339,2862,1976,64.29,61.99,2.3,35.71,22.92,3.38,3.84,3.29,2.27
2021,E07000040,East Devon,127388,67569,65374,2195,1620,1353,267,69189,66727,2462,58199,43583,3672,4310,3866,2768,54.31,52.38,1.93,45.69,34.21,2.88,3.38,3.03,2.17
2021,E07000041,Exeter,111331,58300,56171,2129,4956,3530,1426,63256,59701,3555,48075,20560,17633,3185,4077,2620,56.82,53.62,3.19,43.18,18.47,15.84,2.86,3.66,2.35
2021,E07000042,Mid Devon,68203,40656,39471,1185,998,808,190,41654,40279,1375,26549,18047,2208,2495,2315,1484,61.07,59.06,2.02,38.93,26.46,3.24,3.66,3.39,2.18
2021,E07000043,North Devon,82194,45993,44292,1701,1145,874,271,47138,45166,1972,35056,24057,2516,3150,3309,2024,57.35,54.95,2.4,42.65,29.27,3.06,3.83,4.03,2.46
2021,E07000044,South Hams,74968,40990,39749,1241,1023,836,187,42013,40585,1428,32955,23739,2459,2618,2499,1640,56.04,54.14,1.9,43.96,31.67,3.28,3.49,3.33,2.19
2021,E07000045,Teignbridge,113461,62974,60879,2095,1562,1258,304,64536,62137,2399,48925,34764,3361,3944,4030,2826,56.88,54.77,2.11,43.12,30.64,2.96,3.48,3.55,2.49
2021,E07000046,Torridge,57560,30748,29541,1207,670,513,157,31418,30054,1364,26142,18399,1563,2236,2566,1378,54.58,52.21,2.37,45.42,31.96,2.72,3.88,4.46,2.39
2021,E07000047,West Devon,48362,25755,24906,849,562,478,84,26317,25384,933,22045,15401,1622,1802,1833,1387,54.42,52.49,1.93,45.58,31.85,3.35,3.73,3.79,2.87
2021,E07000061,Eastbourne,84573,45099,42639,2460,1658,1192,466,46757,43831,2926,37816,23696,3643,3636,4263,2578,55.29,51.83,3.46,44.71,28.02,4.31,4.3,5.04,3.05
2021,E07000062,Hastings,74702,42628,40074,2554,1144,823,321,43772,40897,2875,30930,17008,2839,3748,4760,2575,58.6,54.75,3.85,41.4,22.77,3.8,5.02,6.37,3.45
2021,E07000063,Lewes,83221,45525,43563,1962,1275,943,332,46800,44506,2294,36421,24569,3071,3288,3204,2289,56.24,53.48,2.76,43.76,29.52,3.69,3.95,3.85,2.75
2021,E07000064,Rother,79489,38988,37249,1739,926,685,241,39914,37934,1980,39575,28552,2490,3302,3163,2068,50.21,47.72,2.49,49.79,35.92,3.13,4.15,3.98,2.6
2021,E07000065,Wealden,133648,75662,73127,2535,1842,1416,426,77504,74543,2961,56144,39413,4469,5490,3752,3020,57.99,55.78,2.22,42.01,29.49,3.34,4.11,2.81,2.26
2021,E07000066,Basildon,148662,91388,87012,4376,2583,1998,585,93971,89010,4961,54691,30890,5341,8233,5872,4355,63.21,59.87,3.34,36.79,20.78,3.59,5.54,3.95,2.93
2021,E07000067,Braintree,126567,77809,74782,3027,2025,1500,525,79834,76282,3552,46733,29817,3951,5612,4136,3217,63.08,60.27,2.81,36.92,23.56,3.12,4.43,3.27,2.54
2021,E07000068,Brentwood,62866,38687,37266,1421,819,634,185,39506,37900,1606,23360,14925,2354,3090,1440,1551,62.84,60.29,2.55,37.16,23.74,3.74,4.92,2.29,2.47
2021,E07000069,Castle Point,74405,41813,40177,1636,1091,825,266,42904,41002,1902,31501,21679,2188,3405,2455,1774,57.66,55.11,2.56,42.34,29.14,2.94,4.58,3.3,2.38
2021,E07000070,Chelmsford,147737,90993,87670,3323,2851,2191,660,93844,89861,3983,53893,33929,5868,6336,3682,4078,63.52,60.82,2.7,36.48,22.97,3.97,4.29,2.49,2.76
2021,E07000071,Colchester,156342,92402,88573,3829,5093,3442,1651,97495,92015,5480,58847,32844,10221,6689,5185,3908,62.36,58.85,3.51,37.64,21.01,6.54,4.28,3.32,2.5
2021,E07000072,Epping Forest,109932,67696,64630,3066,1534,1166,368,69230,65796,3434,40702,23997,4809,5543,2956,3397,62.98,59.85,3.12,37.02,21.83,4.37,5.04,2.69,3.09
2021,E07000073,Harlow,73102,47280,44829,2451,1546,1152,394,48826,45981,2845,24276,12545,2686,3770,2901,2374,66.79,62.9,3.89,33.21,17.16,3.67,5.16,3.97,3.25
2021,E07000074,Maldon,55426,31877,30705,1172,704,549,155,32581,31254,1327,22845,15751,1696,2571,1593,1234,58.78,56.39,2.39,41.22,28.42,3.06,4.64,2.87,2.23
2021,E07000075,Rochford,70713,41446,39878,1568,1039,783,256,42485,40661,1824,28228,19641,2259,3065,1671,1592,60.08,57.5,2.58,39.92,27.78,3.19,4.33,2.36,2.25
2021,E07000076,Tendring,124890,60619,57207,3412,1513,1073,440,62132,58280,3852,62758,42714,3627,6140,6725,3552,49.75,46.67,3.08,50.25,34.2,2.9,4.92,5.38,2.84
2021,E07000077,Uttlesford,73519,46479,44968,1511,991,772,219,47470,45740,1730,26049,16857,2847,3334,1428,1583,64.57,62.22,2.35,35.43,22.93,3.87,4.53,1.94,2.15
2021,E07000078,Cheltenham,98436,59447,57300,2147,2426,1857,569,61873,59157,2716,36563,22189,5344,3562,3034,2434,62.86,60.1,2.76,37.14,22.54,5.43,3.62,3.08,2.47
2021,E07000079,Cotswold,76315,44563,43200,1363,1089,879,210,45652,44079,1573,30663,21566,2766,3045,1650,1636,59.82,57.76,2.06,40.18,28.26,3.62,3.99,2.16,2.14
2021,E07000080,Forest of Dean,73046,40756,39208,1548,1021,781,240,41777,39989,1788,31269,20541,3052,2958,2962,1756,57.19,54.74,2.45,42.81,28.12,4.18,4.05,4.05,2.4
2021,E07000081,Gloucester,106939,66315,63688,2627,2641,1933,708,68956,65621,3335,37983,21129,4728,4383,4560,3183,64.48,61.36,3.12,35.52,19.76,4.42,4.1,4.26,2.98
2021,E07000082,Stroud,100197,60507,58712,1795,1531,1207,324,62038,59919,2119,38159,26641,3271,3210,2888,2149,61.92,59.8,2.11,38.08,26.59,3.26,3.2,2.88,2.14
2021,E07000083,Tewkesbury,77353,47119,45648,1471,1107,876,231,48226,46524,1702,29127,20382,2426,2711,2021,1587,62.35,60.15,2.2,37.65,26.35,3.14,3.5,2.61,2.05
2021,E07000084,Basingstoke and Deane,149807,98627,95072,3555,2481,1901,580,101108,96973,4135,48699,30550,4464,6085,4000,3600,67.49,64.73,2.76,32.51,20.39,2.98,4.06,2.67,2.4
2021,E07000085,East Hampshire,103829,62511,60497,2014,1604,1235,369,64115,61732,2383,39714,27237,3734,4094,2485,2164,61.75,59.46,2.3,38.25,26.23,3.6,3.94,2.39,2.08
2021,E07000086,Eastleigh,110330,70179,67978,2201,2033,1536,497,72212,69514,2698,38118,25854,3328,3841,2882,2213,65.45,63.01,2.45,34.55,23.43,3.02,3.48,2.61,2.01
2021,E07000087,Fareham,95636,56075,54388,1687,1618,1241,377,57693,55629,2064,37943,28062,2784,3008,2283,1806,60.33,58.17,2.16,39.67,29.34,2.91,3.15,2.39,1.89
2021,E07000088,Gosport,67213,39443,37664,1779,1125,822,303,40568,38486,2082,26645,17053,2132,2840,2846,1774,60.36,57.26,3.1,39.64,25.37,3.17,4.23,4.23,2.64
2021,E07000089,Hart,80326,51045,49395,1650,1366,1049,317,52411,50444,1967,27915,18988,2798,3254,1316,1559,65.25,62.8,2.45,34.75,23.64,3.48,4.05,1.64,1.94
2021,E07000090,Havant,102866,57575,55015,2560,1775,1354,421,59350,56369,2981,43516,29095,2912,4481,4457,2571,57.7,54.8,2.9,42.3,28.28,2.83,4.36,4.33,2.5
2021,E07000091,New Forest,148742,79645,76975,2670,2132,1725,407,81777,78700,3077,66965,49741,4102,5422,4408,3292,54.98,52.91,2.07,45.02,33.44,2.76,3.65,2.96,2.21
2021,E07000092,Rushmoor,80872,54036,51888,2148,1512,1129,383,55548,53017,2531,25324,13875,2639,3474,2431,2905,68.69,65.56,3.13,31.31,17.16,3.26,4.3,3.01,3.59
2021,E07000093,Test Valley,106753,66449,64507,1942,1722,1355,367,68171,65862,2309,38582,26325,3189,3955,2853,2260,63.86,61.7,2.16,36.14,24.66,2.99,3.7,2.67,2.12
2021,E07000094,Winchester,104750,60166,58271,1895,3123,2302,821,63289,60573,2716,41461,25233,7496,3939,2385,2408,60.42,57.83,2.59,39.58,24.09,7.16,3.76,2.28,2.3
2021,E07000095,Broxbourne,79437,49525,47218,2307,1444,1088,356,50969,48306,2663,28468,16170,3223,4032,2530,2513,64.16,60.81,3.35,35.84,20.36,4.06,5.08,3.18,3.16
2021,E07000096,Dacorum,123783,78594,75473,3121,2197,1726,471,80791,77199,3592,42992,25360,4679,5495,3624,3834,65.27,62.37,2.9,34.73,20.49,3.78,4.44,2.93,3.1
2021,E07000098,Hertsmere,86193,53936,51513,2423,1590,1254,336,55526,52767,2759,30667,16674,4744,4108,2542,2599,64.42,61.22,3.2,35.58,19.34,5.5,4.77,2.95,3.02
2021,E07000099,North Hertfordshire,107743,68232,65772,2460,1779,1390,389,70011,67162,2849,37732,24393,3715,4201,3083,2340,64.98,62.34,2.64,35.02,22.64,3.45,3.9,2.86,2.17
2021,E07000102,Three Rivers,75002,47863,45974,1889,1230,973,257,49093,46947,2146,25909,15494,3498,3395,1738,1784,65.46,62.59,2.86,34.54,20.66,4.66,4.53,2.32,2.38
2021,E07000103,Watford,80963,54034,51350,2684,1907,1509,398,55941,52859,3082,25022,11830,3935,4302,2204,2751,69.09,65.29,3.81,30.91,14.61,4.86,5.31,2.72,3.4
2021,E07000105,Ashford,106770,64829,62236,2593,1851,1380,471,66680,63616,3064,40090,24070,3927,5433,3636,3024,62.45,59.58,2.87,37.55,22.54,3.68,5.09,3.41,2.83
2021,E07000106,Canterbury,132778,65185,62113,3072,6219,4056,2163,71404,66169,5235,61374,32948,15126,5233,4923,3144,53.78,49.83,3.94,46.22,24.81,11.39,3.94,3.71,2.37
2021,E07000107,Dartford,90698,60254,57651,2603,1573,1172,401,61827,58823,3004,28871,15469,3796,4468,2582,2556,68.17,64.86,3.31,31.83,17.06,4.19,4.93,2.85,2.82
2021,E07000108,Dover,96135,52668,49987,2681,1314,942,372,53982,50929,3053,42153,26880,3474,4378,4627,2794,56.15,52.98,3.18,43.85,27.96,3.61,4.55,4.81,2.91
2021,E07000109,Gravesham,84556,51478,48660,2818,1534,1101,433,53012,49761,3251,31544,17407,3565,4674,3103,2795,62.69,58.85,3.84,37.31,20.59,4.22,5.53,3.67,3.31
2021,E07000110,Maidstone,142136,88057,84728,3329,2206,1681,525,90263,86409,3854,51873,31642,5022,6661,4483,4065,63.5,60.79,2.71,36.5,22.26,3.53,4.69,3.15,2.86
2021,E07000111,Sevenoaks,96603,57527,55457,2070,1201,927,274,58728,56384,2344,37875,24163,3815,5153,2431,2313,60.79,58.37,2.43,39.21,25.01,3.95,5.33,2.52,2.39
2021,E07000112,Folkestone and Hythe,91555,49407,46820,2587,1358,999,359,50765,47819,2946,40790,26200,3005,4259,4545,2781,55.45,52.23,3.22,44.55,28.62,3.28,4.65,4.96,3.04
2021,E07000113,Swale,121998,71392,67922,3470,1725,1279,446,73117,69201,3916,48881,27486,4270,6737,5476,4912,59.93,56.72,3.21,40.07,22.53,3.5,5.52,4.49,4.03
2021,E07000114,Thanet,115413,61572,57900,3672,1765,1289,476,63337,59189,4148,52076,32193,4152,5915,6218,3598,54.88,51.28,3.59,45.12,27.89,3.6,5.13,5.39,3.12
2021,E07000115,Tonbridge and Malling,105526,65439,63241,2198,1552,1185,367,66991,64426,2565,38535,24153,4119,5005,2958,2300,63.48,61.05,2.43,36.52,22.89,3.9,4.74,2.8,2.18
2021,E07000116,Tunbridge Wells,92402,57062,54964,2098,1222,934,288,58284,55898,2386,34118,20755,3940,4547,2631,2245,63.08,60.49,2.58,36.92,22.46,4.26,4.92,2.85,2.43
2021,E07000117,Burnley,75200,41349,38967,2382,1386,1068,318,42735,40035,2700,32465,16302,3525,4662,5046,2930,56.83,53.24,3.59,43.17,21.68,4.69,6.2,6.71,3.9
2021,E07000118,Chorley,96370,57743,55853,1890,1767,1391,376,59510,57244,2266,36860,23867,2996,3041,3788,3168,61.75,59.4,2.35,38.25,24.77,3.11,3.16,3.93,3.29
2021,E07000119,Fylde,69251,36219,34818,1401,1120,900,220,37339,35718,1621,31912,23015,2192,2134,2684,1887,53.92,51.58,2.34,46.08,33.23,3.17,3.08,3.88,2.72
2021,E07000120,Hyndburn,65631,36566,34663,1903,1277,964,313,37843,35627,2216,27788,14681,3055,3563,4220,2269,57.66,54.28,3.38,42.34,22.37,4.65,5.43,6.43,3.46
2021,E07000121,Lancaster,119638,61775,59425,2350,4005,2974,1031,65780,62399,3381,53858,28643,12813,3963,5179,3260,54.98,52.16,2.83,45.02,23.94,10.71,3.31,4.33,2.72
2021,E07000122,Pendle,75224,40626,38544,2082,1386,1081,305,42012,39625,2387,33212,16708,3851,5581,3919,3153,55.85,52.68,3.17,44.15,22.21,5.12,7.42,5.21,4.19
2021,E07000123,Preston,118670,65664,62664,3000,5527,3970,1557,71191,66634,4557,47479,21298,9397,6370,6125,4289,59.99,56.15,3.84,40.01,17.95,7.92,5.37,5.16,3.61
2021,E07000124,Ribble Valley,51465,30416,29685,731,835,700,135,31251,30385,866,20214,14898,1813,1241,1267,995,60.72,59.04,1.68,39.28,28.95,3.52,2.41,2.46,1.93
2021,E07000125,Rossendale,57301,33751,32378,1373,929,740,189,34680,33118,1562,22621,13342,2307,2337,2921,1714,60.52,57.8,2.73,39.48,23.28,4.03,4.08,5.1,2.99
2021,E07000126,South Ribble,91498,55005,53348,1657,1749,1361,388,56754,54709,2045,34744,24146,2887,2567,3294,1850,62.03,59.79,2.24,37.97,26.39,3.16,2.81,3.6,2.02
2021,E07000127,West Lancashire,98334,53081,51052,2029,3442,2495,947,56523,53547,2976,41811,24720,7360,3376,4036,2319,57.48,54.45,3.03,42.52,25.14,7.48,3.43,4.1,2.36
2021,E07000128,Wyre,94352,48640,46551,2089,1667,1284,383,50307,47835,2472,44045,30900,3295,3067,4565,2218,53.32,50.7,2.62,46.68,32.75,3.49,3.25,4.84,2.35
2021,E07000129,Blaby,83666,52098,50430,1668,1413,1016,397,53511,51446,2065,30155,20668,2866,2722,2165,1734,63.96,61.49,2.47,36.04,24.7,3.43,3.25,2.59,2.07
2021,E07000130,Charnwood,153100,84588,81592,2996,4581,3207,1374,89169,84799,4370,63931,33837,16694,5212,4709,3479,58.24,55.39,2.85,41.76,22.1,10.9,3.4,3.08,2.27
2021,E07000131,Harborough,80427,49034,47711,1323,1281,1059,222,50315,48770,1545,30112,20669,3124,2561,1809,1949,62.56,60.64,1.92,37.44,25.7,3.88,3.18,2.25,2.42
2021,E07000132,Hinckley and Bosworth,93916,56602,54838,1764,1342,1047,295,57944,55885,2059,35972,25021,3036,3022,2907,1986,61.7,59.51,2.19,38.3,26.64,3.23,3.22,3.1,2.11
2021,E07000133,Melton,42948,25734,24947,787,635,521,114,26369,25468,901,16579,11652,1375,1572,1100,880,61.4,59.3,2.1,38.6,27.13,3.2,3.66,2.56,2.05
2021,E07000134,North West Leicestershire,86165,52662,50940,1722,1339,1021,318,54001,51961,2040,32164,20824,3521,3174,2838,1807,62.67,60.3,2.37,37.33,24.17,4.09,3.68,3.29,2.1
2021,E07000135,Oadby and Wigston,47210,26511,25369,1142,930,620,310,27441,25989,1452,19769,11743,3313,1978,1505,1230,58.13,55.05,3.08,41.87,24.87,7.02,4.19,3.19,2.61
2021,E07000136,Boston,57584,34354,32943,1411,906,688,218,35260,33631,1629,22324,13670,1942,2401,2533,1778,61.23,58.4,2.83,38.77,23.74,3.37,4.17,4.4,3.09
2021,E07000137,East Lindsey,121420,57820,54579,3241,1268,1000,268,59088,55579,3509,62332,42477,3430,5948,7006,3471,48.66,45.77,2.89,51.34,34.98,2.82,4.9,5.77,2.86
2021,E07000138,Lincoln,87064,45851,43552,2299,4739,3163,1576,50590,46715,3875,36474,14563,11422,3620,4136,2733,58.11,53.66,4.45,41.89,16.73,13.12,4.16,4.75,3.14
2021,E07000139,North Kesteven,98017,57413,55685,1728,1565,1209,356,58978,56894,2084,39039,27277,3173,3498,3155,1936,60.17,58.05,2.13,39.83,27.83,3.24,3.57,3.22,1.98
2021,E07000140,South Holland,78998,46215,44457,1758,994,777,217,47209,45234,1975,31789,21609,2085,3442,2866,1787,59.76,57.26,2.5,40.24,27.35,2.64,4.36,3.63,2.26
2021,E07000141,South Kesteven,118011,69507,66909,2598,1678,1286,392,71185,68195,2990,46826,32061,3933,4523,3687,2622,60.32,57.79,2.53,39.68,27.17,3.33,3.83,3.12,2.22
2021,E07000142,West Lindsey,79120,43080,41326,1754,1079,812,267,44159,42138,2021,34961,23586,2677,3381,3499,1818,55.81,53.26,2.55,44.19,29.81,3.38,4.27,4.42,2.3
2021,E07000143,Breckland,117855,66847,64384,2463,1593,1254,339,68440,65638,2802,49415,33638,3144,4893,4418,3322,58.07,55.69,2.38,41.93,28.54,2.67,4.15,3.75,2.82
2021,E07000144,Broadland,110505,63209,61329,1880,1618,1260,358,64827,62589,2238,45678,33068,3198,3776,3481,2155,58.66,56.64,2.03,41.34,29.92,2.89,3.42,3.15,1.95
2021,E07000145,Great Yarmouth,82719,43238,40277,2961,1237,862,375,44475,41139,3336,38244,22886,2899,4590,5040,2829,53.77,49.73,4.03,46.23,27.67,3.5,5.55,6.09,3.42
2021,E07000146,King's Lynn and West Norfolk,128888,70828,68058,2770,1571,1162,409,72399,69220,3179,56489,38526,3453,5709,5491,3310,56.17,53.71,2.47,43.83,29.89,2.68,4.43,4.26,2.57
2021,E07000147,North Norfolk,89143,42793,41014,1779,823,643,180,43616,41657,1959,45527,33241,2316,3731,3708,2531,48.93,46.73,2.2,51.07,37.29,2.6,4.19,4.16,2.84
2021,E07000148,Norwich,120763,65708,62050,3658,5347,3670,1677,71055,65720,5335,49708,20148,14041,5241,6244,4034,58.84,54.42,4.42,41.16,16.68,11.63,4.34,5.17,3.34
2021,E07000149,South Norfolk,117219,68411,66427,1984,1679,1322,357,70090,67749,2341,47129,33259,3869,4212,3520,2269,59.79,57.8,2.0,40.21,28.37,3.3,3.59,3.0,1.94
2021,E07000163,Craven,48283,27319,26600,719,624,531,93,27943,27131,812,20340,15340,1413,1380,1266,941,57.87,56.19,1.68,42.13,31.77,2.93,2.86,2.62,1.95
2021,E07000164,Hambleton,76985,43724,42548,1176,1013,857,156,44737,43405,1332,32248,23851,2273,2502,2012,1610,58.11,56.38,1.73,41.89,30.98,2.95,3.25,2.61,2.09
2021,E07000165,Harrogate,135306,80221,77944,2277,2065,1742,323,82286,79686,2600,53020,36343,5678,4557,3547,2895,60.81,58.89,1.92,39.19,26.86,4.2,3.37,2.62,2.14
2021,E07000166,Richmondshire,41736,24994,24257,737,532,418,114,25526,24675,851,16210,11311,1159,1423,993,1324,61.16,59.12,2.04,38.84,27.1,2.78,3.41,2.38,3.17
2021,E07000167,Ryedale,46325,26232,25494,738,540,467,73,26772,25961,811,19553,14178,1408,1680,1287,1000,57.79,56.04,1.75,42.21,30.61,3.04,3.63,2.78,2.16
2021,E07000168,Scarborough,92109,47620,45447,2173,1354,1102,252,48974,46549,2425,43135,29122,2916,3581,4778,2738,53.17,50.54,2.63,46.83,31.62,3.17,3.89,5.19,2.97
2021,E07000169,Selby,75430,46664,45205,1459,1168,916,252,47832,46121,1711,27598,19111,2344,2559,2145,1439,63.41,61.14,2.27,36.59,25.34,3.11,3.39,2.84,1.91
2021,E07000170,Ashfield,102843,60026,57290,2736,1505,1137,368,61531,58427,3104,41312,24591,3269,4864,5867,2721,59.83,56.81,3.02,40.17,23.91,3.18,4.73,5.7,2.65
2021,E07000171,Bassetlaw,97370,55821,53777,2044,1461,1143,318,57282,54920,2362,40088,25480,2883,3860,4599,3266,58.83,56.4,2.43,41.17,26.17,2.96,3.96,4.72,3.35
2021,E07000172,Broxtowe,92538,52479,50471,2008,1936,1444,492,54415,51915,2500,38123,24000,5430,3269,3388,2036,58.8,56.1,2.7,41.2,25.94,5.87,3.53,3.66,2.2
2021,E07000173,Gedling,96462,57258,55102,2156,1431,1084,347,58689,56186,2503,37773,24803,3545,3314,3788,2323,60.84,58.25,2.59,39.16,25.71,3.68,3.44,3.93,2.41
2021,E07000174,Mansfield,90170,52442,50240,2202,1440,1127,313,53882,51367,2515,36288,21272,2702,4117,5559,2638,59.76,56.97,2.79,40.24,23.59,3.0,4.57,6.17,2.93
2021,E07000175,Newark and Sherwood,101968,58015,55900,2115,1547,1214,333,59562,57114,2448,42406,27164,3785,4150,4305,3002,58.41,56.01,2.4,41.59,26.64,3.71,4.07,4.22,2.94
2021,E07000176,Rushcliffe,97724,57196,55484,1712,1920,1494,426,59116,56978,2138,38608,25544,5660,2920,2245,2239,60.49,58.31,2.19,39.51,26.14,5.79,2.99,2.3,2.29
2021,E07000177,Cherwell,130586,86083,83246,2837,2114,1724,390,88197,84970,3227,42389,25933,4338,5099,3448,3571,67.54,65.07,2.47,32.46,19.86,3.32,3.9,2.64,2.73
2021,E07000178,Oxford,136718,70771,67786,2985,6898,5540,1358,77669,73326,4343,59049,16402,29820,5256,3593,3978,56.81,53.63,3.18,43.19,12.0,21.81,3.84,2.63,2.91
2021,E07000179,South Oxfordshire,121491,77479,75136,2343,1657,1340,317,79136,76476,2660,42355,28043,4445,4661,2455,2751,65.14,62.95,2.19,34.86,23.08,3.66,3.84,2.02,2.26
2021,E07000180,Vale of White Horse,112425,71537,69442,2095,1743,1421,322,73280,70863,2417,39145,25671,4440,4199,2429,2406,65.18,63.03,2.15,34.82,22.83,3.95,3.73,2.16,2.14
2021,E07000181,West Oxfordshire,93810,59526,57881,1645,1283,1045,238,60809,58926,1883,33001,22509,2993,3491,2033,1975,64.82,62.81,2.01,35.18,23.99,3.19,3.72,2.17,2.11
2021,E07000187,Mendip,96052,56449,54507,1942,1411,1164,247,57860,55671,2189,38192,25472,3703,3626,3183,2208,60.24,57.96,2.28,39.76,26.52,3.86,3.78,3.31,2.3
2021,E07000188,Sedgemoor,103782,59861,57708,2153,1818,1440,378,61679,59148,2531,42103,28220,2917,4216,4179,2571,59.43,56.99,2.44,40.57,27.19,2.81,4.06,4.03,2.48
2021,E07000189,South Somerset,143817,81984,79308,2676,2088,1627,461,84072,80935,3137,59745,42094,4113,5388,4950,3200,58.46,56.28,2.18,41.54,29.27,2.86,3.75,3.44,2.23
2021,E07000192,Cannock Chase,82478,50028,47884,2144,1350,993,357,51378,48877,2501,31100,18874,2465,3600,3952,2209,62.29,59.26,3.03,37.71,22.88,2.99,4.36,4.79,2.68
2021,E07000193,East Staffordshire,100507,60267,57852,2415,1906,1464,442,62173,59316,2857,38334,22676,3783,4738,3757,3380,61.86,59.02,2.84,38.14,22.56,3.76,4.71,3.74,3.36
2021,E07000194,Lichfield,88597,51284,49433,1851,1355,1040,315,52639,50473,2166,35958,24896,2957,3106,2757,2242,59.41,56.97,2.44,40.59,28.1,3.34,3.51,3.11,2.53
2021,E07000195,Newcastle-under-Lyme,103184,56770,54631,2139,2873,2052,821,59643,56683,2960,43541,26165,6820,3669,4619,2268,57.8,54.93,2.87,42.2,25.36,6.61,3.56,4.48,2.2
2021,E07000196,South Staffordshire,93372,51697,49733,1964,1269,966,303,52966,50699,2267,40406,26824,2985,3266,3007,4324,56.73,54.3,2.43,43.27,28.73,3.2,3.5,3.22,4.63
2021,E07000197,Stafford,113614,66303,64069,2234,2082,1696,386,68385,65765,2620,45229,30951,3652,3849,3848,2929,60.19,57.88,2.31,39.81,27.24,3.21,3.39,3.39,2.58
2021,E07000198,Staffordshire Moorlands,80856,45268,43970,1298,1382,1067,315,46650,45037,1613,34206,24501,2438,2461,3041,1765,57.7,55.7,1.99,42.3,30.3,3.02,3.04,3.76,2.18
2021,E07000199,Tamworth,63793,38911,37209,1702,1318,952,366,40229,38161,2068,23564,14540,2039,2767,2659,1559,63.06,59.82,3.24,36.94,22.79,3.2,4.34,4.17,2.44
2021,E07000200,Babergh,77378,43629,42028,1601,1195,928,267,44824,42956,1868,32554,23205,2473,3128,2138,1610,57.93,55.51,2.41,42.07,29.99,3.2,4.04,2.76,2.08
2021,E07000202,Ipswich,111832,68620,65187,3433,2496,1839,657,71116,67026,4090,40716,21884,4594,5693,5033,3512,63.59,59.93,3.66,36.41,19.57,4.11,5.09,4.5,3.14
2021,E07000203,Mid Suffolk,86305,50524,49048,1476,1235,976,259,51759,50024,1735,34546,24707,2574,3175,2352,1738,59.97,57.96,2.01,40.03,28.63,2.98,3.68,2.73,2.01
2021,E07000207,Elmbridge,108774,68509,65827,2682,1491,1153,338,70000,66980,3020,38774,22798,5179,6187,2125,2485,64.35,61.58,2.78,35.65,20.96,4.76,5.69,1.95,2.28
2021,E07000208,Epsom and Ewell,64607,40544,39051,1493,1173,859,314,41717,39910,1807,22890,13814,3359,2778,1463,1476,64.57,61.77,2.8,35.43,21.38,5.2,4.3,2.26,2.28
2021,E07000209,Guildford,119356,69090,66635,2455,4339,3139,1200,73429,69774,3655,45927,23196,12597,4755,2519,2860,61.52,58.46,3.06,38.48,19.43,10.55,3.98,2.11,2.4
2021,E07000210,Mole Valley,72339,43018,41538,1480,1010,804,206,44028,42342,1686,28311,19123,2790,2998,1849,1551,60.86,58.53,2.33,39.14,26.44,3.86,4.14,2.56,2.14
2021,E07000211,Reigate and Banstead,120127,76538,73633,2905,1933,1491,442,78471,75124,3347,41656,24905,4447,5330,3234,3740,65.32,62.54,2.79,34.68,20.73,3.7,4.44,2.69,3.11
2021,E07000212,Runnymede,72719,42374,40532,1842,2729,1924,805,45103,42456,2647,27616,14005,7142,3046,1597,1826,62.02,58.38,3.64,37.98,19.26,9.82,4.19,2.2,2.51
2021,E07000213,Spelthorne,83363,53162,50540,2622,1393,1000,393,54555,51540,3015,28808,17569,2993,3495,2332,2419,65.44,61.83,3.62,34.56,21.08,3.59,4.19,2.8,2.9
2021,E07000214,Surrey Heath,73785,46191,44407,1784,1256,957,299,47447,45364,2083,26338,16939,2804,3069,1594,1932,64.3,61.48,2.82,35.7,22.96,3.8,4.16,2.16,2.62
2021,E07000215,Tandridge,70827,43472,41831,1641,980,745,235,44452,42576,1876,26375,16905,2903,3095,1816,1656,62.76,60.11,2.65,37.24,23.87,4.1,4.37,2.56,2.34
2021,E07000216,Waverley,103639,61348,59371,1977,1773,1354,419,63121,60725,2396,40518,25621,5778,4721,2405,1993,60.9,58.59,2.31,39.1,24.72,5.58,4.56,2.32,1.92
2021,E07000217,Woking,82984,53692,51531,2161,1546,1213,333,55238,52744,2494,27746,16089,3259,4227,2011,2160,66.56,63.56,3.01,33.44,19.39,3.93,5.09,2.42,2.6
2021,E07000218,North Warwickshire,53898,32421,31146,1275,789,608,181,33210,31754,1456,20688,13663,1715,1966,2056,1288,61.62,58.91,2.7,38.38,25.35,3.18,3.65,3.81,2.39
2021,E07000219,Nuneaton and Bedworth,108590,64690,61677,3013,1900,1438,462,66590,63115,3475,42000,25188,3880,4848,4910,3174,61.32,58.12,3.2,38.68,23.2,3.57,4.46,4.52,2.92
2021,E07000220,Rugby,92188,58594,56648,1946,1793,1459,334,60387,58107,2280,31801,20148,3551,3312,2741,2049,65.5,63.03,2.47,34.5,21.86,3.85,3.59,2.97,2.22
2021,E07000221,Stratford-on-Avon,112639,67024,65040,1984,1488,1196,292,68512,66236,2276,44127,31532,3621,3963,2764,2247,60.82,58.8,2.02,39.18,27.99,3.21,3.52,2.45,1.99
2021,E07000222,Warwick,123254,73047,70341,2706,3152,2407,745,76199,72748,3451,47055,26620,10483,4086,3325,2541,61.82,59.02,2.8,38.18,21.6,8.51,3.32,2.7,2.06
2021,E07000223,Adur,52954,30491,29240,1251,780,585,195,31271,29825,1446,21683,14383,1865,2069,2018,1348,59.05,56.32,2.73,40.95,27.16,3.52,3.91,3.81,2.55
2021,E07000224,Arun,139553,74398,71317,3081,2434,1873,561,76832,73190,3642,62721,44570,4284,5104,4979,3784,55.06,52.45,2.61,44.94,31.94,3.07,3.66,3.57,2.71
2021,E07000225,Chichester,104709,56792,54703,2089,2289,1662,627,59081,56365,2716,45628,31131,4722,4313,2892,2570,56.42,53.83,2.59,43.58,29.73,4.51,4.12,2.76,2.45
2021,E07000226,Crawley,93567,61678,57554,4124,1870,1345,525,63548,58899,4649,30019,14733,3871,5057,3171,3187,67.92,62.95,4.97,32.08,15.75,4.14,5.4,3.39,3.41
2021,E07000227,Horsham,120663,73310,70802,2508,1767,1365,402,75077,72167,2910,45586,31669,4269,4631,2612,2405,62.22,59.81,2.41,37.78,26.25,3.54,3.84,2.16,1.99
2021,E07000228,Mid Sussex,123317,77584,75051,2533,1926,1522,404,79510,76573,2937,43807,29492,4458,4688,2763,2406,64.48,62.09,2.38,35.52,23.92,3.62,3.8,2.24,1.95
2021,E07000229,Worthing,92355,54618,52269,2349,1684,1288,396,56302,53557,2745,36053,23919,3033,3146,3616,2339,60.96,57.99,2.97,39.04,25.9,3.28,3.41,3.92,2.53
2021,E07000234,Bromsgrove,81102,48081,46354,1727,1197,934,263,49278,47288,1990,31824,21963,3195,2570,2206,1890,60.76,58.31,2.45,39.24,27.08,3.94,3.17,2.72,2.33
2021,E07000235,Malvern Hills,67122,36543,35155,1388,811,647,164,37354,35802,1552,29768,20998,2665,2437,2225,1443,55.65,53.34,2.31,44.35,31.28,3.97,3.63,3.31,2.15
2021,E07000236,Redditch,70250,43685,41804,1881,1164,888,276,44849,42692,2157,25401,15269,2449,3001,2782,1900,63.84,60.77,3.07,36.16,21.74,3.49,4.27,3.96,2.7
2021,E07000237,Worcester,85605,51917,49588,2329,2684,2039,645,54601,51627,2974,31004,17653,4839,3230,3112,2170,63.78,60.31,3.47,36.22,20.62,5.65,3.77,3.64,2.53
2021,E07000238,Wychavon,110717,64601,62484,2117,1462,1176,286,66063,63660,2403,44654,31043,3576,4023,3251,2761,59.67,57.5,2.17,40.33,28.04,3.23,3.63,2.94,2.49
2021,E07000239,Wyre Forest,84565,47037,44913,2124,1200,876,324,48237,45789,2448,36328,24305,2767,3388,3648,2220,57.04,54.15,2.89,42.96,28.74,3.27,4.01,4.31,2.63
2021,E07000240,St Albans,116090,73882,71281,2601,1972,1589,383,75854,72870,2984,40236,24127,5487,5508,2586,2528,65.34,62.77,2.57,34.66,20.78,4.73,4.74,2.23,2.18
2021,E07000241,Welwyn Hatfield,97484,56879,54551,2328,5071,3598,1473,61950,58149,3801,35534,17483,8656,4172,2810,2413,63.55,59.65,3.9,36.45,17.93,8.88,4.28,2.88,2.48
2021,E07000242,East Hertfordshire,121151,77829,75159,2670,1766,1367,399,79595,76526,3069,41556,26176,4868,5116,2671,2725,65.7,63.17,2.53,34.3,21.61,4.02,4.22,2.2,2.25
2021,E07000243,Stevenage,71239,46292,44286,2006,1525,1177,348,47817,45463,2354,23422,12887,2530,3258,2689,2058,67.12,63.82,3.3,32.88,18.09,3.55,4.57,3.77,2.89
2021,E07000244,East Suffolk,206721,108895,104221,4674,2912,2146,766,111807,106367,5440,94914,66009,6415,8861,8477,5152,54.09,51.45,2.63,45.91,31.93,3.1,4.29,4.1,2.49
2021,E07000245,West Suffolk,148130,90755,87626,3129,2448,1996,452,93203,89622,3581,54927,34831,4541,6102,4395,5058,62.92,60.5,2.42,37.08,23.51,3.07,4.12,2.97,3.41
2021,E07000246,Somerset West and Taunton,131294,74257,71771,2486,1956,1522,434,76213,73293,2920,55081,38235,4111,4575,5079,3081,58.05,55.82,2.22,41.95,29.12,3.13,3.48,3.87,2.35
2021,E08000001,Bolton,232293,129353,121631,7722,5189,3808,1381,134542,125439,9103,97751,48899,12682,14930,12638,8602,57.92,54.0,3.92,42.08,21.05,5.46,6.43,5.44,3.7
2021,E08000002,Bury,154871,90612,86358,4254,2849,2123,726,93461,88481,4980,61410,34232,7503,7328,7258,5089,60.35,57.13,3.22,39.65,22.1,4.84,4.73,4.69,3.29
2021,E08000003,Manchester,437958,237667,219969,17698,21621,14315,7306,259288,234284,25004,178670,46637,57182,28875,25709,20267,59.2,53.49,5.71,40.8,10.65,13.06,6.59,5.87,4.63
2021,E08000004,Oldham,187035,102047,95477,6570,3919,2729,1190,105966,98206,7760,81069,36927,11645,13831,10553,8113,56.66,52.51,4.15,43.34,19.74,6.23,7.39,5.64,4.34
2021,E08000005,Rochdale,174947,97674,91986,5688,3395,2473,922,101069,94459,6610,73878,35211,9484,11489,10344,7350,57.77,53.99,3.78,42.23,20.13,5.42,6.57,5.91,4.2
2021,E08000006,Salford,216921,130228,122358,7870,7552,5247,2305,137780,127605,10175,79141,33800,14446,10104,12153,8638,63.52,58.83,4.69,36.48,15.58,6.66,4.66,5.6,3.98
2021,E08000007,Stockport,238927,142922,137018,5904,3622,2788,834,146544,139806,6738,92383,57654,9376,9137,9920,6296,61.33,58.51,2.82,38.67,24.13,3.92,3.82,4.15,2.64
2021,E08000008,Tameside,185136,108864,103326,5538,3215,2329,886,112079,105655,6424,73057,39541,7732,9189,10420,6175,60.54,57.07,3.47,39.46,21.36,4.18,4.96,5.63,3.34
2021,E08000009,Trafford,186150,113807,109051,4756,3310,2506,804,117117,111557,5560,69033,39957,9188,8034,6920,4934,62.92,59.93,2.99,37.08,21.46,4.94,4.32,3.72,2.65
2021,E08000010,Wigan,268694,158010,150892,7118,4886,3722,1164,162896,154614,8282,105798,62537,9589,10928,14514,8230,60.63,57.54,3.08,39.37,23.27,3.57,4.07,5.4,3.06
2021,E08000011,Knowsley,124297,71707,67855,3852,2174,1635,539,73881,69490,4391,50416,24035,5156,6341,10124,4760,59.44,55.91,3.53,40.56,19.34,4.15,5.1,8.15,3.83
2021,E08000012,Liverpool,403028,208057,194163,13894,16899,11587,5312,224956,205750,19206,178072,67225,44261,19628,30507,16451,55.82,51.05,4.77,44.18,16.68,10.98,4.87,7.57,4.08
2021,E08000013,St. Helens,150572,84819,80743,4076,2511,1881,630,87330,82624,4706,63242,36966,5331,6656,9825,4464,58.0,54.87,3.13,42.0,24.55,3.54,4.42,6.53,2.96
2021,E08000014,Sefton,232389,127536,121393,6143,4122,3203,919,131658,124596,7062,100731,61897,9031,9092,13774,6937,56.65,53.62,3.04,43.35,26.64,3.89,3.91,5.93,2.99
2021,E08000015,Wirral,262111,142940,136398,6542,4083,3105,978,147023,139503,7520,115088,68048,11159,11061,17066,7754,56.09,53.22,2.87,43.91,25.96,4.26,4.22,6.51,2.96
2021,E08000016,Barnsley,199792,114512,109456,5056,3008,2224,784,117520,111680,5840,82272,47359,6597,9776,12531,6009,58.82,55.9,2.92,41.18,23.7,3.3,4.89,6.27,3.01
2021,E08000017,Doncaster,250926,142604,135102,7502,3660,2757,903,146264,137859,8405,104662,58348,8836,13282,13896,10300,58.29,54.94,3.35,41.71,23.25,3.52,5.29,5.54,4.1
2021,E08000018,Rotherham,215571,121196,115257,5939,3458,2544,914,124654,117801,6853,90917,51512,8141,11483,12594,7187,57.83,54.65,3.18,42.17,23.9,3.78,5.33,5.84,3.33
2021,E08000019,Sheffield,456247,242684,229974,12710,17373,12032,5341,260057,242006,18051,196190,91847,45118,22547,21855,14823,57.0,53.04,3.96,43.0,20.13,9.89,4.94,4.79,3.25
2021,E08000021,Newcastle upon Tyne,248447,123293,115770,7523,13599,9305,4294,136892,125075,11817,111555,42993,34156,12432,12946,9028,55.1,50.34,4.76,44.9,17.3,13.75,5.0,5.21,3.63
2021,E08000022,North Tyneside,171513,100034,95234,4800,2834,2032,802,102868,97266,5602,68645,43003,6123,6635,8217,4667,59.98,56.71,3.27,40.02,25.07,3.57,3.87,4.79,2.72
2021,E08000023,South Tyneside,121291,65785,61131,4654,2009,1377,632,67794,62508,5286,53497,29986,5055,6476,7827,4153,55.89,51.54,4.36,44.11,24.72,4.17,5.34,6.45,3.42
2021,E08000024,Sunderland,226074,121329,114043,7286,4619,3111,1508,125948,117154,8794,100126,55754,10422,11384,14920,7646,55.71,51.82,3.89,44.29,24.66,4.61,5.04,6.6,3.38
2021,E08000025,Birmingham,889622,463374,421469,41905,31350,20948,10402,494724,442417,52307,394898,138510,89175,73132,48332,45749,55.61,49.73,5.88,44.39,15.57,10.02,8.22,5.43,5.14
2021,E08000026,Coventry,276871,150735,141260,9475,12951,8881,4070,163686,150141,13545,113185,47809,29016,14150,12567,9643,59.12,54.23,4.89,40.88,17.27,10.48,5.11,4.54,3.48
2021,E08000027,Dudley,262488,150144,141576,8568,4358,3064,1294,154502,144640,9862,107986,63665,11042,13644,11861,7774,58.86,55.1,3.76,41.14,24.25,4.21,5.2,4.52,2.96
2021,E08000028,Sandwell,266026,148645,136570,12075,6549,4500,2049,155194,141070,14124,110832,46250,16527,20218,15403,12434,58.34,53.03,5.31,41.66,17.39,6.21,7.6,5.79,4.67
2021,E08000029,Solihull,174501,100801,95976,4825,2659,1963,696,103460,97939,5521,71041,44937,7622,7956,6152,4374,59.29,56.13,3.16,40.71,25.75,4.37,4.56,3.53,2.51
2021,E08000030,Walsall,223097,124002,115347,8655,4490,3183,1307,128492,118530,9962,94605,46426,12084,15608,12383,8104,57.59,53.13,4.47,42.41,20.81,5.42,7.0,5.55,3.63
2021,E08000031,Wolverhampton,208444,117395,107523,9872,5595,3788,1807,122990,111311,11679,85454,39930,12134,13784,10986,8620,59.0,53.4,5.6,41.0,19.16,5.82,6.61,5.27,4.14
2021,E08000032,Bradford,421574,229810,214534,15276,9469,6602,2867,239279,221136,18143,182295,79509,27827,34139,22038,18782,56.76,52.45,4.3,43.24,18.86,6.6,8.1,5.23,4.46
2021,E08000033,Calderdale,166634,96063,91348,4715,2692,2034,658,98755,93382,5373,67879,39136,7171,8074,8179,5319,59.26,56.04,3.22,40.74,23.49,4.3,4.85,4.91,3.19
2021,E08000034,Kirklees,346271,194117,184331,9786,8073,5753,2320,202190,190084,12106,144081,75708,20161,20051,16284,11877,58.39,54.89,3.5,41.61,21.86,5.82,5.79,4.7,3.43
2021,E08000035,Leeds,658470,377687,357949,19738,23432,16114,7318,401119,374063,27056,257351,124465,56606,27929,27288,21063,60.92,56.81,4.11,39.08,18.9,8.6,4.24,4.14,3.2
2021,E08000036,Wakefield,287538,168764,161410,7354,4388,3231,1157,173152,164641,8511,114386,66992,9408,13012,15585,9389,60.22,57.26,2.96,39.78,23.3,3.27,4.53,5.42,3.27
2021,E08000037,Gateshead,161749,90504,85417,5087,3011,2102,909,93515,87519,5996,68234,39133,7125,7097,9512,5367,57.81,54.11,3.71,42.19,24.19,4.4,4.39,5.88,3.32
2021,E09000001,City of London,8004,5555,5273,282,123,78,45,5678,5351,327,2326,993,720,192,124,297,70.94,66.85,4.09,29.06,12.41,9.0,2.4,1.55,3.71
2021,E09000002,Barking and Dagenham,161746,97834,90193,7641,5833,4398,1435,103667,94591,9076,58079,16966,12684,13313,7312,7804,64.09,58.48,5.61,35.91,10.49,7.84,8.23,4.52,4.82
2021,E09000003,Barnet,309355,192234,180563,11671,7527,5613,1914,199761,186176,13585,109594,46200,21618,18968,10042,12766,64.57,60.18,4.39,35.43,14.93,6.99,6.13,3.25,4.13
2021,E09000004,Bexley,195827,121176,114897,6279,4170,3086,1084,125346,117983,7363,70481,39111,9998,9472,5943,5957,64.01,60.25,3.76,35.99,19.97,5.11,4.84,3.03,3.04
2021,E09000005,Brent,275142,167044,154555,12489,8938,6443,2495,175982,160998,14984,99160,33300,22026,19444,10308,14082,63.96,58.51,5.45,36.04,12.1,8.01,7.07,3.75,5.12
2021,E09000006,Bromley,265088,167027,159051,7976,4063,3071,992,171090,162122,8968,93998,55371,12008,12270,7260,7089,64.54,61.16,3.38,35.46,20.89,4.53,4.63,2.74,2.67
2021,E09000007,Camden,177908,105519,98432,7087,6005,4079,1926,111524,102511,9013,66384,19146,22035,9675,8120,7408,62.69,57.62,5.07,37.31,10.76,12.39,5.44,4.56,4.16
2021,E09000008,Croydon,310396,196811,183994,12817,7325,5411,1914,204136,189405,14731,106260,48038,18293,16421,11112,12396,65.77,61.02,4.75,34.23,15.48,5.89,5.29,3.58,3.99
2021,E09000009,Ealing,295371,182589,169610,12979,7702,5416,2286,190291,175026,15265,105080,37988,21886,21356,10280,13570,64.42,59.26,5.17,35.58,12.86,7.41,7.23,3.48,4.59
2021,E09000010,Enfield,257182,149864,139349,10515,6151,4515,1636,156015,143864,12151,101167,40133,18199,18628,10930,13277,60.66,55.94,4.72,39.34,15.6,7.08,7.24,4.25,5.16
2021,E09000011,Greenwich,229749,148221,137841,10380,6981,5094,1887,155202,142935,12267,74547,27139,14990,12701,9582,10135,67.55,62.21,5.34,32.45,11.81,6.52,5.53,4.17,4.41
2021,E09000012,Hackney,209466,140573,130628,9945,5194,3680,1514,145767,134308,11459,63699,16378,16079,11029,10428,9785,69.59,64.12,5.47,30.41,7.82,7.68,5.27,4.98,4.67
2021,E09000013,Hammersmith and Fulham,154632,101615,95022,6593,4157,3076,1081,105772,98098,7674,48860,15466,13190,7893,5783,6528,68.4,63.44,4.96,31.6,10.0,8.53,5.1,3.74,4.22
2021,E09000014,Haringey,216000,140381,129885,10496,5947,4496,1451,146328,134381,11947,69672,23057,14742,11751,9487,10635,67.74,62.21,5.53,32.26,10.67,6.82,5.44,4.39,4.92
2021,E09000015,Harrow,209623,128235,120858,7377,5307,4181,1126,133542,125039,8503,76081,34632,14225,13544,5885,7795,63.71,59.65,4.06,36.29,16.52,6.79,6.46,2.81,3.72
2021,E09000016,Havering,209730,128521,121834,6687,3911,2947,964,132432,124781,7651,77298,43979,9680,10786,6467,6386,63.14,59.5,3.65,36.86,20.97,4.62,5.14,3.08,3.04
2021,E09000017,Hillingdon,241879,147804,138302,9502,6634,4504,2130,154438,142806,11632,87441,37565,17415,15604,7110,9747,63.85,59.04,4.81,36.15,15.53,7.2,6.45,2.94,4.03
2021,E09000018,Hounslow,228675,144652,134463,10189,5952,4331,1621,150604,138794,11810,78071,29510,14360,16377,7425,10399,65.86,60.69,5.16,34.14,12.9,6.28,7.16,3.25,4.55
2021,E09000019,Islington,183627,119433,111157,8276,5481,3814,1667,124914,114971,9943,58713,16858,15859,8586,9703,7707,68.03,62.61,5.41,31.97,9.18,8.64,4.68,5.28,4.2
2021,E09000020,Kensington and Chelsea,123089,72707,67804,4903,2365,1636,729,75072,69440,5632,48017,16078,12680,8499,4781,5979,60.99,56.41,4.58,39.01,13.06,10.3,6.9,3.88,4.86
2021,E09000021,Kingston upon Thames,135467,85425,81338,4087,3960,2810,1150,89385,84148,5237,46082,21813,10088,6911,3429,3841,65.98,62.12,3.87,34.02,16.1,7.45,5.1,2.53,2.84
2021,E09000022,Lambeth,268942,190033,177775,12258,7108,5042,2066,197141,182817,14324,71801,22302,17750,10561,9970,11218,73.3,67.98,5.33,26.7,8.29,6.6,3.93,3.71,4.17
2021,E09000023,Lewisham,242417,162414,150523,11891,7165,5193,1972,169579,155716,13863,72838,25422,15810,11527,9814,10265,69.95,64.23,5.72,30.05,10.49,6.52,4.76,4.05,4.23
2021,E09000024,Merton,172772,115210,109214,5996,3690,2851,839,118900,112065,6835,53872,24084,9494,9999,4372,5923,68.82,64.86,3.96,31.18,13.94,5.5,5.79,2.53,3.43
2021,E09000025,Newham,276173,168499,154606,13893,12240,8839,3401,180739,163445,17294,95434,21237,24072,24928,10675,14522,65.44,59.18,6.26,34.56,7.69,8.72,9.03,3.87,5.26
2021,E09000026,Redbridge,242020,145554,136335,9219,6912,5295,1617,152466,141630,10836,89554,34086,18312,19490,7454,10212,63.0,58.52,4.48,37.0,14.08,7.57,8.05,3.08,4.22
2021,E09000027,Richmond upon Thames,155835,100356,95726,4630,2465,1840,625,102821,97566,5255,53014,28245,9284,7912,3492,4081,65.98,62.61,3.37,34.02,18.12,5.96,5.08,2.24,2.62
2021,E09000028,Southwark,256139,172319,160599,11720,8899,6352,2547,181218,166951,14267,74921,21910,21545,10658,10004,10804,70.75,65.18,5.57,29.25,8.55,8.41,4.16,3.91,4.22
2021,E09000029,Sutton,165659,106863,101996,4867,2947,2230,717,109810,104226,5584,55849,29291,8198,8447,5084,4829,66.29,62.92,3.37,33.71,17.68,4.95,5.1,3.07,2.92
2021,E09000030,Tower Hamlets,252879,160439,148548,11891,10097,6842,3255,170536,155390,15146,82343,14714,24195,21324,10159,11951,67.44,61.45,5.99,32.56,5.82,9.57,8.43,4.02,4.73
2021,E09000031,Waltham Forest,222184,145653,135670,9983,6182,4704,1478,151835,140374,11461,70349,25673,13724,13640,7844,9468,68.34,63.18,5.16,31.66,11.55,6.18,6.14,3.53,4.26
2021,E09000032,Wandsworth,273559,195501,186222,9279,5927,4219,1708,201428,190441,10987,72131,26906,16228,12560,7360,9077,73.63,69.62,4.02,26.37,9.84,5.93,4.59,2.69,3.32
2021,E09000033,Westminster,177470,105737,98692,7045,4551,3053,1498,110288,101745,8543,67182,19329,19662,11196,8482,8513,62.14,57.33,4.81,37.86,10.89,11.08,6.31,4.78,4.8
2021,W06000001,Isle of Anglesey,57148,30023,28540,1483,842,663,179,30865,29203,1662,26283,17457,2279,2344,2714,1489,54.01,51.1,2.91,45.99,30.55,3.99,4.1,4.75,2.61
2021,W06000002,Gwynedd,97968,52292,49852,2440,2681,1965,716,54973,51817,3156,42995,25358,7449,3431,4112,2645,56.11,52.89,3.22,43.89,25.88,7.6,3.5,4.2,2.7
2021,W06000003,Conwy,96360,50107,47561,2546,1480,1158,322,51587,48719,2868,44773,29697,3623,3678,5201,2574,53.54,50.56,2.98,46.46,30.82,3.76,3.82,5.4,2.67
2021,W06000004,Denbighshire,78908,41792,39880,1912,1244,966,278,43036,40846,2190,35872,22395,3193,3301,4908,2075,54.54,51.76,2.78,45.46,28.38,4.05,4.18,6.22,2.63
2021,W06000005,Flintshire,127578,75111,72141,2970,2242,1679,563,77353,73820,3533,50225,32708,4549,4584,5511,2873,60.63,57.86,2.77,39.37,25.64,3.57,3.59,4.32,2.25
2021,W06000006,Wrexham,110274,62725,60072,2653,2324,1733,591,65049,61805,3244,45225,26254,4857,4464,5642,4008,58.99,56.05,2.94,41.01,23.81,4.4,4.05,5.12,3.63
2021,W06000008,Ceredigion,61392,29845,28718,1127,2119,1401,718,31964,30119,1845,29428,16997,6150,2119,2730,1432,52.07,49.06,3.01,47.93,27.69,10.02,3.45,4.45,2.33
2021,W06000009,Pembrokeshire,102551,54182,51697,2485,1352,1068,284,55534,52765,2769,47017,30306,3544,4755,5632,2780,54.15,51.45,2.7,45.85,29.55,3.46,4.64,5.49,2.71
2021,W06000010,Carmarthenshire,155487,83262,79927,3335,2612,2025,587,85874,81952,3922,69613,43170,6422,6296,9710,4015,55.23,52.71,2.52,44.77,27.76,4.13,4.05,6.24,2.58
2021,W06000011,Swansea,197857,100892,96019,4873,6483,4594,1889,107375,100613,6762,90482,47263,16636,8283,12529,5771,54.27,50.85,3.42,45.73,23.89,8.41,4.19,6.33,2.92
2021,W06000012,Neath Port Talbot,117182,60380,57679,2701,2061,1512,549,62441,59191,3250,54741,29419,6317,5583,9671,3751,53.29,50.51,2.77,46.71,25.11,5.39,4.76,8.25,3.2
2021,W06000013,Bridgend,119482,65649,62636,3013,1830,1348,482,67479,63984,3495,52003,29482,4755,5313,8077,4376,56.48,53.55,2.93,43.52,24.67,3.98,4.45,6.76,3.66
2021,W06000014,Vale of Glamorgan,107457,61271,58633,2638,1688,1282,406,62959,59915,3044,44498,28073,4667,4104,5029,2625,58.59,55.76,2.83,41.41,26.12,4.34,3.82,4.68,2.44
2021,W06000015,Cardiff,296314,159756,151501,8255,12978,8939,4039,172734,160440,12294,123580,49949,35981,13684,14833,9133,58.29,54.15,4.15,41.71,16.86,12.14,4.62,5.01,3.08
2021,W06000016,Rhondda Cynon Taff,193843,105703,100541,5162,3903,2848,1055,109606,103389,6217,84237,44994,9774,8894,14687,5888,56.54,53.34,3.21,43.46,23.21,5.04,4.59,7.58,3.04
2021,W06000018,Caerphilly,143484,79503,75799,3704,2326,1640,686,81829,77439,4390,61655,33893,5848,6900,10856,4158,57.03,53.97,3.06,42.97,23.62,4.08,4.81,7.57,2.9
2021,W06000019,Blaenau Gwent,55141,29768,28166,1602,883,630,253,30651,28796,1855,24490,12808,1975,2937,5026,1744,55.59,52.22,3.36,44.41,23.23,3.58,5.33,9.11,3.16
2021,W06000020,Torfaen,75112,41766,39763,2003,1175,891,284,42941,40654,2287,32171,18673,2811,3455,5109,2123,57.17,54.12,3.04,42.83,24.86,3.74,4.6,6.8,2.83
2021,W06000021,Monmouthshire,78238,43539,42025,1514,1019,804,215,44558,42829,1729,33680,22877,2826,2767,3058,2152,56.95,54.74,2.21,43.05,29.24,3.61,3.54,3.91,2.75
2021,W06000022,Newport,127420,74662,70863,3799,2635,1924,711,77297,72787,4510,50123,26175,5732,6443,7411,4362,60.66,57.12,3.54,39.34,20.54,4.5,5.06,5.82,3.42
2021,W06000023,Powys,112536,62806,60699,2107,1246,1027,219,64052,61726,2326,48484,33173,3819,4004,4770,2718,56.92,54.85,2.07,43.08,29.48,3.39,3.56,4.24,2.42
2021,W06000024,Merthyr Tydfil,47676,26347,25035,1312,836,599,237,27183,25634,1549,20493,10539,1973,2263,4107,1611,57.02,53.77,3.25,42.98,22.11,4.14,4.75,8.61,3.38
