area_code,area_name,total_persons_health,n_very_good,n_good,n_fair,n_bad,n_very_bad,pct_very_good,pct_good,pct_fair,pct_bad,pct_very_bad,n_bad_or_very_bad,pct_bad_or_very_bad,total_persons_econ,n_active_total,n_employee_part_time,n_employee_full_time,n_self_emp_with_employees_part_time,n_self_emp_with_employees_full_time,n_self_emp_without_employees_part_time,n_self_emp_without_employees_full_time,n_unemployed,n_full_time_student_active,n_inactive_total,n_retired,n_student_inactive,n_looking_after_home_family,n_long_term_sick_disabled,n_other_inactive,pct_active_total,pct_employee_part_time,pct_employee_full_time,pct_self_emp_with_employees_part_time,pct_self_emp_with_employees_full_time,pct_self_emp_without_employees_part_time,pct_self_emp_without_employees_full_time,pct_unemployed,pct_full_time_student_active,pct_inactive_total,pct_retired,pct_student_inactive,pct_looking_after_home_family,pct_long_term_sick_disabled,pct_other_inactive,pct_unemployed_of_total
E06000047,County Durham UA,513242,217373,171564,82404,32568,9333,42.4,33.4,16.1,6.3,1.8,41901,8.1,383796,247101,50595,143922,1052,5717,5799,12741,17013,10262,136695,65444,23837,14190,24887,8337,64.4,13.2,37.5,0.3,1.5,1.5,3.3,4.4,2.7,35.6,17.1,6.2,3.7,6.5,2.2,4.432823687584029
E06000005,Darlington UA,105564,47046,37199,15116,4763,1440,44.6,35.2,14.3,4.5,1.4,6203,5.9,76635,53443,11555,30337,234,1254,1289,2818,4002,1954,23192,12214,2742,3081,3737,1418,69.7,15.1,39.6,0.3,1.6,1.7,3.7,5.2,2.5,30.3,15.9,3.6,4.0,4.9,1.9,5.222156977882169
E06000001,Hartlepool UA,92028,39816,30117,14607,5789,1699,43.3,32.7,15.9,6.3,1.8,7488,8.1,66804,43513,10092,22635,212,846,892,1855,5194,1787,23291,10621,3042,3265,4733,1630,65.1,15.1,33.9,0.3,1.3,1.3,2.8,7.8,2.7,34.9,15.9,4.6,4.9,7.1,2.4,7.774983533920124
E06000002,Middlesbrough UA,138412,62855,45295,19719,8001,2542,45.4,32.7,14.2,5.8,1.8,10543,7.6,100551,63582,15063,31301,300,1068,1331,2472,7631,4416,36969,13922,7453,5569,6841,3184,63.2,15.0,31.1,0.3,1.1,1.3,2.5,7.6,4.4,36.8,13.8,7.4,5.5,6.8,3.2,7.589183598372965
E06000048,Northumberland UA,316028,138990,108458,48580,15641,4359,44.0,34.3,15.4,4.9,1.4,20000,6.300000000000001,233224,158268,34368,86380,993,5351,5151,10568,10329,5128,74956,43897,8108,8368,10321,4262,67.9,14.7,37.0,0.4,2.3,2.2,4.5,4.4,2.2,32.1,18.8,3.5,3.6,4.4,1.8,4.428789489932425
E06000003,Redcar and Cleveland UA,135177,57285,45844,21449,8184,2415,42.4,33.9,15.9,6.1,1.8,10599,7.899999999999999,99177,63530,15322,33372,285,1235,1436,2908,6533,2439,35647,19206,4142,4361,5869,2069,64.1,15.4,33.6,0.3,1.2,1.4,2.9,6.6,2.5,35.9,19.4,4.2,4.4,5.9,2.1,6.587212761023221
E06000004,Stockton-on-Tees UA,191610,88811,64282,26385,9296,2836,46.3,33.5,13.8,4.9,1.5,12132,6.4,140654,96259,22070,52927,410,2017,2119,4395,8075,4246,44395,20767,7277,5911,6861,3579,68.4,15.7,37.6,0.3,1.4,1.5,3.1,5.7,3.0,31.6,14.8,5.2,4.2,4.9,2.5,5.74103829254767
E08000020,Gateshead,200214,85320,67807,31158,12152,3777,42.6,33.9,15.6,6.1,1.9,15929,8.0,148079,100184,21023,58988,351,1887,2059,4509,7419,3948,47895,23531,6832,5670,8844,3018,67.7,14.2,39.8,0.2,1.3,1.4,3.0,5.0,2.7,32.3,15.9,4.6,3.8,6.0,2.0,5.010163493810736
E08000021,Newcastle upon Tyne,280177,133933,89096,38018,14793,4337,47.8,31.8,13.6,5.3,1.5,19130,6.8,212864,133848,25835,69811,675,3017,3204,6236,10652,14418,79016,24571,29253,8868,11509,4815,62.9,12.1,32.8,0.3,1.4,1.5,2.9,5.0,6.8,37.1,11.5,13.7,4.2,5.4,2.3,5.00413409500902
E08000022,North Tyneside,200801,90031,66955,30156,10638,3021,44.8,33.3,15.0,5.3,1.5,13659,6.8,147889,104242,21815,61349,354,2074,2274,4933,7304,4139,43647,23497,5310,5048,7354,2438,70.5,14.8,41.5,0.2,1.4,1.5,3.3,4.9,2.8,29.5,15.9,3.6,3.4,5.0,1.6,4.938839264583573
E08000023,South Tyneside,148127,63345,48861,23700,9394,2827,42.8,33.0,16.0,6.3,1.9,12221,8.2,108981,72645,15480,40838,289,1379,1287,2993,7145,3234,36336,17355,4611,4696,7234,2440,66.7,14.2,37.5,0.3,1.3,1.2,2.7,6.6,3.0,33.3,15.9,4.2,4.3,6.6,2.2,6.556188693441976
E08000024,Sunderland,275506,117365,90557,43951,18155,5478,42.6,32.9,16.0,6.6,2.0,23633,8.6,205552,135467,29186,75899,586,2529,2788,5574,12016,6889,70085,32215,10778,8666,14084,4342,65.9,14.2,36.9,0.3,1.2,1.4,2.7,5.8,3.4,34.1,15.7,5.2,4.2,6.9,2.1,5.845722736825718
E06000008,Blackburn with Darwen UA,147489,66991,49010,20725,8428,2335,45.4,33.2,14.1,5.7,1.6,10763,7.300000000000001,104417,67033,14535,35597,520,1703,2050,3724,5575,3329,37384,13248,6065,7061,7378,3632,64.2,13.9,34.1,0.5,1.6,2.0,3.6,5.3,3.2,35.8,12.7,5.8,6.8,7.1,3.5,5.339168909277225
E06000009,Blackpool UA,142065,56600,48022,23977,10346,3120,39.8,33.8,16.9,7.3,2.2,13466,9.5,103813,68540,14836,34230,349,1646,2415,5550,6337,3177,35273,16807,3809,3943,8228,2486,66.0,14.3,33.0,0.3,1.6,2.3,5.3,6.1,3.1,34.0,16.2,3.7,3.8,7.9,2.4,6.1042451330758185
E06000049,Cheshire East UA,370127,181595,123065,47306,14247,3914,49.1,33.2,12.8,3.8,1.1,18161,4.9,270953,191253,38940,106863,1205,6533,7713,13605,8742,7652,79700,46446,11341,9591,8327,3995,70.6,14.4,39.4,0.4,2.4,2.8,5.0,3.2,2.8,29.4,17.1,4.2,3.5,3.1,1.5,3.2263898166840743
E06000050,Cheshire West and Chester UA,329608,159777,108967,42604,14259,4001,48.5,33.1,12.9,4.3,1.2,18260,5.5,243155,170778,36206,95642,887,4729,5711,10529,8949,8125,72377,39893,10746,8620,9574,3544,70.2,14.9,39.3,0.4,1.9,2.3,4.3,3.7,3.3,29.8,16.4,4.4,3.5,3.9,1.5,3.680368489235261
E06000006,Halton UA,125746,58684,39693,17504,7732,2133,46.7,31.6,13.9,6.1,1.7,9865,7.8,92708,63411,13102,37219,194,1056,1230,2940,5151,2519,29297,13332,3858,3900,6451,1756,68.4,14.1,40.1,0.2,1.1,1.3,3.2,5.6,2.7,31.6,14.4,4.2,4.2,7.0,1.9,5.556154808646503
E06000007,Warrington UA,202228,100734,66223,24446,8466,2359,49.8,32.7,12.1,4.2,1.2,10825,5.4,149461,107765,21782,63875,472,2389,2886,5870,5961,4530,41696,22189,5441,4917,6063,3086,72.1,14.6,42.7,0.3,1.6,1.9,3.9,4.0,3.0,27.9,14.8,3.6,3.3,4.1,2.1,3.988331404179017
E07000026,Allerdale,96422,42887,33297,14210,4762,1266,44.5,34.5,14.7,4.9,1.3,6028,6.2,70978,48904,11615,25912,353,1771,1543,3639,2553,1518,22074,13422,2128,2274,3215,1035,68.9,16.4,36.5,0.5,2.5,2.2,5.1,3.6,2.1,31.1,18.9,3.0,3.2,4.5,1.5,3.596889176928062
E07000027,Barrow-in-Furness,69087,29538,22865,10898,4542,1244,42.8,33.1,15.8,6.6,1.8,5786,8.4,51103,33897,8470,18723,171,647,841,1496,2365,1184,17206,9168,1613,1813,3720,892,66.3,16.6,36.6,0.3,1.3,1.6,2.9,4.6,2.3,33.7,17.9,3.2,3.5,7.3,1.7,4.627908341976009
E07000028,Carlisle,107524,48593,37494,15030,4964,1443,45.2,34.9,14.0,4.6,1.3,6407,5.9,79531,57210,13295,31161,318,1659,1514,3820,2847,2596,22321,12331,2778,2314,3711,1187,71.9,16.7,39.2,0.4,2.1,1.9,4.8,3.6,3.3,28.1,15.5,3.5,2.9,4.7,1.5,3.579736203492977
E07000029,Copeland,70603,31329,23938,10516,3760,1060,44.4,33.9,14.9,5.3,1.5,4820,6.8,52702,35335,7984,20525,160,847,753,1915,2235,916,17367,9657,1596,1922,2872,1320,67.0,15.1,38.9,0.3,1.6,1.4,3.6,4.2,1.7,33.0,18.3,3.0,3.6,5.4,2.5,4.240825775112899
E07000030,Eden,52564,24210,18810,7195,1875,474,46.1,35.8,13.7,3.6,0.9,2349,4.5,38735,28413,6191,13651,254,1517,1434,3480,822,1064,10322,6822,1070,923,1067,440,73.4,16.0,35.2,0.7,3.9,3.7,9.0,2.1,2.7,26.6,17.6,2.8,2.4,2.8,1.1,2.122111785207177
E07000031,South Lakeland,103658,48461,36385,14117,3701,994,46.8,35.1,13.6,3.6,1.0,4695,4.6,75831,53396,12015,26863,456,2423,2699,5524,1524,1892,22435,15457,2307,1769,1962,940,70.4,15.8,35.4,0.6,3.2,3.6,7.3,2.0,2.5,29.6,20.4,3.0,2.3,2.6,1.2,2.0097321675831785
E08000001,Bolton,276786,125548,93765,39139,14465,3869,45.4,33.9,14.1,5.2,1.4,18334,6.6,200723,134933,27798,74631,839,3394,4086,8029,9913,6243,65790,29514,10318,9504,11574,4880,67.2,13.8,37.2,0.4,1.7,2.0,4.0,4.9,3.1,32.8,14.7,5.1,4.7,5.8,2.4,4.938646791847472
E08000002,Bury,185060,87128,61634,25430,8539,2329,47.1,33.3,13.7,4.6,1.3,10868,5.9,134687,94680,19118,53953,533,2539,3129,6019,5769,3620,40007,19558,6074,5168,6596,2611,70.3,14.2,40.1,0.4,1.9,2.3,4.5,4.3,2.7,29.7,14.5,4.5,3.8,4.9,1.9,4.283264160609413
E08000003,Manchester,503127,245334,159452,62651,27014,8676,48.8,31.7,12.5,5.4,1.7,35690,7.1000000000000005,382932,243224,41535,128930,1099,4060,6794,11675,21880,27251,139708,29179,53999,18697,25161,12672,63.5,10.8,33.7,0.3,1.1,1.8,3.0,5.7,7.1,36.5,7.6,14.1,4.9,6.6,3.3,5.713808195710988
E08000004,Oldham,224897,101526,74987,32778,12179,3427,45.1,33.3,14.6,5.4,1.5,15606,6.9,159765,106398,22171,58410,659,2581,3047,6147,8661,4722,53367,22426,8135,9038,9209,4559,66.6,13.9,36.6,0.4,1.6,1.9,3.8,5.4,3.0,33.4,14.0,5.1,5.7,5.8,2.9,5.421087221857103
E08000005,Rochdale,211699,94233,70158,31303,12453,3552,44.5,33.1,14.8,5.9,1.7,16005,7.6,152742,101003,20101,55604,629,2436,2982,6069,9047,4135,51739,20853,8025,7838,10446,4577,66.1,13.2,36.4,0.4,1.6,2.0,4.0,5.9,2.7,33.9,13.7,5.3,5.1,6.8,3.0,5.923059800185934
E08000006,Salford,233933,107689,75685,32849,13741,3969,46.0,32.4,14.0,5.9,1.7,17710,7.6,173117,118130,21676,67966,414,2114,2616,6228,9041,8075,54987,20950,10093,7021,11915,5008,68.2,12.5,39.3,0.2,1.2,1.5,3.6,5.2,4.7,31.8,12.1,5.8,4.1,6.9,2.9,5.2224795947249545
E08000007,Stockport,283275,135500,94251,37601,12505,3418,47.8,33.3,13.3,4.4,1.2,15923,5.6000000000000005,205310,146296,29946,83049,752,4049,4888,9975,8002,5635,59014,31395,8674,7139,8527,3279,71.3,14.6,40.5,0.4,2.0,2.4,4.9,3.9,2.7,28.7,15.3,4.2,3.5,4.2,1.6,3.897520822171351
E08000008,Tameside,219324,96404,73918,33009,12492,3501,44.0,33.7,15.1,5.7,1.6,15993,7.300000000000001,161459,111016,21377,65546,470,2200,2757,6595,8052,4019,50443,23682,6865,6443,9970,3483,68.8,13.2,40.6,0.3,1.4,1.7,4.1,5.0,2.5,31.2,14.7,4.3,4.0,6.2,2.2,4.987024569705002
E08000009,Trafford,226578,115496,71694,27549,9273,2566,51.0,31.6,12.2,4.1,1.1,11839,5.199999999999999,162806,118064,22799,68201,657,3416,4132,7649,6136,5074,44742,21729,7200,6426,6499,2888,72.5,14.0,41.9,0.4,2.1,2.5,4.7,3.8,3.1,27.5,13.3,4.4,3.9,4.0,1.8,3.768902865987741
E08000010,Wigan,317849,144283,103934,46797,18112,4723,45.4,32.7,14.7,5.7,1.5,22835,7.2,236495,162781,32880,94703,640,3324,4016,9465,11483,6270,73714,38211,8293,8302,14652,4256,68.8,13.9,40.0,0.3,1.4,1.7,4.0,4.9,2.7,31.2,16.2,3.5,3.5,6.2,1.8,4.85549377365272
E07000117,Burnley,87059,37372,29286,13682,5213,1506,42.9,33.6,15.7,6.0,1.7,6719,7.7,63376,41879,9129,23187,209,857,1275,2250,3342,1630,21497,9745,2749,2876,4433,1694,66.1,14.4,36.6,0.3,1.4,2.0,3.6,5.3,2.6,33.9,15.4,4.3,4.5,7.0,2.7,5.273289573340065
E07000118,Chorley,107155,51303,35705,14222,4623,1302,47.9,33.3,13.3,4.3,1.2,5925,5.5,79951,56645,11542,33167,282,1642,1678,3698,2588,2048,23306,12899,2590,2279,3262,2276,70.8,14.4,41.5,0.4,2.1,2.1,4.6,3.2,2.6,29.2,16.1,3.2,2.9,4.1,2.8,3.2369826518742726
E07000119,Fylde,75757,33815,25591,11619,3692,1040,44.6,33.8,15.3,4.9,1.4,4732,6.300000000000001,54544,36447,7374,20222,259,1291,1387,2752,1687,1475,18097,11262,1785,1699,2161,1190,66.8,13.5,37.1,0.5,2.4,2.5,5.0,3.1,2.7,33.2,20.6,3.3,3.1,4.0,2.2,3.092915811088296
E07000120,Hyndburn,80734,34759,27610,12225,4800,1340,43.1,34.2,15.1,5.9,1.7,6140,7.6,58356,39118,7902,22029,204,881,1260,2387,2688,1767,19238,8803,2513,2600,3912,1410,67.0,13.5,37.7,0.3,1.5,2.2,4.1,4.6,3.0,33.0,15.1,4.3,4.5,6.7,2.4,4.606210158338475
E07000121,Lancaster,138375,64577,46831,18960,6215,1792,46.7,33.8,13.7,4.5,1.3,8007,5.8,103296,67262,14852,34812,346,1784,2302,4402,3362,5402,36034,15718,11219,2915,4431,1751,65.1,14.4,33.7,0.3,1.7,2.2,4.3,3.3,5.2,34.9,15.2,10.9,2.8,4.3,1.7,3.2547242874845104
E07000122,Pendle,89452,38965,30826,13431,4921,1309,43.6,34.5,15.0,5.5,1.5,6230,7.0,64440,42765,9036,23179,299,1229,1573,2649,3012,1788,21675,9753,2650,3700,3921,1651,66.4,14.0,36.0,0.5,1.9,2.4,4.1,4.7,2.8,33.6,15.1,4.1,5.7,6.1,2.6,4.674115456238361
E07000123,Preston,140202,65276,47840,18585,6644,1857,46.6,34.1,13.3,4.7,1.3,8501,6.0,104085,70509,14188,38229,354,1528,1720,3331,4575,6584,33576,12147,8538,4579,5594,2718,67.7,13.6,36.7,0.3,1.5,1.7,3.2,4.4,6.3,32.3,11.7,8.2,4.4,5.4,2.6,4.395446029687275
E07000124,Ribble Valley,57132,29415,18376,7049,1805,487,51.5,32.2,12.3,3.2,0.9,2292,4.1000000000000005,41285,29672,6023,16105,215,1466,1233,2570,852,1208,11613,7431,1504,979,1128,571,71.9,14.6,39.0,0.5,3.6,3.0,6.2,2.1,2.9,28.1,18.0,3.6,2.4,2.7,1.4,2.063703524282427
E07000125,Rossendale,67982,31438,22508,9603,3475,958,46.2,33.1,14.1,5.1,1.4,4433,6.5,50075,35186,6794,20067,191,1025,1238,2549,2090,1232,14889,7372,2148,1809,2715,845,70.3,13.6,40.1,0.4,2.0,2.5,5.1,4.2,2.5,29.7,14.7,4.3,3.6,5.4,1.7,4.17373939091363
E07000126,South Ribble,109057,52009,37211,14240,4473,1124,47.7,34.1,13.1,4.1,1.0,5597,5.1,80458,58577,11969,35168,238,1389,1552,3500,2421,2340,21881,13286,2677,2136,2803,979,72.8,14.9,43.7,0.3,1.7,1.9,4.4,3.0,2.9,27.2,16.5,3.3,2.7,3.5,1.2,3.009023341370653
E07000127,West Lancashire,110685,52675,36226,14800,5380,1604,47.6,32.7,13.4,4.9,1.4,6984,6.300000000000001,81601,55680,11504,29658,377,1928,1768,3734,3180,3531,25921,13888,4668,2673,3515,1177,68.2,14.1,36.3,0.5,2.4,2.2,4.6,3.9,4.3,31.8,17.0,5.7,3.3,4.3,1.4,3.897011066040857
E07000128,Wyre,107749,46601,36224,17189,5944,1791,43.2,33.6,16.0,5.5,1.7,7735,7.2,77663,51450,11298,26923,342,1945,1974,4094,2464,2410,26213,16467,3010,2247,3443,1046,66.2,14.5,34.7,0.4,2.5,2.5,5.3,3.2,3.1,33.8,21.2,3.9,2.9,4.4,1.3,3.172681972110272
E08000011,Knowsley,145893,67153,43505,21420,10631,3184,46.0,29.8,14.7,7.3,2.2,13815,9.5,106155,69617,15173,38065,208,1083,1386,3541,6926,3235,36538,14415,5127,4822,9333,2841,65.6,14.3,35.9,0.2,1.0,1.3,3.3,6.5,3.0,34.4,13.6,4.8,4.5,8.8,2.7,6.524421835994536
E08000012,Liverpool,466415,217977,142132,65422,31162,9722,46.7,30.5,14.0,6.7,2.1,40884,8.8,356876,226270,44816,116778,865,4092,4825,10894,23980,20020,130606,41070,36781,13683,28453,10619,63.4,12.6,32.7,0.2,1.1,1.4,3.1,6.7,5.6,36.6,11.5,10.3,3.8,8.0,3.0,6.719420751185286
E08000014,Sefton,273790,124069,89115,40620,15549,4437,45.3,32.5,14.8,5.7,1.6,19986,7.300000000000001,198197,133012,29799,71019,638,3430,3995,8204,9708,6219,65185,34329,8676,6705,11612,3863,67.1,15.0,35.8,0.3,1.7,2.0,4.1,4.9,3.1,32.9,17.3,4.4,3.4,5.9,1.9,4.8981568843120735
E08000013,St. Helens,175308,78620,55983,26198,11364,3143,44.8,31.9,14.9,6.5,1.8,14507,8.3,129584,86121,18169,49968,330,1679,1766,4246,6640,3323,43463,22144,5294,4971,8638,2416,66.5,14.0,38.6,0.3,1.3,1.4,3.3,5.1,2.6,33.5,17.1,4.1,3.8,6.7,1.9,5.124089393752315
E08000015,Wirral,319783,148028,102085,45687,18448,5535,46.3,31.9,14.3,5.8,1.7,23983,7.5,230851,153240,34513,83696,725,3839,4424,8346,11939,5758,77611,38761,10491,9046,14724,4589,66.4,15.0,36.3,0.3,1.7,1.9,3.6,5.2,2.5,33.6,16.8,4.5,3.9,6.4,2.0,5.171734148866585
E06000011,East Riding of Yorkshire UA,334179,151003,116859,48307,13877,4133,45.2,35.0,14.5,4.2,1.2,18010,5.4,245594,168860,37856,90761,1087,6040,5863,11844,8795,6614,76734,47790,9149,7849,7720,4226,68.8,15.4,37.0,0.4,2.5,2.4,4.8,3.6,2.7,31.2,19.5,3.7,3.2,3.1,1.7,3.5811135451191807
E06000010,"Kingston upon Hull, City of UA",256406,110555,89572,38102,14047,4130,43.1,34.9,14.9,5.5,1.6,18177,7.1,190610,128130,28041,68035,418,1808,2352,5236,15296,6944,62480,23025,13243,9482,11524,5206,67.2,14.7,35.7,0.2,0.9,1.2,2.7,8.0,3.6,32.8,12.1,6.9,5.0,6.0,2.7,8.0247626042705
E06000012,North East Lincolnshire UA,159616,70242,55935,23779,7507,2153,44.0,35.0,14.9,4.7,1.3,9660,6.0,115823,79227,19086,42039,306,1581,1763,3834,7486,3132,36596,18018,4825,5635,5612,2506,68.4,16.5,36.3,0.3,1.4,1.5,3.3,6.5,2.7,31.6,15.6,4.2,4.9,4.8,2.2,6.46331039603533
E06000013,North Lincolnshire UA,167446,73234,59883,24667,7593,2069,43.7,35.8,14.7,4.5,1.2,9662,5.7,122329,84668,18768,48278,413,2031,2163,4262,5869,2884,37661,20296,4569,5433,5151,2212,69.2,15.3,39.5,0.3,1.7,1.8,3.5,4.8,2.4,30.8,16.6,3.7,4.4,4.2,1.8,4.79771763032478
E06000014,York UA,198051,98402,67709,23752,6369,1819,49.7,34.2,12.0,3.2,0.9,8188,4.1000000000000005,149789,104945,22487,57032,453,2391,3252,6232,4582,8516,44844,20688,14387,4107,3678,1984,70.1,15.0,38.1,0.3,1.6,2.2,4.2,3.1,5.7,29.9,13.8,9.6,2.7,2.5,1.3,3.0589696172616145
E07000163,Craven,55409,26383,19150,7387,1975,514,47.6,34.6,13.3,3.6,0.9,2489,4.5,40056,28744,6139,14540,219,1345,1358,3103,1003,1037,11312,7525,1300,1030,966,491,71.8,15.3,36.3,0.5,3.4,3.4,7.7,2.5,2.6,28.2,18.8,3.2,2.6,2.4,1.2,2.5039944078290395
E07000164,Hambleton,89140,43384,30682,11235,2972,867,48.7,34.4,12.6,3.3,1.0,3839,4.3,65255,47068,9843,25377,394,2173,1846,4326,1670,1439,18187,11809,1960,2043,1483,892,72.1,15.1,38.9,0.6,3.3,2.8,6.6,2.6,2.2,27.9,18.1,3.0,3.1,2.3,1.4,2.5591908666002605
E07000165,Harrogate,157869,79934,53313,18633,4698,1291,50.6,33.8,11.8,3.0,0.8,5989,3.8,114038,84662,16998,46509,638,3489,3757,7320,2931,3020,29376,17693,3789,3823,2586,1485,74.2,14.9,40.8,0.6,3.1,3.3,6.4,2.6,2.6,25.8,15.5,3.3,3.4,2.3,1.3,2.57019589961241
E07000166,Richmondshire,51965,26678,17383,5988,1523,393,51.3,33.5,11.5,2.9,0.8,1916,3.7,38652,29017,5217,17121,186,1208,1043,2391,1116,735,9635,5761,937,1396,839,702,75.1,13.5,44.3,0.5,3.1,2.7,6.2,2.9,1.9,24.9,14.9,2.4,3.6,2.2,1.8,2.887302080099348
E07000167,Ryedale,51751,23555,18476,7329,1846,545,45.5,35.7,14.2,3.6,1.1,2391,4.7,37581,26644,5773,12760,266,1381,1437,3168,1029,830,10937,7005,1282,1175,945,530,70.9,15.4,34.0,0.7,3.7,3.8,8.4,2.7,2.2,29.1,18.6,3.4,3.1,2.5,1.4,2.7380857348128043
E07000168,Scarborough,108793,45241,38721,17588,5712,1531,41.6,35.6,16.2,5.3,1.4,7243,6.699999999999999,79393,52245,12834,24346,397,2092,2107,4706,3371,2392,27148,16117,3141,2785,3708,1397,65.8,16.2,30.7,0.5,2.6,2.7,5.9,4.2,3.0,34.2,20.3,4.0,3.5,4.7,1.8,4.245966269066543
E07000169,Selby,83449,40351,28624,10654,3008,812,48.4,34.3,12.8,3.6,1.0,3820,4.6,61831,45720,9293,26298,285,1479,1468,3167,2154,1576,16111,9710,1883,2182,1586,750,73.9,15.0,42.5,0.5,2.4,2.4,5.1,3.5,2.5,26.1,15.7,3.0,3.5,2.6,1.2,3.483689411460271
E08000016,Barnsley,231221,96194,77649,37956,15278,4144,41.6,33.6,16.4,6.6,1.8,19422,8.4,170405,113306,24807,62841,515,2639,2863,7086,8738,3817,57099,28008,6225,7435,11925,3506,66.5,14.6,36.9,0.3,1.5,1.7,4.2,5.1,2.2,33.5,16.4,3.7,4.4,7.0,2.1,5.127783809160529
E08000017,Doncaster,302402,131738,102983,45748,16982,4951,43.6,34.1,15.1,5.6,1.6,21933,7.199999999999999,220877,147770,33112,80998,734,3305,3941,8216,12697,4767,73107,34110,8765,10746,12958,6528,66.9,15.0,36.7,0.3,1.5,1.8,3.7,5.7,2.2,33.1,15.4,4.0,4.9,5.9,3.0,5.74844823136859
E08000018,Rotherham,257280,111232,87237,39278,15114,4419,43.2,33.9,15.3,5.9,1.7,19533,7.6,187959,125899,28830,68860,598,2839,3244,7313,9821,4394,62060,31117,7405,8864,10614,4060,67.0,15.3,36.6,0.3,1.5,1.7,3.9,5.2,2.3,33.0,16.6,3.9,4.7,5.6,2.2,5.225075681398603
E08000019,Sheffield,552698,258250,184343,75733,26703,7669,46.7,33.4,13.7,4.8,1.4,34372,6.199999999999999,411004,270239,56868,140933,1216,5503,7835,15467,19626,22791,140765,52941,44212,16682,18418,8512,65.8,13.8,34.3,0.3,1.3,1.9,3.8,4.8,5.5,34.2,12.9,10.8,4.1,4.5,2.1,4.775136008408677
E08000032,Bradford,522452,234133,186031,71580,23768,6940,44.8,35.6,13.7,4.5,1.3,30708,5.8,366217,243727,52795,125745,1725,6199,8721,14828,21224,12490,122490,43961,23311,24487,18176,12555,66.6,14.4,34.3,0.5,1.7,2.4,4.0,5.8,3.4,33.4,12.0,6.4,6.7,5.0,3.4,5.795470991242897
E08000033,Calderdale,203826,94449,70007,28091,8929,2350,46.3,34.3,13.8,4.4,1.2,11279,5.6000000000000005,148766,104893,21923,57617,585,2837,3650,6999,7394,3888,43873,22405,6156,5844,6510,2958,70.5,14.7,38.7,0.4,1.9,2.5,4.7,5.0,2.6,29.5,15.1,4.1,3.9,4.4,2.0,4.97022169044002
E08000034,Kirklees,422458,192366,147731,58042,19030,5289,45.5,35.0,13.7,4.5,1.3,24319,5.8,307194,209514,44638,112199,1413,5679,7070,13332,14465,10718,97680,44027,17593,15227,13504,7329,68.2,14.5,36.5,0.5,1.8,2.3,4.3,4.7,3.5,31.8,14.3,5.7,5.0,4.4,2.4,4.708750821956158
E08000035,Leeds,751485,361295,254023,95515,31504,9148,48.1,33.8,12.7,4.2,1.2,40652,5.4,560849,389929,73507,217528,1789,8318,10731,21460,26786,29810,170920,69446,46047,20435,22498,12494,69.5,13.1,38.8,0.3,1.5,1.9,3.8,4.8,5.3,30.5,12.4,8.2,3.6,4.0,2.2,4.775973568643253
E08000036,Wakefield,325837,139288,110920,50595,19507,5527,42.7,34.0,15.5,6.0,1.7,25034,7.7,240997,164768,35763,95559,719,3494,3960,8531,11702,5040,76229,38721,8474,9554,14092,5388,68.4,14.8,39.7,0.3,1.4,1.6,3.5,4.9,2.1,31.6,16.1,3.5,4.0,5.8,2.2,4.855662103677639
E06000015,Derby UA,248752,111837,87060,35193,11413,3249,45.0,35.0,14.1,4.6,1.3,14662,5.9,179291,123691,26310,68979,486,2027,3127,6017,9297,7448,55600,22925,11237,8595,8574,4269,69.0,14.7,38.5,0.3,1.1,1.7,3.4,5.2,4.2,31.0,12.8,6.3,4.8,4.8,2.4,5.185424812176852
E06000016,Leicester UA,329839,148108,117551,44278,14972,4930,44.9,35.6,13.4,4.5,1.5,19902,6.0,242232,156425,33341,80780,751,2757,3699,6814,14982,13301,85807,22435,27604,15035,12397,8336,64.6,13.8,33.3,0.3,1.1,1.5,2.8,6.2,5.5,35.4,9.3,11.4,6.2,5.1,3.4,6.184979688893293
E06000018,Nottingham UA,305680,141038,103332,41581,15063,4666,46.1,33.8,13.6,4.9,1.5,19729,6.4,232072,142327,27605,72252,573,2147,3575,6709,14775,14691,89745,21144,37733,10854,13161,6853,61.3,11.9,31.1,0.2,0.9,1.5,2.9,6.4,6.3,38.7,9.1,16.3,4.7,5.7,3.0,6.3665586542107615
E06000017,Rutland UA,37369,18828,12718,4532,1008,283,50.4,34.0,12.1,2.7,0.8,1291,3.5,27052,18758,3847,10314,155,710,976,1507,643,606,8294,4579,1568,878,463,806,69.3,14.2,38.1,0.6,2.6,3.6,5.6,2.4,2.2,30.7,16.9,5.8,3.2,1.7,3.0,2.3769037409433684
E07000032,Amber Valley,122309,53826,42795,18336,5810,1542,44.0,35.0,15.0,4.8,1.3,7352,6.1,90558,63280,13374,36229,261,1597,2085,4240,3503,1991,27278,15715,3109,3417,3680,1357,69.9,14.8,40.0,0.3,1.8,2.3,4.7,3.9,2.2,30.1,17.4,3.4,3.8,4.1,1.5,3.868239139556969
E07000033,Bolsover,75866,30934,25423,12965,5152,1392,40.8,33.5,17.1,6.8,1.8,6544,8.6,55945,37442,7986,21542,144,820,938,2148,2612,1252,18503,9463,1962,2435,3626,1017,66.9,14.3,38.5,0.3,1.5,1.7,3.8,4.7,2.2,33.1,16.9,3.5,4.4,6.5,1.8,4.668871212798284
E07000034,Chesterfield,103788,43274,35622,16984,6204,1704,41.7,34.3,16.4,6.0,1.6,7908,7.6,76409,51909,12272,28593,235,993,1481,2969,3557,1809,24500,12894,2782,2916,4554,1354,67.9,16.1,37.4,0.3,1.3,1.9,3.9,4.7,2.4,32.1,16.9,3.6,3.8,6.0,1.8,4.655210773599968
E07000035,Derbyshire Dales,71116,33487,24683,9718,2475,753,47.1,34.7,13.7,3.5,1.1,3228,4.6,51978,36541,8270,18153,336,1593,1922,3727,1394,1146,15437,9903,1699,1581,1322,932,70.3,15.9,34.9,0.6,3.1,3.7,7.2,2.7,2.2,29.7,19.1,3.3,3.0,2.5,1.8,2.6819038824117896
E07000036,Erewash,112081,49349,39666,16762,4874,1430,44.0,35.4,15.0,4.3,1.3,6304,5.6,82609,59044,12446,34268,233,1269,1631,3462,3742,1993,23565,12894,2970,3107,3304,1290,71.5,15.1,41.5,0.3,1.5,2.0,4.2,4.5,2.4,28.5,15.6,3.6,3.8,4.0,1.6,4.5297727850476335
E07000037,High Peak,90892,43185,30980,12011,3696,1020,47.5,34.1,13.2,4.1,1.1,4716,5.199999999999999,67389,48560,10316,26377,252,1418,1899,3911,2576,1811,18829,10561,2893,1998,2473,904,72.1,15.3,39.1,0.4,2.1,2.8,5.8,3.8,2.7,27.9,15.7,4.3,3.0,3.7,1.3,3.822582320556768
E07000038,North East Derbyshire,99023,42535,33926,15734,5319,1509,43.0,34.3,15.9,5.4,1.5,6828,6.9,73460,49919,11679,27073,259,1416,1616,3525,2697,1654,23541,14159,2486,2575,3285,1036,68.0,15.9,36.9,0.4,1.9,2.2,4.8,3.7,2.3,32.0,19.3,3.4,3.5,4.5,1.4,3.671385788184046
E07000039,South Derbyshire,94611,45075,32550,12348,3647,991,47.6,34.4,13.1,3.9,1.0,4638,4.9,69450,50358,10279,29738,267,1307,1601,3217,2125,1824,19092,10286,2521,2749,2443,1093,72.5,14.8,42.8,0.4,1.9,2.3,4.6,3.1,2.6,27.5,14.8,3.6,4.0,3.5,1.6,3.059755219582433
E07000129,Blaby,93915,44615,33631,11764,3081,824,47.5,35.8,12.5,3.3,0.9,3905,4.2,68558,50661,10733,29207,239,1318,1667,3537,1963,1997,17897,10721,2495,1914,1565,1202,73.9,15.7,42.6,0.3,1.9,2.4,5.2,2.9,2.9,26.1,15.6,3.6,2.8,2.3,1.8,2.863269056856968
E07000130,Charnwood,166100,79906,58637,20620,5465,1472,48.1,35.3,12.4,3.3,0.9,6937,4.2,124967,84609,17209,47592,401,2133,2657,5244,3864,5509,40358,17092,14278,3930,3437,1621,67.7,13.8,38.1,0.3,1.7,2.1,4.2,3.1,4.4,32.3,13.7,11.4,3.1,2.8,1.3,3.092016292301168
E07000131,Harborough,85382,43421,29261,9707,2345,648,50.9,34.3,11.4,2.7,0.8,2993,3.5,61913,45791,9419,25343,330,1839,2048,3763,1517,1532,16122,9569,2415,1871,1232,1035,74.0,15.2,40.9,0.5,3.0,3.3,6.1,2.5,2.5,26.0,15.5,3.9,3.0,2.0,1.7,2.450212394812075
E07000132,Hinckley and Bosworth,105078,48612,37653,13974,3812,1027,46.3,35.8,13.3,3.6,1.0,4839,4.6,77716,56538,11408,33087,317,1543,1943,3961,2448,1831,21178,12924,2615,2510,2205,924,72.7,14.7,42.6,0.4,2.0,2.5,5.1,3.1,2.4,27.3,16.6,3.4,3.2,2.8,1.2,3.149930516238612
E07000133,Melton,50376,24349,17892,6295,1449,391,48.3,35.5,12.5,2.9,0.8,1840,3.7,36955,27422,5636,15481,155,924,1068,2094,1067,997,9533,5831,1231,1247,779,445,74.2,15.3,41.9,0.4,2.5,2.9,5.7,2.9,2.7,25.8,15.8,3.3,3.4,2.1,1.2,2.887295359220674
E07000134,North West Leicestershire,93468,42477,33202,12978,3733,1078,45.4,35.5,13.9,4.0,1.2,4811,5.2,68556,48999,9845,28778,236,1253,1573,3309,2361,1644,19557,11025,2611,2595,2350,976,71.5,14.4,42.0,0.3,1.8,2.3,4.8,3.4,2.4,28.5,16.1,3.8,3.8,3.4,1.4,3.443899877472431
E07000135,Oadby and Wigston,56170,25383,20568,7524,2082,613,45.2,36.6,13.4,3.7,1.1,2695,4.800000000000001,40797,28119,6146,15570,166,811,864,1669,1314,1579,12678,6102,3555,1296,1098,627,68.9,15.1,38.2,0.4,2.0,2.1,4.1,3.2,3.9,31.1,15.0,8.7,3.2,2.7,1.5,3.220825060666225
E07000136,Boston,64637,26298,24225,10252,3058,804,40.7,37.5,15.9,4.7,1.2,3862,5.9,47306,33031,7480,18683,181,892,907,1927,1969,992,14275,7842,1447,1838,2083,1065,69.8,15.8,39.5,0.4,1.9,1.9,4.1,4.2,2.1,30.2,16.6,3.1,3.9,4.4,2.3,4.162262715088995
E07000137,East Lindsey,136401,52138,48140,24915,8671,2537,38.2,35.3,18.3,6.4,1.9,11208,8.3,99928,60716,14264,29753,477,2460,2698,5223,3966,1875,39212,24038,3234,4356,5795,1789,60.8,14.3,29.8,0.5,2.5,2.7,5.2,4.0,1.9,39.2,24.1,3.2,4.4,5.8,1.8,3.968857577455768
E07000138,Lincoln,93541,41329,34216,13005,3907,1084,44.2,36.6,13.9,4.2,1.2,4991,5.4,71577,49523,9926,26504,158,796,1111,2486,3533,5009,22054,8015,6287,2880,3278,1594,69.2,13.9,37.0,0.2,1.1,1.6,3.5,4.9,7.0,30.8,11.2,8.8,4.0,4.6,2.2,4.935943110216969
E07000139,North Kesteven,107766,49563,37834,14941,4198,1230,46.0,35.1,13.9,3.9,1.1,5428,5.0,78616,55065,11437,32060,302,1485,1878,3759,2290,1854,23551,14890,2536,2942,2280,903,70.0,14.5,40.8,0.4,1.9,2.4,4.8,2.9,2.4,30.0,18.9,3.2,3.7,2.9,1.1,2.912893049760863
E07000140,South Holland,88270,35771,33149,13968,4167,1215,40.5,37.6,15.8,4.7,1.4,5382,6.1,63920,44276,8432,25724,262,1323,1493,3298,2532,1212,19644,11891,1846,2549,2308,1050,69.3,13.2,40.2,0.4,2.1,2.3,5.2,4.0,1.9,30.7,18.6,2.9,4.0,3.6,1.6,3.9612015018773454
E07000141,South Kesteven,133788,62625,46999,17767,5005,1392,46.8,35.1,13.3,3.7,1.0,6397,4.7,97319,70273,14579,40051,363,1901,2651,4954,3248,2526,27046,16064,3113,3586,2840,1443,72.2,15.0,41.2,0.4,2.0,2.7,5.1,3.3,2.6,27.8,16.5,3.2,3.7,2.9,1.5,3.3374777792620143
E07000142,West Lindsey,89250,39293,32075,13100,3790,992,44.0,35.9,14.7,4.2,1.1,4782,5.300000000000001,65531,44768,9855,24183,256,1497,1747,3196,2497,1537,20763,12366,2367,2598,2492,940,68.3,15.0,36.9,0.4,2.3,2.7,4.9,3.8,2.3,31.7,18.9,3.6,4.0,3.8,1.4,3.81041034014436
E07000150,Corby,61255,28138,21539,8045,2697,836,45.9,35.2,13.1,4.4,1.4,3533,5.800000000000001,45049,33166,6145,20899,95,476,565,1506,2222,1258,11883,5566,1504,1759,2237,817,73.6,13.6,46.4,0.2,1.1,1.3,3.3,4.9,2.8,26.4,12.4,3.3,3.9,5.0,1.8,4.932406934671136
E07000151,Daventry,77843,37709,27454,9398,2577,705,48.4,35.3,12.1,3.3,0.9,3282,4.2,57379,41546,7904,23617,242,1452,1705,3376,1731,1519,15833,8777,1978,2079,1456,1543,72.4,13.8,41.2,0.4,2.5,3.0,5.9,3.0,2.6,27.6,15.3,3.4,3.6,2.5,2.7,3.01678314365883
E07000152,East Northamptonshire,86765,40656,31175,11145,2945,844,46.9,35.9,12.8,3.4,1.0,3789,4.4,63006,45821,8602,26972,250,1251,1567,3577,2136,1466,17185,9549,2504,2517,1808,807,72.7,13.7,42.8,0.4,2.0,2.5,5.7,3.4,2.3,27.3,15.2,4.0,4.0,2.9,1.3,3.3901533187315493
E07000153,Kettering,93475,43038,33973,12039,3477,948,46.0,36.3,12.9,3.7,1.0,4425,4.7,67920,50012,9967,29305,222,1223,1539,3268,2728,1760,17908,9729,2101,2616,2408,1054,73.6,14.7,43.1,0.3,1.8,2.3,4.8,4.0,2.6,26.4,14.3,3.1,3.9,3.5,1.6,4.016489988221437
E07000154,Northampton,212069,98367,77331,26530,7654,2187,46.4,36.5,12.5,3.6,1.0,9841,4.6,155682,115479,21026,68363,417,2254,2872,6955,7223,6369,40203,17458,7871,6026,5837,3011,74.2,13.5,43.9,0.3,1.4,1.8,4.5,4.6,4.1,25.8,11.2,5.1,3.9,3.7,1.9,4.639585822381521
E07000155,South Northamptonshire,85189,43204,29703,9378,2247,657,50.7,34.9,11.0,2.6,0.8,2904,3.4000000000000004,62321,47449,9004,27039,294,1629,2068,4283,1476,1656,14872,9161,1847,2109,1045,710,76.1,14.4,43.4,0.5,2.6,3.3,6.9,2.4,2.7,23.9,14.7,3.0,3.4,1.7,1.1,2.368383049052486
E07000156,Wellingborough,75356,32913,27907,10687,2973,876,43.7,37.0,14.2,3.9,1.2,3849,5.1,54817,39247,7449,23367,153,891,1033,2363,2562,1429,15570,8059,1844,2360,2109,1198,71.6,13.6,42.6,0.3,1.6,1.9,4.3,4.7,2.6,28.4,14.7,3.4,4.3,3.8,2.2,4.673732601200357
E07000170,Ashfield,119497,50253,41200,19484,6764,1796,42.1,34.5,16.3,5.7,1.5,8560,7.2,88037,59970,12976,34795,236,1087,1458,3379,4140,1899,28067,14545,2921,3986,4912,1703,68.1,14.7,39.5,0.3,1.2,1.7,3.8,4.7,2.2,31.9,16.5,3.3,4.5,5.6,1.9,4.702568238354328
E07000171,Bassetlaw,112863,48326,39138,17794,5912,1693,42.8,34.7,15.8,5.2,1.5,7605,6.7,83305,56556,12752,31585,327,1515,1644,3461,3294,1978,26749,14204,2914,3162,4219,2250,67.9,15.3,37.9,0.4,1.8,2.0,4.2,4.0,2.4,32.1,17.1,3.5,3.8,5.1,2.7,3.954144409099094
E07000172,Broxtowe,109487,49831,38276,15614,4521,1245,45.5,35.0,14.3,4.1,1.1,5766,5.199999999999999,81573,56838,11855,33191,236,1279,1615,3153,3156,2353,24735,13440,4574,2724,2833,1164,69.7,14.5,40.7,0.3,1.6,2.0,3.9,3.9,2.9,30.3,16.5,5.6,3.3,3.5,1.4,3.868927218564967
E07000173,Gedling,113543,51154,39934,16473,4657,1325,45.1,35.2,14.5,4.1,1.2,5982,5.3,83284,59493,12940,33171,297,1565,1908,3986,3391,2235,23791,13774,3006,2717,3032,1262,71.4,15.5,39.8,0.4,1.9,2.3,4.8,4.1,2.7,28.6,16.5,3.6,3.3,3.6,1.5,4.071610393352865
E07000174,Mansfield,104466,43295,35895,16922,6476,1878,41.4,34.4,16.2,6.2,1.8,8354,8.0,77155,52392,11627,29832,226,1062,1287,2927,3547,1884,24763,12120,2661,3436,4996,1550,67.9,15.1,38.7,0.3,1.4,1.7,3.8,4.6,2.4,32.1,15.7,3.4,4.5,6.5,2.0,4.597239323439829
E07000175,Newark and Sherwood,114817,51505,39671,16874,5246,1521,44.9,34.6,14.7,4.6,1.3,6767,5.9,84145,57971,12686,31947,344,1804,2061,4030,2995,2104,26174,14352,3157,3423,3590,1652,68.9,15.1,38.0,0.4,2.1,2.4,4.8,3.6,2.5,31.1,17.1,3.8,4.1,4.3,2.0,3.559332105294432
E07000176,Rushcliffe,111129,57689,36222,12779,3468,971,51.9,32.6,11.5,3.1,0.9,4439,4.0,80755,58045,11753,32677,374,1950,2380,3999,2222,2690,22710,12820,4465,2435,1758,1232,71.9,14.6,40.5,0.5,2.4,2.9,5.0,2.8,3.3,28.1,15.9,5.5,3.0,2.2,1.5,2.751532412853693
E06000019,"Herefordshire, County of UA",183477,83874,64494,25517,7441,2151,45.7,35.2,13.9,4.1,1.2,9592,5.3,133442,95114,20345,48094,682,3656,4683,10130,4353,3171,38328,22149,4845,4636,4600,2098,71.3,15.2,36.0,0.5,2.7,3.5,7.6,3.3,2.4,28.7,16.6,3.6,3.5,3.4,1.6,3.262091395512657
E06000051,Shropshire UA,306129,142309,106909,41475,11979,3457,46.5,34.9,13.5,3.9,1.1,15436,5.0,223892,158983,34760,83106,1126,6130,6852,14427,7350,5232,64909,37833,8764,7529,7237,3546,71.0,15.5,37.1,0.5,2.7,3.1,6.4,3.3,2.3,29.0,16.9,3.9,3.4,3.2,1.6,3.282832794383006
E06000021,Stoke-on-Trent UA,249008,104510,86311,38179,15356,4652,42.0,34.7,15.3,6.2,1.9,20008,8.1,182808,119743,24732,67097,528,2127,2823,5962,9715,6759,63065,26108,10260,8553,13223,4921,65.5,13.5,36.7,0.3,1.2,1.5,3.3,5.3,3.7,34.5,14.3,5.6,4.7,7.2,2.7,5.314318848190451
E06000020,Telford and Wrekin UA,166641,76439,57198,22609,8023,2372,45.9,34.3,13.6,4.8,1.4,10395,6.199999999999999,122279,84947,16530,50567,293,1724,2134,4437,5806,3456,37332,16798,6213,5923,6001,2397,69.5,13.5,41.4,0.2,1.4,1.7,3.6,4.7,2.8,30.5,13.7,5.1,4.8,4.9,2.0,4.7481579011931725
E07000192,Cannock Chase,97462,42634,34133,14091,5121,1483,43.7,35.0,14.5,5.3,1.5,6604,6.8,72274,51306,11009,28840,211,1063,1255,3737,3311,1880,20968,10735,2604,3007,3415,1207,71.0,15.2,39.9,0.3,1.5,1.7,5.2,4.6,2.6,29.0,14.9,3.6,4.2,4.7,1.7,4.581177186816836
E07000193,East Staffordshire,113583,52094,40576,15302,4377,1234,45.9,35.7,13.5,3.9,1.1,5611,5.0,83059,58578,12135,33829,302,1448,1806,3624,3171,2263,24481,12497,3077,3691,3103,2113,70.5,14.6,40.7,0.4,1.7,2.2,4.4,3.8,2.7,29.5,15.0,3.7,4.4,3.7,2.5,3.81776809256071
E07000194,Lichfield,100654,47225,35014,13259,3959,1197,46.9,34.8,13.2,3.9,1.2,5156,5.1,74757,51862,10890,28837,326,1782,1925,3776,2531,1795,22895,13883,2793,2603,2276,1340,69.4,14.6,38.6,0.4,2.4,2.6,5.1,3.4,2.4,30.6,18.6,3.7,3.5,3.0,1.8,3.3856361277204807
E07000195,Newcastle-under-Lyme,123871,55311,42716,17802,6312,1730,44.7,34.5,14.4,5.1,1.4,8042,6.5,92335,61568,12736,34876,244,1525,1705,3513,3378,3591,30767,14830,7063,2983,4341,1550,66.7,13.8,37.8,0.3,1.7,1.8,3.8,3.7,3.9,33.3,16.1,7.6,3.2,4.7,1.7,3.658417718091731
E07000196,South Staffordshire,108131,49032,38390,14901,4435,1373,45.3,35.5,13.8,4.1,1.3,5808,5.4,80718,56418,12224,30995,382,1964,1889,4217,2670,2077,24300,14754,3158,2560,2228,1600,69.9,15.1,38.4,0.5,2.4,2.3,5.2,3.3,2.6,30.1,18.3,3.9,3.2,2.8,2.0,3.3078123838549023
E07000197,Stafford,130869,60366,46574,17316,5118,1495,46.1,35.6,13.2,3.9,1.1,6613,5.0,97297,68274,14101,38948,353,2052,2149,4320,3028,3323,29023,16246,4921,2888,3024,1944,70.2,14.5,40.0,0.4,2.1,2.2,4.4,3.1,3.4,29.8,16.7,5.1,3.0,3.1,2.0,3.1121206203685623
E07000198,Staffordshire Moorlands,97106,42874,34050,14432,4420,1330,44.2,35.1,14.9,4.6,1.4,5750,6.0,72085,49988,10527,27432,349,1690,1784,4348,2031,1827,22097,13745,2379,2093,2926,954,69.3,14.6,38.1,0.5,2.3,2.5,6.0,2.8,2.5,30.7,19.1,3.3,2.9,4.1,1.3,2.817507109662204
E07000199,Tamworth,76813,35029,27064,10314,3399,1007,45.6,35.2,13.4,4.4,1.3,4406,5.7,56833,41188,8566,24514,123,653,922,2342,2541,1527,15645,8104,2012,2366,2344,819,72.5,15.1,43.1,0.2,1.1,1.6,4.1,4.5,2.7,27.5,14.3,3.5,4.2,4.1,1.4,4.470993964773987
E07000218,North Warwickshire,62014,27979,21604,8725,2850,856,45.1,34.8,14.1,4.6,1.4,3706,6.0,46170,33151,6732,18982,176,989,1040,2491,1662,1079,13019,7636,1534,1543,1632,674,71.8,14.6,41.1,0.4,2.1,2.3,5.4,3.6,2.3,28.2,16.5,3.3,3.3,3.5,1.5,3.599740090968161
E07000219,Nuneaton and Bedworth,125252,55086,44255,18133,6019,1759,44.0,35.3,14.5,4.8,1.4,7778,6.199999999999999,92090,65173,13588,38428,218,1156,1490,3412,4363,2518,26917,14372,3280,3616,4058,1591,70.8,14.8,41.7,0.2,1.3,1.6,3.7,4.7,2.7,29.2,15.6,3.6,3.9,4.4,1.7,4.737756542512759
E07000220,Rugby,100075,47711,35306,12580,3508,970,47.7,35.3,12.6,3.5,1.0,4478,4.5,72759,53457,10096,32415,229,1198,1635,3445,2613,1826,19302,10723,2836,2557,2068,1118,73.5,13.9,44.6,0.3,1.6,2.2,4.7,3.6,2.5,26.5,14.7,3.9,3.5,2.8,1.5,3.591308291757721
E07000221,Stratford-on-Avon,120485,58094,41966,15315,4049,1061,48.2,34.8,12.7,3.4,0.9,5110,4.3,87728,63253,12651,33817,465,2403,3468,6040,2154,2255,24475,15155,2987,3056,2029,1248,72.1,14.4,38.5,0.5,2.7,4.0,6.9,2.5,2.6,27.9,17.3,3.4,3.5,2.3,1.4,2.455316432609885
E07000222,Warwick,137648,69660,46720,15719,4275,1274,50.6,33.9,11.4,3.1,0.9,5549,4.0,102883,73309,13456,43062,397,1918,2873,4858,3118,3627,29574,13319,9243,3011,2626,1375,71.3,13.1,41.9,0.4,1.9,2.8,4.7,3.0,3.5,28.7,12.9,9.0,2.9,2.6,1.3,3.030627022928958
E08000025,Birmingham,1073045,488568,363904,148782,54105,17686,45.5,33.9,13.9,5.0,1.6,71791,6.6,760252,488221,96186,251668,2970,9718,15221,24916,54114,33428,272031,81213,74102,48771,39917,28028,64.2,12.7,33.1,0.4,1.3,2.0,3.3,7.1,4.4,35.8,10.7,9.7,6.4,5.3,3.7,7.117903011106844
E08000026,Coventry,316960,145948,109815,42006,14765,4426,46.0,34.6,13.3,4.7,1.4,19191,6.1,231871,153745,29800,84624,549,2574,3659,7558,12532,12449,78126,27790,24219,10049,10487,5581,66.3,12.9,36.5,0.2,1.1,1.6,3.3,5.4,5.4,33.7,12.0,10.4,4.3,4.5,2.4,5.404729353821737
E08000027,Dudley,312925,132825,111905,47828,15918,4449,42.4,35.8,15.3,5.1,1.4,20367,6.5,226726,155530,33987,86654,618,3051,4219,9191,12064,5746,71196,36619,9636,10355,10060,4526,68.6,15.0,38.2,0.3,1.3,1.9,4.1,5.3,2.5,31.4,16.2,4.3,4.6,4.4,2.0,5.320960101620458
E08000028,Sandwell,308063,129182,107081,48087,18171,5542,41.9,34.8,15.6,5.9,1.8,23713,7.7,219508,146653,29779,81339,653,2508,3272,6787,16049,6266,72855,28582,11728,12859,12679,7007,66.8,13.6,37.1,0.3,1.1,1.5,3.1,7.3,2.9,33.2,13.0,5.3,5.9,5.8,3.2,7.31135083914937
E08000029,Solihull,206674,98197,70683,27056,8241,2497,47.5,34.2,13.1,4.0,1.2,10738,5.2,148360,105108,21701,59212,599,2944,3363,6767,6304,4218,43252,24019,6496,5506,4949,2282,70.8,14.6,39.9,0.4,2.0,2.3,4.6,4.2,2.8,29.2,16.2,4.4,3.7,3.3,1.5,4.249123753033163
E08000030,Walsall,269323,113525,94650,41653,14968,4527,42.2,35.1,15.5,5.6,1.7,19495,7.3,191974,126805,26934,67743,672,2891,3168,7260,13006,5131,65169,28865,9544,11220,9974,5566,66.1,14.0,35.3,0.4,1.5,1.7,3.8,6.8,2.7,33.9,15.0,5.0,5.8,5.2,2.9,6.774875764426433
E08000031,Wolverhampton,249470,104263,88168,39096,13796,4147,41.8,35.3,15.7,5.5,1.7,17943,7.2,179983,120402,24364,63981,525,2269,2680,5910,14127,6546,59581,23763,11036,9479,9765,5538,66.9,13.5,35.5,0.3,1.3,1.5,3.3,7.8,3.6,33.1,13.2,6.1,5.3,5.4,3.1,7.849074634826622
E07000234,Bromsgrove,93637,45932,31306,11885,3484,1030,49.1,33.4,12.7,3.7,1.1,4514,4.800000000000001,67807,48664,10393,26705,331,1765,1953,3720,2070,1727,19143,11031,2836,1909,1714,1653,71.8,15.3,39.4,0.5,2.6,2.9,5.5,3.1,2.5,28.2,16.3,4.2,2.8,2.5,2.4,3.0527821611338064
E07000235,Malvern Hills,74631,34011,26171,10494,2939,1016,45.6,35.1,14.1,3.9,1.4,3955,5.3,53512,36261,7704,18038,292,1511,2128,3676,1690,1222,17251,10292,2583,1877,1692,807,67.8,14.4,33.7,0.5,2.8,4.0,6.9,3.2,2.3,32.2,19.2,4.8,3.5,3.2,1.5,3.158170130064285
E07000236,Redditch,84214,39391,29354,10913,3522,1034,46.8,34.9,13.0,4.2,1.2,4556,5.4,62523,46220,8991,27383,156,870,1317,2747,2877,1879,16303,8106,2394,2440,2374,989,73.9,14.4,43.8,0.2,1.4,2.1,4.4,4.6,3.0,26.1,13.0,3.8,3.9,3.8,1.6,4.601506645554436
E07000237,Worcester,98768,46851,34497,12625,3780,1015,47.4,34.9,12.8,3.8,1.0,4795,4.8,73382,53966,11000,30777,170,956,1561,3068,3071,3363,19416,8918,4046,2713,2497,1242,73.5,15.0,41.9,0.2,1.3,2.1,4.2,4.2,4.6,26.5,12.2,5.5,3.7,3.4,1.7,4.184949987735412
E07000238,Wychavon,116944,54212,41641,15608,4339,1144,46.4,35.6,13.3,3.7,1.0,5483,4.7,85481,61260,12816,32863,413,2246,2769,5352,2675,2126,24221,14864,2854,2897,2278,1328,71.7,15.0,38.4,0.5,2.6,3.2,6.3,3.1,2.5,28.3,17.4,3.3,3.4,2.7,1.6,3.1293503819562245
E07000239,Wyre Forest,97975,42730,34481,14881,4548,1335,43.6,35.2,15.2,4.6,1.4,5883,6.0,72331,49712,10994,27045,270,1318,1806,3627,3041,1611,22619,13356,2413,2638,2972,1240,68.7,15.2,37.4,0.4,1.8,2.5,5.0,4.2,2.2,31.3,18.5,3.3,3.6,4.1,1.7,4.204283087472867
E06000055,Bedford UA,157479,73860,56663,19812,5596,1548,46.9,36.0,12.6,3.6,1.0,7144,4.6,113764,81782,15841,45943,431,2107,2815,5473,5060,4112,31982,14517,6231,4918,3749,2567,71.9,13.9,40.4,0.4,1.9,2.5,4.8,4.4,3.6,28.1,12.8,5.5,4.3,3.3,2.3,4.447804226293028
E06000056,Central Bedfordshire UA,254381,125019,90360,29202,7672,2128,49.1,35.5,11.5,3.0,0.8,9800,3.8,186658,139525,26069,81304,678,3678,4981,11135,6443,5237,47133,25111,7768,7346,4409,2499,74.7,14.0,43.6,0.4,2.0,2.7,6.0,3.5,2.8,25.3,13.5,4.2,3.9,2.4,1.3,3.4517674034865906
E06000032,Luton UA,203201,94607,73300,25277,7571,2446,46.6,36.1,12.4,3.7,1.2,10017,4.9,145208,100272,18407,53271,635,2136,2948,6479,8337,8059,44936,14336,10703,9660,5496,4741,69.1,12.7,36.7,0.4,1.5,2.0,4.5,5.7,5.5,30.9,9.9,7.4,6.7,3.8,3.3,5.741419205553413
E06000031,Peterborough UA,183631,81275,68493,24362,7425,2076,44.3,37.3,13.3,4.0,1.1,9501,5.1,132318,95646,18654,56704,438,1946,2627,5001,6691,3585,36672,15323,5104,7270,5484,3491,72.3,14.1,42.9,0.3,1.5,2.0,3.8,5.1,2.7,27.7,11.6,3.9,5.5,4.1,2.6,5.056757206124638
E06000033,Southend-on-Sea UA,173658,78341,60929,24420,7778,2190,45.1,35.1,14.1,4.5,1.3,9968,5.8,125007,88324,17949,47972,451,2168,3348,6834,6209,3393,36683,17655,4769,6298,5311,2650,70.7,14.4,38.4,0.4,1.7,2.7,5.5,5.0,2.7,29.3,14.1,3.8,5.0,4.2,2.1,4.966921852376267
E06000034,Thurrock UA,157705,76012,54788,19389,5888,1628,48.2,34.7,12.3,3.7,1.0,7516,4.7,114124,84464,16370,48620,347,1750,2091,5973,6190,3123,29660,13377,3987,5903,4037,2356,74.0,14.3,42.6,0.3,1.5,1.8,5.2,5.4,2.7,26.0,11.7,3.5,5.2,3.5,2.1,5.42392485366794
E07000008,Cambridge,123867,67743,39600,12021,3533,970,54.7,32.0,9.7,2.9,0.8,4503,3.7,98283,62886,10001,37350,227,1254,2300,3510,2641,5603,35397,7001,21463,2949,2437,1547,64.0,10.2,38.0,0.2,1.3,2.3,3.6,2.7,5.7,36.0,7.1,21.8,3.0,2.5,1.6,2.6871381622457595
E07000009,East Cambridgeshire,83818,40874,29487,10131,2614,712,48.8,35.2,12.1,3.1,0.8,3326,3.9,60714,45920,8811,26726,246,1397,1884,3700,1747,1409,14794,8224,1784,2531,1438,817,75.6,14.5,44.0,0.4,2.3,3.1,6.1,2.9,2.3,24.4,13.5,2.9,4.2,2.4,1.3,2.8774253055308496
E07000010,Fenland,95262,37577,36042,15760,4590,1293,39.4,37.8,16.5,4.8,1.4,5883,6.199999999999999,69258,47829,9701,27304,226,1200,1403,3579,2931,1485,21429,11869,2146,2954,3100,1360,69.1,14.0,39.4,0.3,1.7,2.0,5.2,4.2,2.1,30.9,17.1,3.1,4.3,4.5,2.0,4.232002079182188
E07000011,Huntingdonshire,169508,82675,60470,19682,5239,1442,48.8,35.7,11.6,3.1,0.9,6681,4.0,125346,93481,17780,56515,440,2272,3044,6156,3957,3317,31865,17677,4002,4746,3112,2328,74.6,14.2,45.1,0.4,1.8,2.4,4.9,3.2,2.6,25.4,14.1,3.2,3.8,2.5,1.9,3.156861806519553
E07000012,South Cambridgeshire,148755,78041,50147,15792,3739,1036,52.5,33.7,10.6,2.5,0.7,4775,3.2,107779,82079,15597,48499,443,2362,3712,5995,2499,2972,25700,14045,4295,3875,2133,1352,76.2,14.5,45.0,0.4,2.2,3.4,5.6,2.3,2.8,23.8,13.0,4.0,3.6,2.0,1.3,2.318633500032474
E07000066,Basildon,174497,80704,60991,23145,7355,2302,46.2,35.0,13.3,4.2,1.3,9657,5.5,125795,89570,17855,50693,371,2087,2703,6956,5846,3059,36225,17497,4297,7204,4953,2274,71.2,14.2,40.3,0.3,1.7,2.1,5.5,4.6,2.4,28.8,13.9,3.4,5.7,3.9,1.8,4.647243531141938
E07000067,Braintree,147084,69884,52492,18291,5046,1371,47.5,35.7,12.4,3.4,0.9,6417,4.3,106718,78715,15747,43859,411,2159,3109,6731,4014,2685,28003,15027,3153,4890,3347,1586,73.8,14.8,41.1,0.4,2.0,2.9,6.3,3.8,2.5,26.2,14.1,3.0,4.6,3.1,1.5,3.7613148672201504
E07000068,Brentwood,73601,37548,24537,8565,2306,645,51.0,33.3,11.6,3.1,0.9,2951,4.0,52959,38149,7142,21677,242,1280,1705,3237,1667,1199,14810,7884,2330,2564,1215,817,72.0,13.5,40.9,0.5,2.4,3.2,6.1,3.1,2.3,28.0,14.9,4.4,4.8,2.3,1.5,3.147718046035612
E07000069,Castle Point,88011,38280,31786,12963,3873,1109,43.5,36.1,14.7,4.4,1.3,4982,5.7,64626,44080,9525,23519,217,1231,1505,4225,2289,1569,20546,12525,1852,3086,2036,1047,68.2,14.7,36.4,0.3,1.9,2.3,6.5,3.5,2.4,31.8,19.4,2.9,4.8,3.2,1.6,3.5419181134527897
E07000070,Chelmsford,168310,84476,58430,19261,4778,1365,50.2,34.7,11.4,2.8,0.8,6143,3.6,123693,91339,18138,52442,433,2303,3346,6693,4223,3761,32354,17484,4840,5230,2810,1990,73.8,14.7,42.4,0.4,1.9,2.7,5.4,3.4,3.0,26.2,14.1,3.9,4.2,2.3,1.6,3.414097806666505
E07000071,Colchester,173074,84520,60279,20925,5692,1658,48.8,34.8,12.1,3.3,1.0,7350,4.3,128562,91385,18471,50589,414,2176,3147,6417,4456,5715,37177,16901,8950,5226,4135,1965,71.1,14.4,39.3,0.3,1.7,2.4,5.0,3.5,4.4,28.9,13.1,7.0,4.1,3.2,1.5,3.466031953454365
E07000072,Epping Forest,124659,61413,42077,15435,4441,1293,49.3,33.8,12.4,3.6,1.0,5734,4.6,90622,65304,12023,34722,582,2840,3155,6614,3259,2109,25318,12746,4055,4459,2378,1680,72.1,13.3,38.3,0.6,3.1,3.5,7.3,3.6,2.3,27.9,14.1,4.5,4.9,2.6,1.9,3.5962569795413915
E07000073,Harlow,81944,36969,29380,11203,3398,994,45.1,35.9,13.7,4.1,1.2,4392,5.3,58669,43847,8643,25261,142,733,1181,3050,3043,1794,14822,6625,2102,2778,2188,1129,74.7,14.7,43.1,0.2,1.2,2.0,5.2,5.2,3.1,25.3,11.3,3.6,4.7,3.7,1.9,5.186725527961956
E07000074,Maldon,61629,28471,21961,8269,2260,668,46.2,35.6,13.4,3.7,1.1,2928,4.800000000000001,45406,31856,6640,16765,232,1143,1558,3175,1381,962,13550,8148,1353,2122,1293,634,70.2,14.6,36.9,0.5,2.5,3.4,7.0,3.0,2.1,29.8,17.9,3.0,4.7,2.8,1.4,3.041448266748888
E07000075,Rochford,83287,39774,29085,10832,2816,780,47.8,34.9,13.0,3.4,0.9,3596,4.3,60425,42804,9179,23556,228,1176,1625,3739,1836,1465,17621,10715,1846,2756,1395,909,70.8,15.2,39.0,0.4,1.9,2.7,6.2,3.0,2.4,29.2,17.7,3.1,4.6,2.3,1.5,3.0384774513860155
E07000076,Tendring,138048,53035,49451,25052,8048,2462,38.4,35.8,18.1,5.8,1.8,10510,7.6,97050,59908,14148,29346,340,1813,2525,5113,4533,2090,37142,22402,3223,4469,5131,1917,61.7,14.6,30.2,0.4,1.9,2.6,5.3,4.7,2.2,38.3,23.1,3.3,4.6,5.3,2.0,4.670788253477589
E07000077,Uttlesford,79443,41746,26483,8620,2067,527,52.5,33.3,10.9,2.6,0.7,2594,3.3,57086,42473,8306,22883,305,1726,2245,4138,1527,1343,14613,7685,2371,2778,1006,773,74.4,14.5,40.1,0.5,3.0,3.9,7.2,2.7,2.4,25.6,13.5,4.2,4.9,1.8,1.4,2.674911536979294
E07000095,Broxbourne,93609,44661,33072,11544,3357,975,47.7,35.3,12.3,3.6,1.0,4332,4.6,67599,49426,9790,27083,296,1328,1720,4537,2825,1847,18173,8930,2927,3221,1861,1234,73.1,14.5,40.1,0.4,2.0,2.5,6.7,4.2,2.7,26.9,13.2,4.3,4.8,2.8,1.8,4.1790559031938335
E07000096,Dacorum,144847,72910,49326,16778,4576,1257,50.3,34.1,11.6,3.2,0.9,5833,4.1000000000000005,104410,77800,14422,44421,371,2037,3356,6441,3829,2923,26610,12906,4003,4730,2788,2183,74.5,13.8,42.5,0.4,2.0,3.2,6.2,3.7,2.8,25.5,12.4,3.8,4.5,2.7,2.1,3.6672732496887273
E07000097,East Hertfordshire,137687,72332,46399,14325,3678,953,52.5,33.7,10.4,2.7,0.7,4631,3.4000000000000004,100093,75434,14070,43787,404,2386,3279,6252,2849,2407,24659,12485,4401,4404,2066,1303,75.4,14.1,43.7,0.4,2.4,3.3,6.2,2.8,2.4,24.6,12.5,4.4,4.4,2.1,1.3,2.846352891810616
E07000098,Hertsmere,100031,51558,32887,11433,3208,945,51.5,32.9,11.4,3.2,0.9,4153,4.1000000000000005,71511,52435,9622,28167,337,1903,2847,4913,2650,1996,19076,8029,4378,3369,1980,1320,73.3,13.5,39.4,0.5,2.7,4.0,6.9,3.7,2.8,26.7,11.2,6.1,4.7,2.8,1.8,3.705723594971403
E07000099,North Hertfordshire,127114,63801,43360,14965,3958,1030,50.2,34.1,11.8,3.1,0.8,4988,3.9,91510,68564,12782,40147,384,1805,2861,4990,3145,2450,22946,12149,3429,3959,2179,1230,74.9,14.0,43.9,0.4,2.0,3.1,5.5,3.4,2.7,25.1,13.3,3.7,4.3,2.4,1.3,3.436782865260627
E07000100,St Albans,140664,77531,44813,13802,3521,997,55.1,31.9,9.8,2.5,0.7,4518,3.2,99863,74553,13476,42999,434,2416,3806,5910,2715,2797,25310,12321,4614,4817,2078,1480,74.7,13.5,43.1,0.4,2.4,3.8,5.9,2.7,2.8,25.3,12.3,4.6,4.8,2.1,1.5,2.7187246527743008
E07000101,Stevenage,83957,39514,29953,10652,2984,854,47.1,35.7,12.7,3.6,1.0,3838,4.6,60988,46140,8729,27053,140,760,1222,3130,2925,2181,14848,6749,2269,2795,1998,1037,75.7,14.3,44.4,0.2,1.2,2.0,5.1,4.8,3.6,24.3,11.1,3.7,4.6,3.3,1.7,4.796025447629042
E07000102,Three Rivers,87317,44267,29873,9772,2672,733,50.7,34.2,11.2,3.1,0.8,3405,3.9,62440,46280,8425,25698,331,1713,2419,4076,1984,1634,16160,7971,2830,2910,1417,1032,74.1,13.5,41.2,0.5,2.7,3.9,6.5,3.2,2.6,25.9,12.8,4.5,4.7,2.3,1.7,3.177450352338244
E07000103,Watford,90301,45200,31453,9911,2931,806,50.1,34.8,11.0,3.2,0.9,3737,4.1000000000000005,66285,50770,8438,30477,208,1047,1865,3774,2692,2269,15515,6260,3058,3030,1779,1388,76.6,12.7,46.0,0.3,1.6,2.8,5.7,4.1,3.4,23.4,9.4,4.6,4.6,2.7,2.1,4.061250660028664
E07000104,Welwyn Hatfield,110535,56252,37488,12427,3431,937,50.9,33.9,11.2,3.1,0.8,4368,3.9,81514,57036,9939,31315,259,1402,1994,3941,2687,5499,24478,8920,8941,3283,2090,1244,70.0,12.2,38.4,0.3,1.7,2.4,4.8,3.3,6.7,30.0,10.9,11.0,4.0,2.6,1.5,3.2963662683710773
E07000143,Breckland,130491,55097,48663,19565,5623,1543,42.2,37.3,15.0,4.3,1.2,7166,5.5,94176,65029,13772,36350,320,1709,2455,5015,3302,2106,29147,16939,2835,3987,3288,2098,69.1,14.6,38.6,0.3,1.8,2.6,5.3,3.5,2.2,30.9,18.0,3.0,4.2,3.5,2.2,3.506201155283724
E07000144,Broadland,124646,55219,46106,17475,4499,1347,44.3,37.0,14.0,3.6,1.1,5846,4.7,90305,64232,15110,34180,378,1880,2737,5312,2314,2321,26073,16776,2552,3116,2512,1117,71.1,16.7,37.8,0.4,2.1,3.0,5.9,2.6,2.6,28.9,18.6,2.8,3.5,2.8,1.2,2.562427329605227
E07000145,Great Yarmouth,97277,39204,35032,16130,5330,1581,40.3,36.0,16.6,5.5,1.6,6911,7.1,70234,46018,11433,22778,217,1176,1430,3021,4258,1705,24216,12881,2526,3443,3741,1625,65.5,16.3,32.4,0.3,1.7,2.0,4.3,6.1,2.4,34.5,18.3,3.6,4.9,5.3,2.3,6.0625907680041005
E07000146,Kings Lynn and West Norfolk,147451,60322,54681,23441,7077,1930,40.9,37.1,15.9,4.8,1.3,9007,6.1,106591,71704,15537,38946,427,2254,2720,5575,3901,2344,34887,20888,3295,4609,4334,1761,67.3,14.6,36.5,0.4,2.1,2.6,5.2,3.7,2.2,32.7,19.6,3.1,4.3,4.1,1.7,3.6597836590331263
E07000147,North Norfolk,101499,39504,38336,17412,4839,1408,38.9,37.8,17.2,4.8,1.4,6247,6.199999999999999,72453,45819,10606,21871,364,1810,2671,4825,2404,1268,26634,17240,2002,2918,2847,1627,63.2,14.6,30.2,0.5,2.5,3.7,6.7,3.3,1.8,36.8,23.8,2.8,4.0,3.9,2.2,3.318013056740232
E07000148,Norwich,132512,59454,46939,18620,5862,1637,44.9,35.4,14.1,4.4,1.2,7499,5.6000000000000005,100702,68772,13516,37502,219,1109,1986,3915,5060,5465,31930,10766,9613,4379,4959,2213,68.3,13.4,37.2,0.2,1.1,2.0,3.9,5.0,5.4,31.7,10.7,9.5,4.3,4.9,2.2,5.024726420527894
E07000149,South Norfolk,124012,57480,44400,16575,4297,1260,46.4,35.8,13.4,3.5,1.0,5557,4.5,89337,63158,14032,33553,379,2052,3019,5477,2439,2207,26179,16249,2844,3450,2506,1130,70.7,15.7,37.6,0.4,2.3,3.4,6.1,2.7,2.5,29.3,18.2,3.2,3.9,2.8,1.3,2.730111823768428
E07000200,Babergh,87740,40875,31433,11624,3023,785,46.6,35.8,13.2,3.4,0.9,3808,4.3,63075,44347,9578,23434,300,1403,2255,4065,1879,1433,18728,11468,2129,2671,1593,867,70.3,15.2,37.2,0.5,2.2,3.6,6.4,3.0,2.3,29.7,18.2,3.4,4.2,2.5,1.4,2.978993261989695
E07000201,Forest Heath,59748,28739,21194,7235,2035,545,48.1,35.5,12.1,3.4,0.9,2580,4.3,44053,33115,5705,20939,136,766,973,2198,1412,986,10938,5403,1210,2074,1134,1117,75.2,13.0,47.5,0.3,1.7,2.2,5.0,3.2,2.2,24.8,12.3,2.7,4.7,2.6,2.5,3.2052300637868023
E07000202,Ipswich,133384,60771,47800,18053,5233,1527,45.6,35.8,13.5,3.9,1.1,6760,5.0,97167,71423,16071,40014,239,1144,1768,3956,5212,3019,25744,11279,3736,4662,4048,2019,73.5,16.5,41.2,0.2,1.2,1.8,4.1,5.4,3.1,26.5,11.6,3.8,4.8,4.2,2.1,5.36396101557113
E07000203,Mid Suffolk,96731,46319,34155,12432,3020,805,47.9,35.3,12.9,3.1,0.8,3825,3.9,70073,50607,10977,27013,322,1638,2542,4604,1789,1722,19466,12193,2035,2781,1568,889,72.2,15.7,38.5,0.5,2.3,3.6,6.6,2.6,2.5,27.8,17.4,2.9,4.0,2.2,1.3,2.553051817390436
E07000204,St Edmundsbury,111008,52543,39656,14081,3695,1033,47.3,35.7,12.7,3.3,0.9,4728,4.2,80968,59324,12418,34373,307,1576,2139,3947,2463,2101,21644,12451,2522,2761,2066,1844,73.3,15.3,42.5,0.4,1.9,2.6,4.9,3.0,2.6,26.7,15.4,3.1,3.4,2.6,2.3,3.04194249580081
E07000205,Suffolk Coastal,124298,57526,44087,17122,4427,1136,46.3,35.5,13.8,3.6,0.9,5563,4.5,88250,61006,14036,31974,481,2007,3170,4799,2394,2145,27244,17161,2817,3423,2328,1515,69.1,15.9,36.2,0.5,2.3,3.6,5.4,2.7,2.4,30.9,19.4,3.2,3.9,2.6,1.7,2.712747875354108
E07000206,Waveney,115254,47348,41820,18541,5829,1716,41.1,36.3,16.1,5.1,1.5,7545,6.6,81877,53460,13463,26780,311,1401,2007,3752,3724,2022,28417,16590,2557,3748,3747,1775,65.3,16.4,32.7,0.4,1.7,2.5,4.6,4.5,2.5,34.7,20.3,3.1,4.6,4.6,2.2,4.5482858433992455
E09000007,Camden,220338,117692,67334,22963,9174,3175,53.4,30.6,10.4,4.2,1.4,12349,5.6,173833,118397,13727,66955,800,4333,6542,11629,7755,6656,55436,11908,22734,7874,7663,5257,68.1,7.9,38.5,0.5,2.5,3.8,6.7,4.5,3.8,31.9,6.9,13.1,4.5,4.4,3.0,4.46117825729292
E09000001,City of London,7375,4112,2374,643,190,56,55.8,32.2,8.7,2.6,0.8,246,3.4000000000000004,6307,4972,360,3245,32,281,213,510,187,144,1335,580,363,153,116,123,78.8,5.7,51.5,0.5,4.5,3.4,8.1,3.0,2.3,21.2,9.2,5.8,2.4,1.8,2.0,2.964959568733154
E09000012,Hackney,246270,128442,75699,26837,11183,4109,52.2,30.7,10.9,4.5,1.7,15292,6.2,187423,133883,21394,68680,935,3056,6434,12868,13207,7309,53540,10441,16455,9262,9788,7594,71.4,11.4,36.6,0.5,1.6,3.4,6.9,7.0,3.9,28.6,5.6,8.8,4.9,5.2,4.1,7.046627148215534
E09000013,Hammersmith and Fulham,182493,103036,53374,17188,6531,2364,56.5,29.2,9.4,3.6,1.3,8895,4.9,145552,107754,11073,66703,607,3078,4927,9252,7060,5054,37798,9135,11919,6645,5670,4429,74.0,7.6,45.8,0.4,2.1,3.4,6.4,4.9,3.5,26.0,6.3,8.2,4.6,3.9,3.0,4.8505001648895245
E09000014,Haringey,254926,126485,85567,28444,10650,3780,49.6,33.6,11.2,4.2,1.5,14430,5.7,193062,138189,21601,70472,983,3849,8266,13715,11730,7573,54873,13391,15945,9604,8448,7485,71.6,11.2,36.5,0.5,2.0,4.3,7.1,6.1,3.9,28.4,6.9,8.3,5.0,4.4,3.9,6.075768406004289
E09000019,Islington,206125,106386,63382,23113,9771,3473,51.6,30.7,11.2,4.7,1.7,13244,6.4,165149,117488,13596,69852,552,3196,4834,10295,8960,6203,47661,10204,16458,6611,8707,5681,71.1,8.2,42.3,0.3,1.9,2.9,6.2,5.4,3.8,28.9,6.2,10.0,4.0,5.3,3.4,5.425403726331979
E09000020,Kensington and Chelsea,158649,91764,45189,14464,5357,1875,57.8,28.5,9.1,3.4,1.2,7232,4.6,126080,87517,8583,51211,808,4604,5215,8777,5433,2886,38563,10119,11031,7740,4503,5170,69.4,6.8,40.6,0.6,3.7,4.1,7.0,4.3,2.3,30.6,8.0,8.7,6.1,3.6,4.1,4.309168781725888
E09000022,Lambeth,303086,160326,97286,31188,10729,3557,52.9,32.1,10.3,3.5,1.2,14286,4.7,237730,183190,22530,110465,861,3860,7225,14882,14255,9112,54540,13265,16062,8411,9068,7734,77.1,9.5,46.5,0.4,1.6,3.0,6.3,6.0,3.8,22.9,5.6,6.8,3.5,3.8,3.3,5.996298321625374
E09000023,Lewisham,275885,135428,93850,32289,10755,3563,49.1,34.0,11.7,3.9,1.3,14318,5.2,206255,151793,24079,82776,813,3293,6286,11658,12776,10112,54462,15088,15018,9179,8779,6398,73.6,11.7,40.1,0.4,1.6,3.0,5.7,6.2,4.9,26.4,7.3,7.3,4.5,4.3,3.1,6.194274078204165
E09000025,Newham,307984,149269,106549,34839,12763,4564,48.5,34.6,11.3,4.1,1.5,17327,5.6,228958,153761,26408,70712,1256,3537,6035,10914,15734,19165,75197,13211,24959,16510,9728,10789,67.2,11.5,30.9,0.5,1.5,2.6,4.8,6.9,8.4,32.8,5.8,10.9,7.2,4.2,4.7,6.872002725390683
E09000028,Southwark,288283,154204,90004,29935,10544,3596,53.5,31.2,10.4,3.7,1.2,14140,4.9,224551,163859,22225,94675,762,3513,6036,12075,13484,11089,60692,12940,22256,8438,9653,7405,73.0,9.9,42.2,0.3,1.6,2.7,5.4,6.0,4.9,27.0,5.8,9.9,3.8,4.3,3.3,6.004871944458052
E09000030,Tower Hamlets,254096,128468,83209,27062,11228,4129,50.6,32.7,10.7,4.4,1.6,15357,6.0,196552,137233,18852,78031,906,2450,4116,8864,13259,10755,59319,9262,19407,13809,8893,7948,69.8,9.6,39.7,0.5,1.2,2.1,4.5,6.7,5.5,30.2,4.7,9.9,7.0,4.5,4.0,6.745797549757825
E09000032,Wandsworth,306995,176198,91935,27299,8749,2814,57.4,29.9,8.9,2.8,0.9,11563,3.7,243533,189789,18968,123965,881,5239,7883,15532,9311,8010,53744,15140,14599,10424,7027,6554,77.9,7.8,50.9,0.4,2.2,3.2,6.4,3.8,3.3,22.1,6.2,6.0,4.3,2.9,2.7,3.8233011542583553
E09000033,Westminster,219396,118808,65807,22027,9263,3491,54.2,30.0,10.0,4.2,1.6,12754,5.800000000000001,175505,120418,12606,72899,996,4942,5520,10568,7941,4946,55087,12010,17835,9521,8492,7229,68.6,7.2,41.5,0.6,2.8,3.1,6.0,4.5,2.8,31.4,6.8,10.2,5.4,4.8,4.1,4.524657417167602
E09000002,Barking and Dagenham,185911,87819,62720,24042,8686,2644,47.2,33.7,12.9,4.7,1.4,11330,6.1,127568,86404,15608,44490,506,1883,3009,6023,9367,5518,41164,10995,9485,9476,6459,4749,67.7,12.2,34.9,0.4,1.5,2.4,4.7,7.3,4.3,32.3,8.6,7.4,7.4,5.1,3.7,7.34275053304904
E09000003,Barnet,356386,183453,117508,39172,12197,4056,51.5,33.0,11.0,3.4,1.1,16253,4.5,258443,184483,30478,93174,1681,7842,11843,18924,11476,9065,73960,22967,21112,14277,7885,7719,71.4,11.8,36.1,0.7,3.0,4.6,7.3,4.4,3.5,28.6,8.9,8.2,5.5,3.1,3.0,4.440437543288075
E09000004,Bexley,231997,111323,80446,29015,8688,2525,48.0,34.7,12.5,3.7,1.1,11213,4.800000000000001,165914,118864,23072,66838,532,2688,3648,9508,7245,5333,47050,21839,9177,7696,4943,3395,71.6,13.9,40.3,0.3,1.6,2.2,5.7,4.4,3.2,28.4,13.2,5.5,4.6,3.0,2.0,4.366720108007763
E09000005,Brent,311215,149695,108169,36731,12339,4281,48.1,34.8,11.8,4.0,1.4,16620,5.4,233726,163991,25702,83772,1429,5185,8070,15320,13535,10978,69735,18619,19919,13035,9119,9043,70.2,11.0,35.8,0.6,2.2,3.5,6.6,5.8,4.7,29.8,8.0,8.5,5.6,3.9,3.9,5.7909689123161305
E09000006,Bromley,309392,154998,105574,36098,9904,2818,50.1,34.1,11.7,3.2,0.9,12722,4.1000000000000005,222539,161282,29012,91506,967,4844,7039,13740,8668,5506,61257,29656,10635,10614,6057,4295,72.5,13.0,41.1,0.4,2.2,3.2,6.2,3.9,2.5,27.5,13.3,4.8,4.8,2.7,1.9,3.895047609632469
E09000008,Croydon,363378,174584,128634,43473,12734,3953,48.0,35.4,12.0,3.5,1.1,16687,4.6,263048,190308,33112,105621,1082,4685,7169,14084,14512,10043,72740,26079,16641,13265,9272,7483,72.3,12.6,40.2,0.4,1.8,2.7,5.4,5.5,3.8,27.7,9.9,6.3,5.0,3.5,2.8,5.516863842340562
E09000009,Ealing,338449,166385,116712,38421,12817,4114,49.2,34.5,11.4,3.8,1.2,16931,5.0,252764,180615,25882,100465,1191,4847,8810,16305,13158,9957,72149,20905,18771,14552,9134,8787,71.5,10.2,39.7,0.5,1.9,3.5,6.5,5.2,3.9,28.5,8.3,7.4,5.8,3.6,3.5,5.205646373692456
E09000010,Enfield,312466,146351,109394,39699,12840,4182,46.8,35.0,12.7,4.1,1.3,17022,5.4,224024,153334,29134,77326,1368,4702,6993,12078,13192,8541,70690,22062,17187,13464,9242,8735,68.4,13.0,34.5,0.6,2.1,3.1,5.4,5.9,3.8,31.6,9.8,7.7,6.0,4.1,3.9,5.888654786987108
E09000011,Greenwich,254557,127641,83875,29386,10420,3235,50.1,32.9,11.5,4.1,1.3,13655,5.4,186722,132073,20697,71844,702,3175,4687,9741,11518,9709,54649,15695,13957,9577,8621,6799,70.7,11.1,38.5,0.4,1.7,2.5,5.2,6.2,5.2,29.3,8.4,7.5,5.1,4.6,3.6,6.168528614732061
E09000015,Harrow,239056,113731,86069,28329,8289,2638,47.6,36.0,11.9,3.5,1.1,10927,4.6,174751,123307,21423,65492,985,4474,5717,10943,7854,6419,51444,18189,13417,9580,5105,5153,70.6,12.3,37.5,0.6,2.6,3.3,6.3,4.5,3.7,29.4,10.4,7.7,5.5,2.9,2.9,4.494394881860476
E09000016,Havering,237232,109131,84378,31492,9464,2767,46.0,35.6,13.3,4.0,1.2,12231,5.2,171128,121642,23479,67989,659,3094,4096,10129,7627,4569,49486,24404,7944,8374,5407,3357,71.1,13.7,39.7,0.4,1.8,2.4,5.9,4.5,2.7,28.9,14.3,4.6,4.9,3.2,2.0,4.456897760740499
E09000017,Hillingdon,273936,133627,96647,31492,9404,2766,48.8,35.3,11.5,3.4,1.0,12170,4.4,199926,141542,23706,80835,729,3402,4704,9812,8693,9661,58384,20310,16788,10311,5886,5089,70.8,11.9,40.4,0.4,1.7,2.4,4.9,4.3,4.8,29.2,10.2,8.4,5.2,2.9,2.5,4.348108800256094
E09000018,Hounslow,253957,124442,89064,28552,9085,2814,49.0,35.1,11.2,3.6,1.1,11899,4.7,190157,137867,20588,79763,878,3451,5500,10562,8815,8310,52290,15843,12769,11167,6502,6009,72.5,10.8,41.9,0.5,1.8,2.9,5.6,4.6,4.4,27.5,8.3,6.7,5.9,3.4,3.2,4.635643179057306
E09000021,Kingston upon Thames,160060,84332,53598,16425,4438,1267,52.7,33.5,10.3,2.8,0.8,5705,3.6,119673,87348,13588,49530,524,2357,3961,7166,3850,6372,32325,11281,10305,5616,2664,2459,73.0,11.4,41.4,0.4,2.0,3.3,6.0,3.2,5.3,27.0,9.4,8.6,4.7,2.2,2.1,3.217099930644339
E09000024,Merton,199693,103891,67098,21025,5930,1749,52.0,33.6,10.5,3.0,0.9,7679,3.9,149598,112038,16484,65877,659,3091,5072,9721,6072,5062,37560,12903,9150,7912,3741,3854,74.9,11.0,44.0,0.4,2.1,3.4,6.5,4.1,3.4,25.1,8.6,6.1,5.3,2.5,2.6,4.058877792483857
E09000026,Redbridge,278970,134230,97595,33470,10479,3196,48.1,35.0,12.0,3.8,1.1,13675,4.9,199544,137776,23948,71627,1188,4843,6144,11262,10590,8174,61768,19026,16199,13137,6548,6858,69.0,12.0,35.9,0.6,2.4,3.1,5.6,5.3,4.1,31.0,9.5,8.1,6.6,3.3,3.4,5.30710018842962
E09000027,Richmond upon Thames,186990,107217,57088,16662,4617,1406,57.3,30.5,8.9,2.5,0.8,6023,3.3,137779,104090,14207,61511,648,3632,6240,9947,4153,3752,33689,13794,7383,6979,2802,2731,75.5,10.3,44.6,0.5,2.6,4.5,7.2,3.0,2.7,24.5,10.0,5.4,5.1,2.0,2.0,3.014247454256454
E09000029,Sutton,190146,92668,67563,22127,6072,1716,48.7,35.5,11.6,3.2,0.9,7788,4.1000000000000005,138710,103995,18502,60111,600,2635,3981,8603,5429,4134,34715,15461,6454,6238,3904,2658,75.0,13.3,43.3,0.4,1.9,2.9,6.2,3.9,3.0,25.0,11.1,4.7,4.5,2.8,1.9,3.913921130415976
E09000031,Waltham Forest,258249,121652,91954,31133,10053,3457,47.1,35.6,12.1,3.9,1.3,13510,5.2,190978,135015,21889,69385,1033,3371,6509,12777,11654,8397,55963,15335,15209,11429,7166,6824,70.7,11.5,36.3,0.5,1.8,3.4,6.7,6.1,4.4,29.3,8.0,8.0,6.0,3.8,3.6,6.102273560305376
E06000036,Bracknell Forest UA,113205,59320,38814,11394,2859,818,52.4,34.3,10.1,2.5,0.7,3677,3.2,83116,65137,11066,40762,225,1249,2112,4581,2808,2334,17979,8496,3007,3450,1770,1256,78.4,13.3,49.0,0.3,1.5,2.5,5.5,3.4,2.8,21.6,10.2,3.6,4.2,2.1,1.5,3.378410895615766
E06000043,Brighton and Hove UA,273369,134673,91970,32298,11151,3277,49.3,33.6,11.8,4.1,1.2,14428,5.3,210792,150853,27492,75999,884,4191,7985,14181,7818,12303,59939,19625,20567,7249,8813,3685,71.6,13.0,36.1,0.4,2.0,3.8,6.7,3.7,5.8,28.4,9.3,9.8,3.4,4.2,1.7,3.708869406808608
E06000046,Isle of Wight UA,138265,56420,50514,22378,6921,2032,40.8,36.5,16.2,5.0,1.5,8953,6.5,99747,64218,15728,30353,476,2111,3293,5673,4386,2198,35529,20478,3661,3933,4504,2953,64.4,15.8,30.4,0.5,2.1,3.3,5.7,4.4,2.2,35.6,20.5,3.7,3.9,4.5,3.0,4.397124725555656
E06000035,Medway UA,263925,120662,95679,34307,10388,2889,45.7,36.3,13.0,3.9,1.1,13277,5.0,194158,137954,27137,77912,543,2731,3692,9910,9469,6560,56204,24738,9912,10105,7334,4115,71.1,14.0,40.1,0.3,1.4,1.9,5.1,4.9,3.4,28.9,12.7,5.1,5.2,3.8,2.1,4.876955881292556
E06000042,Milton Keynes UA,248821,124826,86778,26929,7955,2333,50.2,34.9,10.8,3.2,0.9,10288,4.1000000000000005,181385,137717,23644,84004,537,2598,3938,8658,8640,5698,43668,18654,7143,8338,5810,3723,75.9,13.0,46.3,0.3,1.4,2.2,4.8,4.8,3.1,24.1,10.3,3.9,4.6,3.2,2.1,4.763348678225873
E06000044,Portsmouth UA,205056,97795,71443,25464,7995,2359,47.7,34.8,12.4,3.9,1.2,10354,5.1,153705,105834,20626,57743,376,2016,2483,6676,6536,9378,47871,16385,16380,6297,5813,2996,68.9,13.4,37.6,0.2,1.3,1.6,4.3,4.3,6.1,31.1,10.7,10.7,4.1,3.8,1.9,4.252301486613969
E06000038,Reading UA,155698,78169,54913,16770,4590,1256,50.2,35.3,10.8,2.9,0.8,5846,3.7,116808,86329,13883,52054,238,1388,2283,5329,5329,5825,30479,10001,9297,5334,3227,2620,73.9,11.9,44.6,0.2,1.2,2.0,4.6,4.6,5.0,26.1,8.6,8.0,4.6,2.8,2.2,4.562187521402644
E06000039,Slough UA,140205,67156,50464,16288,4906,1391,47.9,36.0,11.6,3.5,1.0,6297,4.5,100458,73819,11886,43610,388,1398,2494,4646,5440,3957,26639,7517,5813,6555,3388,3366,73.5,11.8,43.4,0.4,1.4,2.5,4.6,5.4,3.9,26.5,7.5,5.8,6.5,3.4,3.4,5.415198391367537
E06000045,Southampton UA,236882,112653,82880,29278,9223,2848,47.6,35.0,12.4,3.9,1.2,12071,5.1,180201,123193,22856,68082,450,2027,2965,7522,7631,11660,57008,17775,20857,7449,7330,3597,68.4,12.7,37.8,0.2,1.1,1.6,4.2,4.2,6.5,31.6,9.9,11.6,4.1,4.1,2.0,4.2347156786033375
E06000037,West Berkshire UA,153822,79432,53069,16456,3818,1047,51.6,34.5,10.7,2.5,0.7,4865,3.2,112054,85401,15567,51084,369,2286,3416,6620,3279,2780,26653,14094,3799,4769,2420,1571,76.2,13.9,45.6,0.3,2.0,3.0,5.9,2.9,2.5,23.8,12.6,3.4,4.3,2.2,1.4,2.926267692362611
E06000040,Windsor and Maidenhead UA,144560,78802,46571,14234,3872,1081,54.5,32.2,9.8,2.7,0.7,4953,3.4000000000000004,104247,77650,12727,46337,464,2280,3685,6474,3292,2391,26597,13366,4598,5016,1834,1783,74.5,12.2,44.4,0.4,2.2,3.5,6.2,3.2,2.3,25.5,12.8,4.4,4.8,1.8,1.7,3.157884639366121
E06000041,Wokingham UA,154380,83759,51808,14566,3310,937,54.3,33.6,9.4,2.1,0.6,4247,2.7,112273,84912,15282,51260,385,2052,3403,6241,2958,3331,27361,14976,4441,4799,1742,1403,75.6,13.6,45.7,0.3,1.8,3.0,5.6,2.6,3.0,24.4,13.3,4.0,4.3,1.6,1.2,2.6346494704871164
E07000004,Aylesbury Vale,174137,89515,59530,19073,4661,1358,51.4,34.2,11.0,2.7,0.8,6019,3.5,126740,95242,17751,54696,532,2712,4222,8065,3869,3395,31498,15684,5151,5375,2821,2467,75.1,14.0,43.2,0.4,2.1,3.3,6.4,3.1,2.7,24.9,12.4,4.1,4.2,2.2,1.9,3.0527063279154176
E07000005,Chiltern,92635,49848,30368,9433,2334,652,53.8,32.8,10.2,2.5,0.7,2986,3.2,65043,46743,8854,24978,325,1846,3039,4376,1728,1597,18300,10038,2715,3303,1227,1017,71.9,13.6,38.4,0.5,2.8,4.7,6.7,2.7,2.5,28.1,15.4,4.2,5.1,1.9,1.6,2.65670402656704
E07000006,South Bucks,66867,35055,22267,7025,1959,561,52.4,33.3,10.5,2.9,0.8,2520,3.7,47802,34581,5643,19666,294,1642,1772,3142,1267,1155,13221,6914,2142,2429,878,858,72.3,11.8,41.1,0.6,3.4,3.7,6.6,2.7,2.4,27.7,14.5,4.5,5.1,1.8,1.8,2.6505167147818085
E07000007,Wycombe,171644,88483,58721,18456,4653,1331,51.6,34.2,10.8,2.7,0.8,5984,3.5,124188,91315,16001,51724,546,2349,4506,7707,4023,4459,32873,15713,6331,6138,2434,2257,73.5,12.9,41.6,0.4,1.9,3.6,6.2,3.2,3.6,26.5,12.7,5.1,4.9,2.0,1.8,3.239443424485457
E07000061,Eastbourne,99412,42818,35193,15251,4712,1438,43.1,35.4,15.3,4.7,1.4,6150,6.1,70473,47926,10395,24700,249,1157,1893,3948,2874,2710,22547,11829,3632,2645,3192,1249,68.0,14.8,35.0,0.4,1.6,2.7,5.6,4.1,3.8,32.0,16.8,5.2,3.8,4.5,1.8,4.078157592269379
E07000062,Hastings,90254,36556,32707,14276,5159,1556,40.5,36.2,15.8,5.7,1.7,6715,7.4,66036,44759,9770,22094,207,1089,1977,4119,3621,1882,21277,9469,2699,3112,4370,1627,67.8,14.8,33.5,0.3,1.6,3.0,6.2,5.5,2.8,32.2,14.3,4.1,4.7,6.6,2.5,5.483372705796838
E07000063,Lewes,97502,43719,34634,13900,4066,1183,44.8,35.5,14.3,4.2,1.2,5249,5.4,69269,48194,10626,23792,310,1535,2892,4874,2319,1846,21075,12184,2545,2676,2448,1222,69.6,15.3,34.3,0.4,2.2,4.2,7.0,3.3,2.7,30.4,17.6,3.7,3.9,3.5,1.8,3.3478179272113064
E07000064,Rother,90588,36737,33152,14960,4463,1276,40.6,36.6,16.5,4.9,1.4,5739,6.300000000000001,62861,39859,8685,18498,364,1587,2633,4737,2019,1336,23002,14163,2386,2728,2551,1174,63.4,13.8,29.4,0.6,2.5,4.2,7.5,3.2,2.1,36.6,22.5,3.8,4.3,4.1,1.9,3.2118483638504003
E07000065,Wealden,148915,70867,52009,19408,5198,1433,47.6,34.9,13.0,3.5,1.0,6631,4.5,105879,74214,15676,36449,577,2955,4819,8322,2670,2746,31665,19091,3617,4504,2827,1626,70.1,14.8,34.4,0.5,2.8,4.6,7.9,2.5,2.6,29.9,18.0,3.4,4.3,2.7,1.5,2.521746521973196
E07000084,Basingstoke and Deane,167799,85034,58917,18047,4559,1242,50.7,35.1,10.8,2.7,0.7,5801,3.4000000000000004,123243,94800,16506,59049,323,1890,3130,6449,3999,3454,28443,15461,3345,4920,2998,1719,76.9,13.4,47.9,0.3,1.5,2.5,5.2,3.2,2.8,23.1,12.5,2.7,4.0,2.4,1.4,3.244809035807308
E07000085,East Hampshire,115608,58330,40113,12885,3336,944,50.5,34.7,11.1,2.9,0.8,4280,3.7,83522,60953,11975,33561,368,1899,3203,5604,2133,2210,22569,12787,3261,3551,1911,1059,73.0,14.3,40.2,0.4,2.3,3.8,6.7,2.6,2.6,27.0,15.3,3.9,4.3,2.3,1.3,2.553818155695505
E07000086,Eastleigh,125199,61561,44190,14538,3817,1093,49.2,35.3,11.6,3.0,0.9,4910,3.9,91582,69033,14551,40104,292,1524,2284,4784,2768,2726,22549,12922,2877,3260,2358,1132,75.4,15.9,43.8,0.3,1.7,2.5,5.2,3.0,3.0,24.6,14.1,3.1,3.6,2.6,1.2,3.022427988032583
E07000087,Fareham,111581,54170,39284,13638,3489,1000,48.5,35.2,12.2,3.1,0.9,4489,4.0,81198,59063,12324,34450,289,1282,2079,3911,2117,2611,22135,14078,2730,2594,1772,961,72.7,15.2,42.4,0.4,1.6,2.6,4.8,2.6,3.2,27.3,17.3,3.4,3.2,2.2,1.2,2.607207074065864
E07000088,Gosport,82622,37447,29915,11224,3215,821,45.3,36.2,13.6,3.9,1.0,4036,4.9,59499,42981,8592,25813,112,654,1155,2535,2520,1600,16518,8650,2157,2582,2141,988,72.2,14.4,43.4,0.2,1.1,1.9,4.3,4.2,2.7,27.8,14.5,3.6,4.3,3.6,1.7,4.235365300257147
E07000089,Hart,91033,50079,30120,8432,1891,511,55.0,33.1,9.3,2.1,0.6,2402,2.7,66087,49875,9156,29935,239,1289,2135,3831,1570,1720,16212,9425,2173,2905,891,818,75.5,13.9,45.3,0.4,2.0,3.2,5.8,2.4,2.6,24.5,14.3,3.3,4.4,1.3,1.2,2.375656331805045
E07000090,Havant,120684,53474,43275,17188,5172,1575,44.3,35.9,14.2,4.3,1.3,6747,5.6,86247,59601,13080,32329,257,1434,1996,4576,3444,2485,26646,14894,2947,3824,3586,1395,69.1,15.2,37.5,0.3,1.7,2.3,5.3,4.0,2.9,30.9,17.3,3.4,4.4,4.2,1.6,3.99318237156075
E07000091,New Forest,176462,79671,63302,24871,6715,1903,45.1,35.9,14.1,3.8,1.1,8618,4.9,124798,86776,19709,45549,594,2655,4346,7400,3288,3235,38022,24595,3425,4728,3528,1746,69.5,15.8,36.5,0.5,2.1,3.5,5.9,2.6,2.6,30.5,19.7,2.7,3.8,2.8,1.4,2.634657606692415
E07000092,Rushmoor,93807,46970,33340,10099,2625,773,50.1,35.5,10.8,2.8,0.8,3398,3.6,69652,54145,9362,34397,158,855,1319,3220,2593,2241,15507,6814,2640,2776,1865,1412,77.7,13.4,49.4,0.2,1.2,1.9,4.6,3.7,3.2,22.3,9.8,3.8,4.0,2.7,2.0,3.7227933153391146
E07000093,Test Valley,116398,58222,40262,13530,3457,927,50.0,34.6,11.6,3.0,0.8,4384,3.8,84652,62141,12473,36237,300,1708,2586,4479,2133,2225,22511,13087,2837,3417,2047,1123,73.4,14.7,42.8,0.4,2.0,3.1,5.3,2.5,2.6,26.6,15.5,3.4,4.0,2.4,1.3,2.5197278268676464
E07000094,Winchester,116595,62025,38219,12354,3135,862,53.2,32.8,10.6,2.7,0.7,3997,3.4000000000000004,84495,60029,11434,32339,399,2119,3055,4729,1943,4011,24466,12223,5665,3310,1882,1386,71.0,13.5,38.3,0.5,2.5,3.6,5.6,2.3,4.7,29.0,14.5,6.7,3.9,2.2,1.6,2.299544351736789
E07000105,Ashford,117956,56128,41385,15027,4163,1253,47.6,35.1,12.7,3.5,1.1,5416,4.6,84252,61189,12334,33223,307,1781,2598,5316,3058,2572,23063,12141,2771,4114,2626,1411,72.6,14.6,39.4,0.4,2.1,3.1,6.3,3.6,3.1,27.4,14.4,3.3,4.9,3.1,1.7,3.629587428191616
E07000106,Canterbury,151145,70764,52338,20211,6133,1699,46.8,34.6,13.4,4.1,1.1,7832,5.199999999999999,111867,71322,14268,34938,383,1993,2925,5486,3410,7919,40545,16830,13955,4037,3717,2006,63.8,12.8,31.2,0.3,1.8,2.6,4.9,3.0,7.1,36.2,15.0,12.5,3.6,3.3,1.8,3.0482626690623684
E07000107,Dartford,97365,47273,33941,11837,3314,1000,48.6,34.9,12.2,3.4,1.0,4314,4.4,70488,53184,9765,31440,212,1255,1528,3920,3099,1965,17304,8359,2468,3131,2098,1248,75.5,13.9,44.6,0.3,1.8,2.2,5.6,4.4,2.8,24.5,11.9,3.5,4.4,3.0,1.8,4.396493020088526
E07000108,Dover,111674,48433,39477,16745,5538,1481,43.4,35.4,15.0,5.0,1.3,7019,6.3,80786,54478,11864,29124,325,1560,2159,3887,3607,1952,26308,14215,3208,3578,3596,1711,67.4,14.7,36.1,0.4,1.9,2.7,4.8,4.5,2.4,32.6,17.6,4.0,4.4,4.5,2.1,4.464882529151091
E07000109,Gravesham,101720,47298,35572,13629,4104,1117,46.5,35.0,13.4,4.0,1.1,5221,5.1,73191,51903,10560,28617,258,1363,1608,3723,3714,2060,21288,9904,3057,3866,2792,1669,70.9,14.4,39.1,0.4,1.9,2.2,5.1,5.1,2.8,29.1,13.5,4.2,5.3,3.8,2.3,5.074394392753208
E07000110,Maidstone,155143,74636,54384,19291,5323,1509,48.1,35.1,12.4,3.4,1.0,6832,4.4,113231,82528,16283,46737,441,2294,3322,6700,3848,2903,30703,16310,4079,5095,3098,2121,72.9,14.4,41.3,0.4,2.0,2.9,5.9,3.4,2.6,27.1,14.4,3.6,4.5,2.7,1.9,3.398362639206578
E07000111,Sevenoaks,114893,58796,38344,13180,3569,1004,51.2,33.4,11.5,3.1,0.9,4573,4.0,82098,58707,11527,31826,411,2147,3160,5462,2332,1842,23391,12531,3353,4448,1786,1273,71.5,14.0,38.8,0.5,2.6,3.8,6.7,2.8,2.2,28.5,15.3,4.1,5.4,2.2,1.6,2.84050768593632
E07000112,Shepway,107969,45577,38999,16465,5321,1607,42.2,36.1,15.2,4.9,1.5,6928,6.4,77938,52387,11151,27386,308,1441,1979,4269,3576,2277,25551,13794,2869,3486,3785,1617,67.2,14.3,35.1,0.4,1.8,2.5,5.5,4.6,2.9,32.8,17.7,3.7,4.5,4.9,2.1,4.588262465036311
E07000113,Swale,135835,60198,48719,19118,6008,1792,44.3,35.9,14.1,4.4,1.3,7800,5.7,98607,67913,13844,37613,340,1797,2245,5316,4538,2220,30694,14903,3660,5110,4380,2641,68.9,14.0,38.1,0.3,1.8,2.3,5.4,4.6,2.3,31.1,15.1,3.7,5.2,4.4,2.7,4.60210735546158
E07000114,Thanet,134186,54640,47109,22377,7785,2275,40.7,35.1,16.7,5.8,1.7,10060,7.5,94452,61272,13626,29937,341,1702,2466,5047,5358,2795,33180,17231,4016,4632,5273,2028,64.9,14.4,31.7,0.4,1.8,2.6,5.3,5.7,3.0,35.1,18.2,4.3,4.9,5.6,2.1,5.672722652776013
E07000115,Tonbridge and Malling,120805,60306,41475,14263,3728,1033,49.9,34.3,11.8,3.1,0.9,4761,4.0,86435,63039,12690,35663,331,1725,2668,5044,2580,2338,23396,12531,3426,4073,2123,1243,72.9,14.7,41.3,0.4,2.0,3.1,5.8,3.0,2.7,27.1,14.5,4.0,4.7,2.5,1.4,2.984901949441777
E07000116,Tunbridge Wells,115049,59156,38656,12788,3550,899,51.4,33.6,11.1,3.1,0.8,4449,3.9,82052,59986,11265,33121,391,2077,3240,5430,2421,2041,22066,10378,3905,4191,2197,1395,73.1,13.7,40.4,0.5,2.5,3.9,6.6,3.0,2.5,26.9,12.6,4.8,5.1,2.7,1.7,2.9505679325305905
E07000177,Cherwell,141868,71403,49163,15844,4261,1197,50.3,34.7,11.2,3.0,0.8,5458,3.8,103269,78160,15063,46827,350,1845,2869,5598,2936,2672,25109,12694,3560,3950,2539,2366,75.7,14.6,45.3,0.3,1.8,2.8,5.4,2.8,2.6,24.3,12.3,3.4,3.8,2.5,2.3,2.8430603569318964
E07000178,Oxford,151906,83904,48201,14320,4189,1292,55.2,31.7,9.4,2.8,0.9,5481,3.7,118437,74923,12360,42867,307,1319,2646,3954,3801,7669,43514,8346,25539,4204,3129,2296,63.3,10.4,36.2,0.3,1.1,2.2,3.3,3.2,6.5,36.7,7.0,21.6,3.5,2.6,1.9,3.209301147445477
E07000179,South Oxfordshire,134257,70571,44779,14409,3517,981,52.6,33.4,10.7,2.6,0.7,4498,3.3,96892,72820,13591,41976,432,2343,3833,6030,2446,2169,24072,13471,3378,3848,1809,1566,75.2,14.0,43.3,0.4,2.4,4.0,6.2,2.5,2.2,24.8,13.9,3.5,4.0,1.9,1.6,2.524460223754283
E07000180,Vale of White Horse,120988,62738,41117,13063,3163,907,51.9,34.0,10.8,2.6,0.7,4070,3.3,87477,65710,12547,39197,324,1815,2613,4689,2190,2335,21767,12150,3400,3374,1682,1161,75.1,14.3,44.8,0.4,2.1,3.0,5.4,2.5,2.7,24.9,13.9,3.9,3.9,1.9,1.3,2.503515209712268
E07000181,West Oxfordshire,104779,53984,35438,11685,2942,730,51.5,33.8,11.2,2.8,0.7,3672,3.5,76163,58506,10889,34599,329,1814,2680,4629,1730,1836,17657,10418,2302,2596,1394,947,76.8,14.3,45.4,0.4,2.4,3.5,6.1,2.3,2.4,23.2,13.7,3.0,3.4,1.8,1.2,2.271444139542823
E07000207,Elmbridge,130875,73880,40555,12360,3213,867,56.5,31.0,9.4,2.5,0.7,4080,3.2,92027,67522,10910,38467,486,2641,4132,6306,2457,2123,24505,11239,4136,5852,1636,1642,73.4,11.9,41.8,0.5,2.9,4.5,6.9,2.7,2.3,26.6,12.2,4.5,6.4,1.8,1.8,2.6698686255120783
E07000208,Epsom and Ewell,75102,39208,25355,7988,2016,535,52.2,33.8,10.6,2.7,0.7,2551,3.4000000000000004,54170,39844,7401,22696,231,1129,1736,3256,1480,1915,14326,7280,2785,2269,1127,865,73.6,13.7,41.9,0.4,2.1,3.2,6.0,2.7,3.5,26.4,13.4,5.1,4.2,2.1,1.6,2.7321395606424224
E07000209,Guildford,137183,73969,45445,13442,3402,925,53.9,33.1,9.8,2.5,0.7,4327,3.2,102054,73649,12432,41942,394,2112,3434,5586,2750,4999,28405,11556,8681,4517,1931,1720,72.2,12.2,41.1,0.4,2.1,3.4,5.5,2.7,4.9,27.8,11.3,8.5,4.4,1.9,1.7,2.694651850980853
E07000210,Mole Valley,85375,43926,28801,9607,2437,604,51.5,33.7,11.3,2.9,0.7,3041,3.6,60778,44170,8418,23808,287,1579,2747,4330,1529,1472,16608,9519,2324,2657,1277,831,72.7,13.9,39.2,0.5,2.6,4.5,7.1,2.5,2.4,27.3,15.7,3.8,4.4,2.1,1.4,2.5157129224390404
E07000211,Reigate and Banstead,137835,71052,46908,14866,3844,1165,51.5,34.0,10.8,2.8,0.8,5009,3.6,99173,74614,13429,43619,437,2206,3292,6248,2892,2491,24559,12278,3508,4354,2299,2120,75.2,13.5,44.0,0.4,2.2,3.3,6.3,2.9,2.5,24.8,12.4,3.5,4.4,2.3,2.1,2.916116281649239
E07000212,Runnymede,80510,41319,27451,8767,2371,602,51.3,34.1,10.9,2.9,0.7,2973,3.6,59793,42816,7221,24716,221,1077,1702,3384,1630,2865,16977,7091,5476,2354,1135,921,71.6,12.1,41.3,0.4,1.8,2.8,5.7,2.7,4.8,28.4,11.9,9.2,3.9,1.9,1.5,2.726071613734049
E07000213,Spelthorne,95598,45929,34239,11509,3085,836,48.0,35.8,12.0,3.2,0.9,3921,4.1000000000000005,69916,52767,9279,32475,230,1112,1907,3762,2277,1725,17149,9289,2260,2724,1586,1290,75.5,13.3,46.4,0.3,1.6,2.7,5.4,3.3,2.5,24.5,13.3,3.2,3.9,2.3,1.8,3.2567652611705475
E07000214,Surrey Heath,86144,46062,28683,8613,2148,638,53.5,33.3,10.0,2.5,0.7,2786,3.2,62565,47016,8500,27645,242,1335,2081,3697,1731,1785,15549,8441,2185,2727,1059,1137,75.1,13.6,44.2,0.4,2.1,3.3,5.9,2.8,2.9,24.9,13.5,3.5,4.4,1.7,1.8,2.766722608487173
E07000215,Tandridge,82998,41916,28514,9450,2403,715,50.5,34.4,11.4,2.9,0.9,3118,3.8,59457,43692,8047,24205,331,1584,2356,4199,1645,1325,15765,8390,2581,2554,1308,932,73.5,13.5,40.7,0.6,2.7,4.0,7.1,2.8,2.2,26.5,14.1,4.3,4.3,2.2,1.6,2.7667053500849352
E07000216,Waverley,121572,65068,39777,12768,3078,881,53.5,32.7,10.5,2.5,0.7,3959,3.2,85617,61649,11669,33014,453,2358,3764,5859,2068,2464,23968,12260,4402,4238,1760,1308,72.0,13.6,38.6,0.5,2.8,4.4,6.8,2.4,2.9,28.0,14.3,5.1,4.9,2.1,1.5,2.415408154922504
E07000217,Woking,99198,51360,34291,10184,2602,761,51.8,34.6,10.3,2.6,0.8,3363,3.4000000000000004,71722,54052,8977,32336,288,1344,2400,4231,2313,2163,17670,8242,2559,3954,1626,1289,75.4,12.5,45.1,0.4,1.9,3.3,5.9,3.2,3.0,24.6,11.5,3.6,5.5,2.3,1.8,3.2249518976046403
E07000223,Adur,61182,26107,22373,9181,2757,764,42.7,36.6,15.0,4.5,1.2,3521,5.7,43860,31054,7034,16445,172,730,1375,2726,1466,1106,12806,7375,1450,1713,1593,675,70.8,16.0,37.5,0.4,1.7,3.1,6.2,3.3,2.5,29.2,16.8,3.3,3.9,3.6,1.5,3.342453260373917
E07000224,Arun,149518,62774,54975,23299,6608,1862,42.0,36.8,15.6,4.4,1.2,8470,5.6000000000000005,106071,71573,15734,37607,439,1988,3352,6065,3538,2850,34498,21665,3294,3902,3731,1906,67.5,14.8,35.5,0.4,1.9,3.2,5.7,3.3,2.7,32.5,20.4,3.1,3.7,3.5,1.8,3.3355016922627296
E07000225,Chichester,113794,54210,39771,14900,3822,1091,47.6,34.9,13.1,3.4,1.0,4913,4.4,81037,56102,11384,27847,390,2232,3520,5632,2267,2830,24935,14773,3590,3395,1944,1233,69.2,14.0,34.4,0.5,2.8,4.3,6.9,2.8,3.5,30.8,18.2,4.4,4.2,2.4,1.5,2.7974875674074804
E07000226,Crawley,106597,50751,38279,12856,3679,1032,47.6,35.9,12.1,3.5,1.0,4711,4.5,77348,59495,11129,36489,205,960,1431,3423,3490,2368,17853,7333,2586,3796,2480,1658,76.9,14.4,47.2,0.3,1.2,1.9,4.4,4.5,3.1,23.1,9.5,3.3,4.9,3.2,2.1,4.512075296064539
E07000227,Horsham,131301,66403,45684,14580,3560,1074,50.6,34.8,11.1,2.7,0.8,4634,3.5,94318,69240,13926,38028,425,2134,3685,5967,2557,2518,25078,14601,3291,3949,2030,1207,73.4,14.8,40.3,0.5,2.3,3.9,6.3,2.7,2.7,26.6,15.5,3.5,4.2,2.2,1.3,2.7110413706821603
E07000228,Mid Sussex,139860,72448,47524,14938,3864,1086,51.8,34.0,10.7,2.8,0.8,4950,3.6,100252,75025,15173,42302,404,2095,3644,6323,2435,2649,25227,14203,3568,4038,2050,1368,74.8,15.1,42.2,0.4,2.1,3.6,6.3,2.4,2.6,25.2,14.2,3.6,4.0,2.0,1.4,2.428879224354626
E07000229,Worthing,104640,46272,37777,15082,4355,1154,44.2,36.1,14.4,4.2,1.1,5509,5.300000000000001,74338,53630,11186,29536,239,1235,2272,4236,2578,2348,20708,11426,2277,2722,3087,1196,72.1,15.0,39.7,0.3,1.7,3.1,5.7,3.5,3.2,27.9,15.4,3.1,3.7,4.2,1.6,3.467943716537975
E06000022,Bath and North East Somerset UA,176016,88882,58849,20856,5831,1598,50.5,33.4,11.8,3.3,0.9,7429,4.2,130550,89752,18818,46367,526,2506,4158,7116,3548,6713,40798,17896,13209,4289,3610,1794,68.7,14.4,35.5,0.4,1.9,3.2,5.5,2.7,5.1,31.3,13.7,10.1,3.3,2.8,1.4,2.717732669475297
E06000028,Bournemouth UA,183491,84955,63260,24866,8009,2401,46.3,34.5,13.6,4.4,1.3,10410,5.7,137574,96017,18289,51149,513,2374,3646,7433,5262,7351,41557,16837,11098,4887,6176,2559,69.8,13.3,37.2,0.4,1.7,2.7,5.4,3.8,5.3,30.2,12.2,8.1,3.6,4.5,1.9,3.824850625845
E06000023,"Bristol, City of UA",428234,209024,143283,52446,18056,5425,48.8,33.5,12.2,4.2,1.3,23481,5.5,321506,227119,42980,127829,909,4352,7308,14537,13817,15387,94387,31534,28932,12556,13973,7392,70.6,13.4,39.8,0.3,1.4,2.3,4.5,4.3,4.8,29.4,9.8,9.0,3.9,4.3,2.3,4.297586981269401
E06000052,Cornwall UA,532273,240759,178805,79181,25907,7621,45.2,33.6,14.9,4.9,1.4,33528,6.300000000000001,388858,259484,59778,123195,1967,10229,14046,26771,12694,10804,129374,73605,16726,15517,16980,6546,66.7,15.4,31.7,0.5,2.6,3.6,6.9,3.3,2.8,33.3,18.9,4.3,4.0,4.4,1.7,3.264430717639858
E06000053,Isles of Scilly UA,2203,1135,754,248,53,13,51.5,34.2,11.3,2.4,0.6,66,3.0,1622,1331,220,653,17,124,82,210,18,7,291,209,13,26,14,29,82.1,13.6,40.3,1.0,7.6,5.1,12.9,1.1,0.4,17.9,12.9,0.8,1.6,0.9,1.8,1.1097410604192357
E06000024,North Somerset UA,202566,93803,70435,27670,8276,2382,46.3,34.8,13.7,4.1,1.2,10658,5.3,145352,102607,23117,55596,527,2957,4172,7770,4350,4118,42745,25366,4591,5082,5607,2099,70.6,15.9,38.2,0.4,2.0,2.9,5.3,3.0,2.8,29.4,17.5,3.2,3.5,3.9,1.4,2.992734878089053
E06000026,Plymouth UA,256384,117976,85956,35756,13012,3684,46.0,33.5,13.9,5.1,1.4,16696,6.5,191786,127742,28356,69234,529,2429,3245,6913,8136,8900,64044,27019,16060,7482,10042,3441,66.6,14.8,36.1,0.3,1.3,1.7,3.6,4.2,4.6,33.4,14.1,8.4,3.9,5.2,1.8,4.242228316978299
E06000029,Poole UA,147645,68689,51486,19849,5841,1780,46.5,34.9,13.4,4.0,1.2,7621,5.2,106391,75720,16215,42040,427,1951,2950,5560,3413,3164,30671,17178,4008,4338,3486,1661,71.2,15.2,39.5,0.4,1.8,2.8,5.2,3.2,3.0,28.8,16.1,3.8,4.1,3.3,1.6,3.207978118449869
E06000025,South Gloucestershire UA,262767,129141,91675,30940,8556,2455,49.1,34.9,11.8,3.3,0.9,11011,4.2,192468,143198,31453,82489,584,3131,4158,9274,5354,6755,49270,27390,7885,6244,4872,2879,74.4,16.3,42.9,0.3,1.6,2.2,4.8,2.8,3.5,25.6,14.2,4.1,3.2,2.5,1.5,2.7817611239270943
E06000030,Swindon UA,209156,100931,73591,25056,7556,2022,48.3,35.2,12.0,3.6,1.0,9578,4.6,154080,117039,22137,71912,329,2027,2891,6814,6518,4411,37041,17868,4895,6301,5271,2706,76.0,14.4,46.7,0.2,1.3,1.9,4.4,4.2,2.9,24.0,11.6,3.2,4.1,3.4,1.8,4.230269989615784
E06000027,Torbay UA,130959,54614,45098,21355,7625,2267,41.7,34.4,16.3,5.8,1.7,9892,7.5,94000,61795,14782,29537,421,1999,2683,5644,4275,2454,32205,18416,3032,3624,5454,1679,65.7,15.7,31.4,0.4,2.1,2.9,6.0,4.5,2.6,34.3,19.6,3.2,3.9,5.8,1.8,4.547872340425532
E06000054,Wiltshire UA,470981,234318,160362,57221,14974,4106,49.8,34.0,12.1,3.2,0.9,19080,4.1000000000000005,339595,250792,50806,143218,1269,6965,10635,19233,9999,8667,88803,49893,11119,13554,9102,5135,73.9,15.0,42.2,0.4,2.1,3.1,5.7,2.9,2.6,26.1,14.7,3.3,4.0,2.7,1.5,2.944389640601304
E07000040,East Devon,132457,58004,47716,19960,5285,1492,43.8,36.0,15.1,4.0,1.1,6777,5.1,92782,62455,14837,30193,513,2626,3614,6295,2270,2107,30327,20750,2719,3038,2617,1203,67.3,16.0,32.5,0.6,2.8,3.9,6.8,2.4,2.3,32.7,22.4,2.9,3.3,2.8,1.3,2.446595244767304
E07000041,Exeter,117773,58775,39301,14075,4331,1291,49.9,33.4,12.0,3.7,1.1,5622,4.800000000000001,89544,60870,13348,33015,218,1172,1878,3502,2739,4998,28674,9976,11484,2634,3127,1453,68.0,14.9,36.9,0.2,1.3,2.1,3.9,3.1,5.6,32.0,11.1,12.8,2.9,3.5,1.6,3.0588314124899494
E07000042,Mid Devon,77750,36263,27554,10398,2785,750,46.6,35.4,13.4,3.6,1.0,3535,4.6,55847,40218,8789,20163,292,1584,2174,4512,1513,1191,15629,9194,1775,2072,1739,849,72.0,15.7,36.1,0.5,2.8,3.9,8.1,2.7,2.1,28.0,16.5,3.2,3.7,3.1,1.5,2.7091876018407435
E07000043,North Devon,93667,43441,31704,13264,4064,1194,46.4,33.8,14.2,4.3,1.3,5258,5.6,67507,47119,11045,22505,363,1883,2409,5177,2052,1685,20388,12257,2023,2584,2477,1047,69.8,16.4,33.3,0.5,2.8,3.6,7.7,3.0,2.5,30.2,18.2,3.0,3.8,3.7,1.6,3.039684773430904
E07000044,South Hams,83140,39414,28574,11075,3156,921,47.4,34.4,13.3,3.8,1.1,4077,4.9,60617,41639,9180,18979,403,1969,3196,5008,1422,1482,18978,12247,1974,1968,1868,921,68.7,15.1,31.3,0.7,3.2,5.3,8.3,2.3,2.4,31.3,20.2,3.3,3.2,3.1,1.5,2.345876569279245
E07000045,Teignbridge,124220,55819,43342,18237,5268,1554,44.9,34.9,14.7,4.2,1.3,6822,5.5,89471,61845,14300,30983,460,2269,3259,5837,2477,2260,27626,17009,2694,2944,3182,1797,69.1,16.0,34.6,0.5,2.5,3.6,6.5,2.8,2.5,30.9,19.0,3.0,3.3,3.6,2.0,2.768494819550469
E07000046,Torridge,63839,27787,22242,9843,3128,839,43.5,34.8,15.4,4.9,1.3,3967,6.2,46510,31158,7250,13948,261,1455,1856,3922,1586,880,15352,9527,1428,1796,1879,722,67.0,15.6,30.0,0.6,3.1,4.0,8.4,3.4,1.9,33.0,20.5,3.1,3.9,4.0,1.6,3.4100193506772736
E07000047,West Devon,53553,24556,18599,7646,2120,632,45.9,34.7,14.3,4.0,1.2,2752,5.2,38941,26543,5918,12110,228,1188,1740,3289,1197,873,12398,7630,1272,1338,1333,825,68.2,15.2,31.1,0.6,3.1,4.5,8.4,3.1,2.2,31.8,19.6,3.3,3.4,3.4,2.1,3.0738809994607226
E07000048,Christchurch,47752,20203,17116,7681,2208,544,42.3,35.8,16.1,4.6,1.1,2752,5.699999999999999,32645,21420,5102,10786,155,659,1072,1857,1007,782,11225,7490,1067,1159,1054,455,65.6,15.6,33.0,0.5,2.0,3.3,5.7,3.1,2.4,34.4,22.9,3.3,3.6,3.2,1.4,3.084699035074284
E07000049,East Dorset,87166,39505,31183,12436,3162,880,45.3,35.8,14.3,3.6,1.0,4042,4.6,61047,41576,9661,21297,290,1361,2168,3826,1309,1664,19471,13495,1617,2239,1354,766,68.1,15.8,34.9,0.5,2.2,3.6,6.3,2.1,2.7,31.9,22.1,2.6,3.7,2.2,1.3,2.144249512670565
E07000050,North Dorset,68583,32782,24146,8808,2266,581,47.8,35.2,12.8,3.3,0.8,2847,4.1,49140,34878,7183,18705,242,1184,1838,3462,1301,963,14262,8374,1896,1817,1302,873,71.0,14.6,38.1,0.5,2.4,3.7,7.0,2.6,2.0,29.0,17.0,3.9,3.7,2.6,1.8,2.647537647537648
E07000051,Purbeck,44973,20231,16148,6340,1782,472,45.0,35.9,14.1,4.0,1.0,2254,5.0,32379,22400,5222,11568,171,752,1102,1928,899,758,9979,6493,909,1131,952,494,69.2,16.1,35.7,0.5,2.3,3.4,6.0,2.8,2.3,30.8,20.1,2.8,3.5,2.9,1.5,2.776490935482874
E07000052,West Dorset,99264,44070,35640,14604,3878,1072,44.4,35.9,14.7,3.9,1.1,4950,5.0,70359,47566,10923,23139,387,1924,3035,4904,1616,1638,22793,14917,2363,2415,2063,1035,67.6,15.5,32.9,0.6,2.7,4.3,7.0,2.3,2.3,32.4,21.2,3.4,3.4,2.9,1.5,2.296792165892068
E07000053,Weymouth and Portland,65167,27562,23933,9802,2952,918,42.3,36.7,15.0,4.5,1.4,3870,5.9,47871,32103,8174,16457,157,867,1119,2272,1854,1203,15768,8694,1484,1795,2355,1440,67.1,17.1,34.4,0.3,1.8,2.3,4.7,3.9,2.5,32.9,18.2,3.1,3.7,4.9,3.0,3.87290844143636
E07000078,Cheltenham,115732,57758,39722,13631,3637,984,49.9,34.3,11.8,3.1,0.9,4621,4.0,86090,62763,11506,36092,277,1395,2339,4229,2878,4047,23327,10916,5402,3049,2583,1377,72.9,13.4,41.9,0.3,1.6,2.7,4.9,3.3,4.7,27.1,12.7,6.3,3.5,3.0,1.6,3.343013125798583
E07000079,Cotswold,82881,40433,29067,10220,2498,663,48.8,35.1,12.3,3.0,0.8,3161,3.8,60075,43206,8703,21933,350,1926,2779,4612,1491,1412,16869,9762,2666,2321,1290,830,71.9,14.5,36.5,0.6,3.2,4.6,7.7,2.5,2.4,28.1,16.2,4.4,3.9,2.1,1.4,2.481897627965044
E07000080,Forest of Dean,81961,36281,29340,11879,3535,926,44.3,35.8,14.5,4.3,1.1,4461,5.4,60341,41490,9008,21356,242,1402,1949,3877,2084,1572,18851,10701,2640,2327,2244,939,68.8,14.9,35.4,0.4,2.3,3.2,6.4,3.5,2.6,31.2,17.7,4.4,3.9,3.7,1.6,3.453704777845909
E07000081,Gloucester,121688,56655,43150,15933,4616,1334,46.6,35.5,13.1,3.8,1.1,5950,4.9,88942,65740,14303,38442,217,1095,1454,3479,3791,2959,23202,10726,3705,3522,3517,1732,73.9,16.1,43.2,0.2,1.2,1.6,3.9,4.3,3.3,26.1,12.1,4.2,4.0,4.0,1.9,4.262328258865328
E07000082,Stroud,112779,53779,39711,14441,3783,1065,47.7,35.2,12.8,3.4,0.9,4848,4.3,81955,59980,12899,31910,370,1919,3276,5215,2306,2085,21975,12806,2929,2866,2275,1099,73.2,15.7,38.9,0.5,2.3,4.0,6.4,2.8,2.5,26.8,15.6,3.6,3.5,2.8,1.3,2.813739247147825
E07000083,Tewkesbury,81943,39036,29183,10213,2703,808,47.6,35.6,12.5,3.3,1.0,3511,4.3,59685,43454,9008,24881,229,1239,1805,3184,1682,1426,16231,10057,1772,2155,1417,830,72.8,15.1,41.7,0.4,2.1,3.0,5.3,2.8,2.4,27.2,16.9,3.0,3.6,2.4,1.4,2.818128508000336
E07000187,Mendip,109279,51153,38270,14619,4137,1100,46.8,35.0,13.4,3.8,1.0,5237,4.8,78653,56462,12726,28252,391,1959,3275,5569,2297,1993,22191,12049,3333,2934,2594,1281,71.8,16.2,35.9,0.5,2.5,4.2,7.1,2.9,2.5,28.2,15.3,4.2,3.7,3.3,1.6,2.920422615793422
E07000188,Sedgemoor,114588,51044,40291,16930,4994,1329,44.5,35.2,14.8,4.4,1.2,6323,5.6000000000000005,82903,57966,13097,30108,311,1846,2445,4944,2972,2243,24937,14122,2793,3357,3299,1366,69.9,15.8,36.3,0.4,2.2,2.9,6.0,3.6,2.7,30.1,17.0,3.4,4.0,4.0,1.6,3.584912488088489
E07000189,South Somerset,161243,73277,57906,22282,6115,1663,45.4,35.9,13.8,3.8,1.0,7778,4.8,115790,82390,18305,44645,430,2452,3630,7036,3170,2722,33400,20745,3418,4125,3539,1573,71.2,15.8,38.6,0.4,2.1,3.1,6.1,2.7,2.4,28.8,17.9,3.0,3.6,3.1,1.4,2.737714828568961
E07000190,Taunton Deane,110187,51946,38014,14854,4225,1148,47.1,34.5,13.5,3.8,1.0,5373,4.8,78921,56832,12872,30983,290,1546,2232,4357,2223,2329,22089,12292,3124,2675,2838,1160,72.0,16.3,39.3,0.4,2.0,2.8,5.5,2.8,3.0,28.0,15.6,4.0,3.4,3.6,1.5,2.816740791424336
E07000191,West Somerset,34675,14080,12620,5741,1756,478,40.6,36.4,16.6,5.1,1.4,2234,6.5,24918,16118,3626,7290,139,742,1123,2065,688,445,8800,5764,754,844,1047,391,64.7,14.6,29.3,0.6,3.0,4.5,8.3,2.8,1.8,35.3,23.1,3.0,3.4,4.2,1.6,2.761056264547717
W06000001,Isle of Anglesey,69751,33492,21309,10541,3413,996,48.0,30.6,15.1,4.9,1.4,4409,6.300000000000001,50818,33023,6949,17274,247,1134,1157,2662,2381,1219,17795,10150,2266,1891,2592,896,65.0,13.7,34.0,0.5,2.2,2.3,5.2,4.7,2.4,35.0,20.0,4.5,3.7,5.1,1.8,4.685347711440828
W06000002,Gwynedd,121874,61396,37383,16593,4998,1504,50.4,30.7,13.6,4.1,1.2,6502,5.3,88913,57995,12300,27834,373,2464,2326,5766,3176,3756,30918,14561,7814,3062,3867,1614,65.2,13.8,31.3,0.4,2.8,2.6,6.5,3.6,4.2,34.8,16.4,8.8,3.4,4.3,1.8,3.572031086567769
W06000003,Conwy,115228,52335,36977,17874,6237,1805,45.4,32.1,15.5,5.4,1.6,8042,7.0,81906,53792,12398,26697,346,2077,1948,4773,3362,2191,28114,16178,3453,2684,4363,1436,65.7,15.1,32.6,0.4,2.5,2.4,5.8,4.1,2.7,34.3,19.8,4.2,3.3,5.3,1.8,4.104705393988231
W06000004,Denbighshire,93734,43690,29420,13770,5341,1513,46.6,31.4,14.7,5.7,1.6,6854,7.300000000000001,67676,44409,9696,23121,265,1587,1518,3601,2857,1764,23267,12487,3239,2314,4088,1139,65.6,14.3,34.2,0.4,2.3,2.2,5.3,4.2,2.6,34.4,18.5,4.8,3.4,6.0,1.7,4.221585200070926
W06000005,Flintshire,152506,74216,49498,20114,6774,1904,48.7,32.5,13.2,4.4,1.2,8678,5.6000000000000005,112325,78957,16875,45785,372,1844,2052,4611,4332,3086,33368,18839,4240,3858,4829,1602,70.3,15.0,40.8,0.3,1.6,1.8,4.1,3.9,2.7,29.7,16.8,3.8,3.4,4.3,1.4,3.856665924771868
W06000006,Wrexham,134844,63642,43813,19009,6531,1849,47.2,32.5,14.1,4.8,1.4,8380,6.199999999999999,98691,68413,14567,39011,316,1740,1692,3797,4128,3162,30278,14983,4409,3799,5269,1818,69.3,14.8,39.5,0.3,1.8,1.7,3.8,4.2,3.2,30.7,15.2,4.5,3.8,5.3,1.8,4.182752226646807
W06000023,Powys,132976,59511,45459,19857,6375,1774,44.8,34.2,14.9,4.8,1.3,8149,6.1,96069,66846,13955,31210,482,3109,3399,9715,2928,2048,29223,17283,3539,3036,3926,1439,69.6,14.5,32.5,0.5,3.2,3.5,10.1,3.0,2.1,30.4,18.0,3.7,3.2,4.1,1.5,3.047809387003092
W06000008,Ceredigion,75922,35796,24369,10946,3660,1151,47.1,32.1,14.4,4.8,1.5,4811,6.3,57405,35064,6612,15161,218,1587,1776,4677,1469,3564,22341,9550,7835,1610,2521,825,61.1,11.5,26.4,0.4,2.8,3.1,8.1,2.6,6.2,38.9,16.6,13.6,2.8,4.4,1.4,2.559010539151642
W06000009,Pembrokeshire,122439,55535,39889,18684,6383,1948,45.4,32.6,15.3,5.2,1.6,8331,6.800000000000001,88049,58120,13507,27231,449,2675,2652,6087,3555,1964,29929,16505,3311,3766,4693,1654,66.0,15.3,30.9,0.5,3.0,3.0,6.9,4.0,2.2,34.0,18.7,3.8,4.3,5.3,1.9,4.037524560188077
W06000010,Carmarthenshire,183777,82638,55618,30011,11475,4035,45.0,30.3,16.3,6.2,2.2,15510,8.4,132930,86217,18475,44839,498,2952,2955,8237,4962,3299,46713,24097,5992,5007,9055,2562,64.9,13.9,33.7,0.4,2.2,2.2,6.2,3.7,2.5,35.1,18.1,4.5,3.8,6.8,1.9,3.7327916948770032
W06000011,Swansea,239023,116295,69978,33402,14473,4875,48.7,29.3,14.0,6.1,2.0,19348,8.1,176971,111460,25141,59606,558,2708,2858,5542,6831,8216,65511,27684,15342,6565,12146,3774,63.0,14.2,33.7,0.3,1.5,1.6,3.1,3.9,4.6,37.0,15.6,8.7,3.7,6.9,2.1,3.8599544558147945
W06000012,Neath Port Talbot,139812,62849,39694,22640,11028,3601,45.0,28.4,16.2,7.9,2.6,14629,10.5,102986,64110,14335,36977,268,1257,1368,3015,4630,2260,38876,17837,4397,4446,9839,2357,62.3,13.9,35.9,0.3,1.2,1.3,2.9,4.5,2.2,37.7,17.3,4.3,4.3,9.6,2.3,4.495756704794827
W06000013,Bridgend,139178,64134,41659,21002,9459,2924,46.1,29.9,15.1,6.8,2.1,12383,8.9,102805,66449,14633,38066,272,1495,1556,3411,4687,2329,36356,17204,4228,3986,7899,3039,64.6,14.2,37.0,0.3,1.5,1.5,3.3,4.6,2.3,35.4,16.7,4.1,3.9,7.7,3.0,4.5591167744759495
W06000014,The Vale of Glamorgan,126336,60656,40486,17123,6191,1880,48.0,32.0,13.6,4.9,1.5,8071,6.4,91816,63384,13657,34955,375,2039,2101,4016,3956,2285,28432,14912,4235,3362,4414,1509,69.0,14.9,38.1,0.4,2.2,2.3,4.4,4.3,2.5,31.0,16.2,4.6,3.7,4.8,1.6,4.308617234468938
W06000015,Cardiff,346090,174329,107477,42014,16745,5525,50.4,31.1,12.1,4.8,1.6,22270,6.4,260268,174753,32468,97170,750,3901,4622,9044,11566,15232,85515,27061,28383,10403,13477,6191,67.1,12.5,37.3,0.3,1.5,1.8,3.5,4.4,5.9,32.9,10.4,10.9,4.0,5.2,2.4,4.443880922741174
W06000016,Rhondda Cynon Taf,234410,105154,69544,37208,17396,5108,44.9,29.7,15.9,7.4,2.2,22504,9.6,172047,108730,23068,61225,402,2423,2181,6027,8104,5300,63317,27595,9914,7007,14854,3947,63.2,13.4,35.6,0.2,1.4,1.3,3.5,4.7,3.1,36.8,16.0,5.8,4.1,8.6,2.3,4.710340778973188
W06000024,Merthyr Tydfil,58802,25948,16961,9324,4908,1661,44.1,28.8,15.9,8.3,2.8,6569,11.1,43377,27833,5913,15882,111,592,501,1286,2481,1067,15544,6690,2078,1678,4107,991,64.2,13.6,36.6,0.3,1.4,1.2,3.0,5.7,2.5,35.8,15.4,4.8,3.9,9.5,2.3,5.719620997302718
W06000018,Caerphilly,178806,79382,54272,28488,12844,3820,44.4,30.4,15.9,7.2,2.1,16664,9.3,130950,84932,17292,50160,342,1842,1657,4061,6731,2847,46018,21032,5869,5645,10731,2741,64.9,13.2,38.3,0.3,1.4,1.3,3.1,5.1,2.2,35.1,16.1,4.5,4.3,8.2,2.1,5.140129820542192
W06000019,Blaenau Gwent,69814,29269,21385,11696,5692,1772,41.9,30.6,16.8,8.2,2.5,7464,10.7,51809,32145,6763,18147,132,586,522,1366,3557,1072,19664,8709,2245,2312,4995,1403,62.0,13.1,35.0,0.3,1.1,1.0,2.6,6.9,2.1,38.0,16.8,4.3,4.5,9.6,2.7,6.86560250149588
W06000020,Torfaen,91075,39398,29619,14155,5965,1938,43.3,32.5,15.5,6.5,2.1,7903,8.6,66107,43820,9535,25574,177,854,793,2032,3163,1692,22287,11115,2662,2897,4410,1203,66.3,14.4,38.7,0.3,1.3,1.2,3.1,4.8,2.6,33.7,16.8,4.0,4.4,6.7,1.8,4.784667281830971
W06000021,Monmouthshire,91323,42365,30742,12800,4173,1243,46.4,33.7,14.0,4.6,1.4,5416,6.0,66107,45272,9352,24246,293,1648,2001,4014,2217,1501,20835,11640,2838,2426,2646,1285,68.5,14.1,36.7,0.4,2.5,3.0,6.1,3.4,2.3,31.5,17.6,4.3,3.7,4.0,1.9,3.3536539246978387
W06000022,Newport,145736,66667,47811,20538,8161,2559,45.7,32.8,14.1,5.6,1.8,10720,7.399999999999999,105141,71011,15531,39177,318,1593,1615,3368,5616,3793,34130,15389,5591,4642,6039,2469,67.5,14.8,37.3,0.3,1.5,1.5,3.2,5.3,3.6,32.5,14.6,5.3,4.4,5.7,2.3,5.341398693183439
