area_code,area_name,umap1,umap2,pct_very_good,pct_good,pct_fair,pct_bad,pct_very_bad,pct_bad_or_very_bad,pct_active_total,pct_employee_part_time,pct_employee_full_time,pct_self_emp_with_employees_part_time,pct_self_emp_with_employees_full_time,pct_self_emp_without_employees_part_time,pct_self_emp_without_employees_full_time,pct_unemployed,pct_full_time_student_active,pct_inactive_total,pct_retired,pct_student_inactive,pct_looking_after_home_family,pct_long_term_sick_disabled,pct_other_inactive,pct_unemployed_of_total,pct_no_qualifications,pct_level_1,pct_level_2,pct_apprenticeship,pct_level_3,pct_level_4_and_above,pct_other_qualifications,pct_owned_total,pct_owned_outright,pct_owned_mortgage_loan,pct_shared_ownership,pct_social_rented_total,pct_social_rented_council,pct_social_rented_other,pct_private_rented_total,pct_private_rented_landlord_agency,pct_private_rented_employer,pct_private_rented_relative_friend,pct_private_rented_other,pct_living_rent_free
E06000047,County Durham UA,7.655542,11.830118,42.4,33.4,16.1,6.3,1.8,8.1,64.4,13.2,37.5,0.3,1.5,1.5,3.3,4.4,2.7,35.6,17.1,6.2,3.7,6.5,2.2,4.432823687584029,27.5,13.4,16.0,4.2,13.6,21.5,3.9,65.8,31.0,34.8,0.2,20.1,12.8,7.3,12.6,11.4,0.1,0.9,0.2,1.3
E06000005,Darlington UA,6.2260303,10.896845,44.6,35.2,14.3,4.5,1.4,5.9,69.7,15.1,39.6,0.3,1.6,1.7,3.7,5.2,2.5,30.3,15.9,3.6,4.0,4.9,1.9,5.222156977882169,24.8,13.4,15.9,5.1,12.7,23.7,4.3,64.9,29.6,35.3,0.4,15.5,11.2,4.3,18.2,16.6,0.2,1.2,0.2,1.0
E06000001,Hartlepool UA,7.7650766,11.041337,43.3,32.7,15.9,6.3,1.8,8.1,65.1,15.1,33.9,0.3,1.3,1.3,2.8,7.8,2.7,34.9,15.9,4.6,4.9,7.1,2.4,7.774983533920124,30.7,13.5,16.2,5.5,12.5,17.6,4.0,59.8,27.4,32.4,0.5,23.5,9.9,13.6,14.8,13.7,0.1,0.9,0.2,1.4
E06000002,Middlesbrough UA,7.611456,10.548906,45.4,32.7,14.2,5.8,1.8,7.6,63.2,15.0,31.1,0.3,1.1,1.3,2.5,7.6,4.4,36.8,13.8,7.4,5.5,6.8,3.2,7.589183598372965,29.9,13.6,15.3,4.4,13.2,18.5,5.0,57.2,26.6,30.6,0.6,23.9,10.6,13.3,16.6,15.1,0.2,1.0,0.3,1.7
E06000048,Northumberland UA,5.6293993,11.84978,44.0,34.3,15.4,4.9,1.4,6.300000000000001,67.9,14.7,37.0,0.4,2.3,2.2,4.5,4.4,2.2,32.1,18.8,3.5,3.6,4.4,1.8,4.428789489932425,23.9,13.7,16.5,4.5,12.1,25.6,3.8,65.8,33.3,32.6,0.4,18.7,10.7,8.0,13.3,11.7,0.3,1.0,0.3,1.8
E06000003,Redcar and Cleveland UA,7.434948,11.229137,42.4,33.9,15.9,6.1,1.8,7.899999999999999,64.1,15.4,33.6,0.3,1.2,1.4,2.9,6.6,2.5,35.9,19.4,4.2,4.4,5.9,2.1,6.587212761023221,28.4,13.5,16.4,5.7,13.1,18.9,3.9,66.6,33.2,33.4,0.4,19.4,10.1,9.3,12.5,11.2,0.1,1.0,0.2,1.1
E06000004,Stockton-on-Tees UA,6.5599165,10.849695,46.3,33.5,13.8,4.9,1.5,6.4,68.4,15.7,37.6,0.3,1.4,1.5,3.1,5.7,3.0,31.6,14.8,5.2,4.2,4.9,2.5,5.74103829254767,23.8,13.9,16.9,5.2,13.6,22.8,3.9,68.5,29.4,39.1,0.3,17.2,9.2,8.0,13.1,11.9,0.1,1.0,0.2,0.8
E08000020,Gateshead,7.514488,11.711686,42.6,33.9,15.6,6.1,1.9,8.0,67.7,14.2,39.8,0.2,1.3,1.4,3.0,5.0,2.7,32.3,15.9,4.6,3.8,6.0,2.0,5.010163493810736,28.0,14.3,15.5,5.2,11.3,21.5,4.1,58.2,25.9,32.3,0.4,28.0,22.4,5.6,12.5,11.4,0.1,0.9,0.1,0.9
E08000021,Newcastle upon Tyne,7.2522907,8.885237,47.8,31.8,13.6,5.3,1.5,6.8,62.9,12.1,32.8,0.3,1.4,1.5,2.9,5.0,6.8,37.1,11.5,13.7,4.2,5.4,2.3,5.00413409500902,23.6,11.3,12.5,3.4,17.1,27.2,4.9,49.5,22.4,27.1,0.4,29.7,23.3,6.4,19.1,17.5,0.1,1.1,0.4,1.3
E08000022,North Tyneside,6.4886184,10.989493,44.8,33.3,15.0,5.3,1.5,6.8,70.5,14.8,41.5,0.2,1.4,1.5,3.3,4.9,2.8,29.5,15.9,3.6,3.4,5.0,1.6,4.938839264583573,23.7,14.0,16.1,5.3,11.9,25.3,3.7,64.8,28.1,36.7,0.4,21.6,16.0,5.6,12.4,11.1,0.1,1.1,0.1,0.9
E08000023,South Tyneside,7.601659,11.392247,42.8,33.0,16.0,6.3,1.9,8.2,66.7,14.2,37.5,0.3,1.3,1.2,2.7,6.6,3.0,33.3,15.9,4.2,4.3,6.6,2.2,6.556188693441976,28.0,14.6,16.2,6.1,12.0,19.2,3.9,57.1,25.3,31.8,0.4,31.6,25.3,6.3,10.1,9.0,0.1,0.9,0.1,0.9
E08000024,Sunderland,7.876104,11.331967,42.6,32.9,16.0,6.6,2.0,8.6,65.9,14.2,36.9,0.3,1.2,1.4,2.7,5.8,3.4,34.1,15.7,5.2,4.2,6.9,2.1,5.845722736825718,29.1,15.5,16.2,5.0,12.0,18.2,4.0,59.8,27.1,32.7,0.3,27.1,14.0,13.1,12.2,10.9,0.1,0.9,0.3,0.7
E06000008,Blackburn with Darwen UA,7.1600175,10.684836,45.4,33.2,14.1,5.7,1.6,7.300000000000001,64.2,13.9,34.1,0.5,1.6,2.0,3.6,5.3,3.2,35.8,12.7,5.8,6.8,7.1,3.5,5.339168909277225,28.7,14.3,15.2,3.9,11.4,19.8,6.6,64.2,31.5,32.7,0.5,18.1,5.6,12.5,15.7,14.1,0.1,1.1,0.3,1.5
E06000009,Blackpool UA,6.4164915,12.429887,39.8,33.8,16.9,7.3,2.2,9.5,66.0,14.3,33.0,0.3,1.6,2.3,5.3,6.1,3.1,34.0,16.2,3.7,3.8,7.9,2.4,6.1042451330758185,31.3,15.5,17.1,4.2,11.6,15.5,4.7,61.6,30.0,31.6,0.4,10.9,7.5,3.4,26.1,24.2,0.1,1.6,0.2,1.1
E06000049,Cheshire East UA,3.6960988,11.117378,49.1,33.2,12.8,3.8,1.1,4.9,70.6,14.4,39.4,0.4,2.4,2.8,5.0,3.2,2.8,29.4,17.1,4.2,3.5,3.1,1.5,3.2263898166840743,19.6,12.1,16.0,4.1,12.4,32.0,3.8,74.5,37.5,37.0,0.5,11.4,2.7,8.7,12.5,11.4,0.1,0.8,0.2,1.1
E06000050,Cheshire West and Chester UA,4.2962575,11.012156,48.5,33.1,12.9,4.3,1.2,5.5,70.2,14.9,39.3,0.4,1.9,2.3,4.3,3.7,3.3,29.8,16.4,4.4,3.5,3.9,1.5,3.680368489235261,21.0,13.3,15.7,4.0,12.9,29.4,3.8,70.8,34.7,36.0,0.8,14.7,7.4,7.3,12.5,11.3,0.2,0.8,0.2,1.2
E06000006,Halton UA,7.7941704,11.395371,46.7,31.6,13.9,6.1,1.7,7.8,68.4,14.1,40.1,0.2,1.1,1.3,3.2,5.6,2.7,31.6,14.4,4.2,4.2,7.0,1.9,5.556154808646503,26.9,16.8,18.6,3.8,12.5,17.6,3.7,63.4,27.1,36.3,0.6,25.2,4.7,20.5,9.8,8.9,0.0,0.7,0.1,1.0
E06000007,Warrington UA,4.365015,10.88531,49.8,32.7,12.1,4.2,1.2,5.4,72.1,14.6,42.7,0.3,1.6,1.9,3.9,4.0,3.0,27.9,14.8,3.6,3.3,4.1,2.1,3.988331404179017,20.7,14.6,16.5,4.1,12.6,27.4,4.1,71.5,32.0,39.6,0.7,15.6,7.2,8.4,11.2,10.2,0.1,0.8,0.1,0.8
E07000026,Allerdale,3.9189491,11.808369,44.5,34.5,14.7,4.9,1.3,6.2,68.9,16.4,36.5,0.5,2.5,2.2,5.1,3.6,2.1,31.1,18.9,3.0,3.2,4.5,1.5,3.596889176928062,27.0,13.7,16.2,5.0,11.5,22.8,3.8,69.0,39.4,29.6,0.5,19.1,2.7,16.4,9.8,8.5,0.2,0.9,0.2,1.6
E07000027,Barrow-in-Furness,7.0339837,11.289679,42.8,33.1,15.8,6.6,1.8,8.4,66.3,16.6,36.6,0.3,1.3,1.6,2.9,4.6,2.3,33.7,17.9,3.2,3.5,7.3,1.7,4.627908341976009,25.4,13.6,15.7,9.2,13.7,19.0,3.4,73.5,36.6,36.9,0.1,11.1,8.7,2.4,14.2,12.8,0.2,1.1,0.2,1.1
E07000028,Carlisle,4.50793,11.465327,45.2,34.9,14.0,4.6,1.3,5.9,71.9,16.7,39.2,0.4,2.1,1.9,4.8,3.6,3.3,28.1,15.5,3.5,2.9,4.7,1.5,3.579736203492977,24.9,14.8,16.4,4.6,12.6,22.2,4.6,68.3,34.7,33.6,0.7,15.3,2.7,12.6,14.3,12.9,0.2,1.0,0.2,1.5
E07000029,Copeland,6.2481136,11.589868,44.4,33.9,14.9,5.3,1.5,6.8,67.0,15.1,38.9,0.3,1.6,1.4,3.6,4.2,1.7,33.0,18.3,3.0,3.6,5.4,2.5,4.240825775112899,27.0,14.2,15.7,5.9,12.4,21.0,3.9,71.0,37.1,33.9,0.3,18.6,7.1,11.4,8.7,7.6,0.2,0.8,0.2,1.4
E07000030,Eden,2.3599186,12.327928,46.1,35.8,13.7,3.6,0.9,4.5,73.4,16.0,35.2,0.7,3.9,3.7,9.0,2.1,2.7,26.6,17.6,2.8,2.4,2.8,1.1,2.122111785207177,22.7,13.4,16.5,3.7,12.0,27.4,4.2,70.6,43.6,26.9,0.9,10.1,1.3,8.7,16.0,14.0,0.4,1.3,0.2,2.5
E07000031,South Lakeland,2.5141761,12.300335,46.8,35.1,13.6,3.6,1.0,4.6,70.4,15.8,35.4,0.6,3.2,3.6,7.3,2.0,2.5,29.6,20.4,3.0,2.3,2.6,1.2,2.0097321675831785,18.9,12.0,15.4,4.6,11.8,33.4,3.9,73.0,44.7,28.3,0.5,10.4,6.8,3.6,14.2,12.5,0.4,1.1,0.2,1.9
E08000001,Bolton,7.118379,10.788431,45.4,33.9,14.1,5.2,1.4,6.6,67.2,13.8,37.2,0.4,1.7,2.0,4.0,4.9,3.1,32.8,14.7,5.1,4.7,5.8,2.4,4.938646791847472,26.3,14.2,15.8,4.3,12.0,22.2,5.2,63.7,30.4,33.3,0.5,20.5,14.2,6.2,13.7,12.5,0.1,0.9,0.2,1.6
E08000002,Bury,5.1044073,11.169532,47.1,33.3,13.7,4.6,1.3,5.9,70.3,14.2,40.1,0.4,1.9,2.3,4.5,4.3,2.7,29.7,14.5,4.5,3.8,4.9,1.9,4.283264160609413,22.6,14.1,17.2,3.5,12.3,25.7,4.7,69.6,31.8,37.8,0.3,15.0,9.4,5.6,13.8,12.6,0.1,1.0,0.1,1.3
E08000003,Manchester,7.4472556,9.18771,48.8,31.7,12.5,5.4,1.7,7.1000000000000005,63.5,10.8,33.7,0.3,1.1,1.8,3.0,5.7,7.1,36.5,7.6,14.1,4.9,6.6,3.3,5.713808195710988,23.1,11.1,12.0,1.7,16.0,28.9,7.1,37.8,15.2,22.6,0.7,31.6,13.5,18.1,28.4,26.9,0.1,1.1,0.4,1.6
E08000004,Oldham,7.248278,10.779263,45.1,33.3,14.6,5.4,1.5,6.9,66.6,13.9,36.6,0.4,1.6,1.9,3.8,5.4,3.0,33.4,14.0,5.1,5.7,5.8,2.9,5.421087221857103,29.6,14.6,15.8,4.2,11.7,18.6,5.5,64.9,30.3,34.6,0.4,21.1,9.7,11.4,12.2,10.8,0.1,1.1,0.2,1.4
E08000005,Rochdale,7.4613686,10.864531,44.5,33.1,14.8,5.9,1.7,7.6,66.1,13.2,36.4,0.4,1.6,2.0,4.0,5.9,2.7,33.9,13.7,5.3,5.1,6.8,3.0,5.923059800185934,28.7,14.7,16.4,3.7,11.7,19.4,5.4,61.8,27.8,34.1,0.4,23.1,15.6,7.5,13.2,12.0,0.1,1.0,0.1,1.4
E08000006,Salford,7.6152964,10.536923,46.0,32.4,14.0,5.9,1.7,7.6,68.2,12.5,39.3,0.2,1.2,1.5,3.6,5.2,4.7,31.8,12.1,5.8,4.1,6.9,2.9,5.2224795947249545,27.1,13.9,15.4,3.4,12.6,22.3,5.3,50.3,21.8,28.5,0.5,28.8,17.8,11.0,18.8,17.6,0.1,0.8,0.2,1.6
E08000007,Stockport,4.2639027,10.982114,47.8,33.3,13.3,4.4,1.2,5.6000000000000005,71.3,14.6,40.5,0.4,2.0,2.4,4.9,3.9,2.7,28.7,15.3,4.2,3.5,4.2,1.6,3.897520822171351,20.6,13.5,16.0,4.0,12.1,29.8,3.9,73.2,35.1,38.2,0.8,13.6,8.7,5.0,11.4,10.4,0.1,0.8,0.1,1.0
E08000008,Tameside,7.676102,11.272759,44.0,33.7,15.1,5.7,1.6,7.300000000000001,68.8,13.2,40.6,0.3,1.4,1.7,4.1,5.0,2.5,31.2,14.7,4.3,4.0,6.2,2.2,4.987024569705002,28.1,16.1,17.3,4.5,12.1,17.5,4.5,63.8,28.1,35.7,0.3,21.5,5.2,16.3,13.2,11.9,0.1,1.0,0.2,1.1
E08000009,Trafford,3.8562827,10.953485,51.0,31.6,12.2,4.1,1.1,5.199999999999999,72.5,14.0,41.9,0.4,2.1,2.5,4.7,3.8,3.1,27.5,13.3,4.4,3.9,4.0,1.8,3.768902865987741,18.6,12.4,15.8,3.4,11.7,33.8,4.3,69.3,32.1,37.2,0.6,16.4,4.6,11.8,12.7,11.8,0.1,0.7,0.1,1.0
E08000010,Wigan,7.1573806,11.621329,45.4,32.7,14.7,5.7,1.5,7.2,68.8,13.9,40.0,0.3,1.4,1.7,4.0,4.9,2.7,31.2,16.2,3.5,3.5,6.2,1.8,4.85549377365272,27.3,15.3,17.1,4.7,12.2,19.5,3.8,67.9,31.1,36.7,0.2,18.9,16.2,2.7,11.6,10.7,0.0,0.8,0.1,1.3
E07000117,Burnley,7.0559735,11.4006815,42.9,33.6,15.7,6.0,1.7,7.7,66.1,14.4,36.6,0.3,1.4,2.0,3.6,5.3,2.6,33.9,15.4,4.3,4.5,7.0,2.7,5.273289573340065,29.3,14.4,15.8,4.6,12.3,18.7,4.8,65.0,31.5,33.5,0.2,14.1,3.8,10.3,19.4,17.7,0.1,1.3,0.2,1.4
E07000118,Chorley,3.9161108,11.009791,47.9,33.3,13.3,4.3,1.2,5.5,70.8,14.4,41.5,0.4,2.1,2.1,4.6,3.2,2.6,29.2,16.1,3.2,2.9,4.1,2.8,3.2369826518742726,21.2,13.4,16.2,4.8,12.6,27.8,3.8,75.2,35.4,39.8,0.6,13.0,3.1,9.9,10.2,9.1,0.1,0.9,0.2,0.9
E07000119,Fylde,4.4523168,12.584341,44.6,33.8,15.3,4.9,1.4,6.300000000000001,66.8,13.5,37.1,0.5,2.4,2.5,5.0,3.1,2.7,33.2,20.6,3.3,3.1,4.0,2.2,3.092915811088296,21.2,12.0,16.6,4.2,12.3,29.8,4.0,73.4,40.7,32.7,0.4,7.5,1.4,6.0,17.4,15.5,0.4,1.2,0.3,1.3
E07000120,Hyndburn,6.9268355,11.407729,43.1,34.2,15.1,5.9,1.7,7.6,67.0,13.5,37.7,0.3,1.5,2.2,4.1,4.6,3.0,33.0,15.1,4.3,4.5,6.7,2.4,4.606210158338475,28.0,13.8,16.2,5.5,12.5,18.9,4.9,67.7,33.4,34.3,0.2,12.8,4.0,8.8,18.2,16.6,0.0,1.3,0.1,1.2
E07000121,Lancaster,6.4349327,8.595678,46.7,33.8,13.7,4.5,1.3,5.8,65.1,14.4,33.7,0.3,1.7,2.2,4.3,3.3,5.2,34.9,15.2,10.9,2.8,4.3,1.7,3.2547242874845104,20.6,11.4,15.2,3.7,17.5,27.2,4.4,69.2,36.1,33.0,0.6,10.0,6.3,3.7,18.9,17.1,0.2,1.4,0.2,1.3
E07000122,Pendle,6.8203206,11.284982,43.6,34.5,15.0,5.5,1.5,7.0,66.4,14.0,36.0,0.5,1.9,2.4,4.1,4.7,2.8,33.6,15.1,4.1,5.7,6.1,2.6,4.674115456238361,28.2,13.3,15.1,4.8,12.5,20.2,5.8,68.5,36.0,32.5,0.2,11.6,5.6,6.0,18.1,16.6,0.1,1.3,0.1,1.6
E07000123,Preston,7.0789604,9.011821,46.6,34.1,13.3,4.7,1.3,6.0,67.7,13.6,36.7,0.3,1.5,1.7,3.2,4.4,6.3,32.3,11.7,8.2,4.4,5.4,2.6,4.395446029687275,23.5,12.6,14.5,3.9,15.1,24.6,5.8,60.6,28.4,32.2,0.7,19.2,3.9,15.3,18.0,16.6,0.1,1.0,0.2,1.5
E07000124,Ribble Valley,2.43684,11.035792,51.5,32.2,12.3,3.2,0.9,4.1000000000000005,71.9,14.6,39.0,0.5,3.6,3.0,6.2,2.1,2.9,28.1,18.0,3.6,2.4,2.7,1.4,2.063703524282427,18.3,11.1,15.3,5.0,12.5,34.0,3.7,76.6,41.9,34.7,0.6,7.6,1.5,6.1,13.6,11.8,0.5,1.1,0.3,1.5
E07000125,Rossendale,5.424355,11.275576,46.2,33.1,14.1,5.1,1.4,6.5,70.3,13.6,40.1,0.4,2.0,2.5,5.1,4.2,2.5,29.7,14.7,4.3,3.6,5.4,1.7,4.17373939091363,24.0,13.7,16.5,4.0,13.0,25.1,3.6,69.7,31.5,38.2,0.3,14.6,4.9,9.7,14.1,12.7,0.1,1.2,0.1,1.3
E07000126,South Ribble,3.6451027,10.266011,47.7,34.1,13.1,4.1,1.0,5.1,72.8,14.9,43.7,0.3,1.7,1.9,4.4,3.0,2.9,27.2,16.5,3.3,2.7,3.5,1.2,3.009023341370653,20.3,13.5,16.6,5.8,13.7,26.4,3.6,78.8,37.3,41.5,0.5,10.5,0.8,9.7,9.3,8.3,0.1,0.8,0.1,0.9
E07000127,West Lancashire,4.6620135,11.178675,47.6,32.7,13.4,4.9,1.4,6.300000000000001,68.2,14.1,36.3,0.5,2.4,2.2,4.6,3.9,4.3,31.8,17.0,5.7,3.3,4.3,1.4,3.897011066040857,23.5,13.4,15.8,4.0,13.9,25.4,4.1,73.0,35.9,37.1,0.6,14.7,12.6,2.1,10.5,9.4,0.1,0.8,0.1,1.3
E07000128,Wyre,4.6334195,12.631101,43.2,33.6,16.0,5.5,1.7,7.2,66.2,14.5,34.7,0.4,2.5,2.5,5.3,3.2,3.1,33.8,21.2,3.9,2.9,4.4,1.3,3.172681972110272,25.9,13.4,16.6,4.8,12.0,23.0,4.2,77.6,43.2,34.4,0.5,7.2,1.1,6.1,13.5,12.2,0.2,1.0,0.1,1.2
E08000011,Knowsley,8.090889,11.5307255,46.0,29.8,14.7,7.3,2.2,9.5,65.6,14.3,35.9,0.2,1.0,1.3,3.3,6.5,3.0,34.4,13.6,4.8,4.5,8.8,2.7,6.524421835994536,34.7,15.2,16.1,3.4,11.8,15.5,3.4,61.8,26.1,35.7,0.5,26.6,12.2,14.4,9.8,8.9,0.0,0.7,0.1,1.3
E08000012,Liverpool,7.517404,9.534119,46.7,30.5,14.0,6.7,2.1,8.8,63.4,12.6,32.7,0.2,1.1,1.4,3.1,6.7,5.6,36.6,11.5,10.3,3.8,8.0,3.0,6.719420751185286,28.7,12.5,14.2,2.5,15.2,22.4,4.4,46.9,21.2,25.7,0.5,27.8,4.8,23.1,23.4,21.7,0.1,0.9,0.6,1.3
E08000014,Sefton,6.50681,11.476024,45.3,32.5,14.8,5.7,1.6,7.300000000000001,67.1,15.0,35.8,0.3,1.7,2.0,4.1,4.9,3.1,32.9,17.3,4.4,3.4,5.9,1.9,4.8981568843120735,25.1,14.0,16.6,3.9,12.5,24.1,3.9,70.5,35.9,34.6,0.6,14.5,4.2,10.3,13.4,12.3,0.1,0.9,0.1,1.1
E08000013,St. Helens,7.7415133,11.441934,44.8,31.9,14.9,6.5,1.8,8.3,66.5,14.0,38.6,0.3,1.3,1.4,3.3,5.1,2.6,33.5,17.1,4.1,3.8,6.7,1.9,5.124089393752315,27.9,14.3,16.7,4.4,12.1,20.9,3.8,67.3,33.3,34.0,0.6,20.6,6.1,14.5,10.2,9.3,0.0,0.7,0.1,1.4
E08000015,Wirral,7.3055477,11.373178,46.3,31.9,14.3,5.8,1.7,7.5,66.4,15.0,36.3,0.3,1.7,1.9,3.6,5.2,2.5,33.6,16.8,4.5,3.9,6.4,2.0,5.171734148866585,23.4,13.7,17.3,4.2,12.5,25.3,3.6,67.5,33.3,34.2,0.5,15.2,5.2,10.0,15.8,14.7,0.1,1.0,0.1,1.0
E06000011,East Riding of Yorkshire UA,4.5125504,11.883793,45.2,35.0,14.5,4.2,1.2,5.4,68.8,15.4,37.0,0.4,2.5,2.4,4.8,3.6,2.7,31.2,19.5,3.7,3.2,3.1,1.7,3.5811135451191807,23.4,13.0,16.2,5.0,12.1,25.9,4.4,75.3,39.2,36.1,0.3,9.1,7.3,1.8,13.7,12.4,0.2,0.9,0.2,1.6
E06000010,"Kingston upon Hull, City of UA",7.6956415,10.350905,43.1,34.9,14.9,5.5,1.6,7.1,67.2,14.7,35.7,0.2,0.9,1.2,2.7,8.0,3.6,32.8,12.1,6.9,5.0,6.0,2.7,8.0247626042705,31.7,14.6,15.4,4.0,13.1,15.2,6.0,49.5,19.9,29.7,0.4,28.1,21.2,6.9,20.4,19.0,0.1,1.0,0.3,1.5
E06000012,North East Lincolnshire UA,6.1986227,10.956694,44.0,35.0,14.9,4.7,1.3,6.0,68.4,16.5,36.3,0.3,1.4,1.5,3.3,6.5,2.7,31.6,15.6,4.2,4.9,4.8,2.2,6.46331039603533,29.5,16.1,17.8,4.6,10.8,16.2,4.9,66.1,30.8,35.3,0.3,14.5,4.7,9.8,18.1,16.6,0.2,1.1,0.2,1.0
E06000013,North Lincolnshire UA,5.713728,10.96885,43.7,35.8,14.7,4.5,1.2,5.7,69.2,15.3,39.5,0.3,1.7,1.8,3.5,4.8,2.4,30.8,16.6,3.7,4.4,4.2,1.8,4.79771763032478,26.2,15.8,16.7,4.9,11.7,19.5,5.2,69.5,33.0,36.5,0.3,15.4,6.9,8.5,13.4,12.0,0.2,1.0,0.2,1.4
E06000014,York UA,6.072298,8.389074,49.7,34.2,12.0,3.2,0.9,4.1000000000000005,70.1,15.0,38.1,0.3,1.6,2.2,4.2,3.1,5.7,29.9,13.8,9.6,2.7,2.5,1.3,3.0589696172616145,18.0,10.6,13.9,4.5,16.6,32.4,4.1,66.1,33.9,32.2,0.8,14.0,8.8,5.1,17.9,16.4,0.3,0.9,0.4,1.2
E07000163,Craven,2.3341842,12.0385065,47.6,34.6,13.3,3.6,0.9,4.5,71.8,15.3,36.3,0.5,3.4,3.4,7.7,2.5,2.6,28.2,18.8,3.2,2.6,2.4,1.2,2.5039944078290395,20.3,11.7,15.7,4.6,12.3,31.8,3.7,73.1,42.3,30.8,0.5,9.0,2.3,6.7,15.4,13.7,0.4,1.1,0.3,2.0
E07000164,Hambleton,1.9084892,11.187542,48.7,34.4,12.6,3.3,1.0,4.3,72.1,15.1,38.9,0.6,3.3,2.8,6.6,2.6,2.2,27.9,18.1,3.0,3.1,2.3,1.4,2.5591908666002605,19.6,12.0,16.1,4.1,12.2,32.1,4.0,69.5,39.7,29.8,0.4,12.9,1.0,11.9,15.1,12.1,1.4,0.9,0.7,2.0
E07000165,Harrogate,2.2923024,10.656394,50.6,33.8,11.8,3.0,0.8,3.8,74.2,14.9,40.8,0.6,3.1,3.3,6.4,2.6,2.6,25.8,15.5,3.3,3.4,2.3,1.3,2.57019589961241,17.3,11.8,16.4,3.6,11.8,34.1,5.0,71.1,37.4,33.7,0.6,9.1,5.4,3.8,17.5,15.5,0.7,0.9,0.4,1.7
E07000166,Richmondshire,1.6602862,10.5696745,51.3,33.5,11.5,2.9,0.8,3.7,75.1,13.5,44.3,0.5,3.1,2.7,6.2,2.9,1.9,24.9,14.9,2.4,3.6,2.2,1.8,2.887302080099348,18.6,15.0,18.0,3.7,12.3,27.0,5.4,63.9,36.1,27.8,0.5,10.8,7.2,3.6,22.4,14.2,4.0,1.2,2.9,2.4
E07000167,Ryedale,2.3120356,12.217373,45.5,35.7,14.2,3.6,1.1,4.7,70.9,15.4,34.0,0.7,3.7,3.8,8.4,2.7,2.2,29.1,18.6,3.4,3.1,2.5,1.4,2.7380857348128043,24.0,12.6,16.3,4.1,11.3,27.3,4.4,67.1,41.4,25.7,0.4,12.9,0.9,11.9,16.8,14.7,0.7,1.0,0.3,2.9
E07000168,Scarborough,5.42161,12.807227,41.6,35.6,16.2,5.3,1.4,6.699999999999999,65.8,16.2,30.7,0.5,2.6,2.7,5.9,4.2,3.0,34.2,20.3,4.0,3.5,4.7,1.8,4.245966269066543,26.0,12.9,16.3,5.3,12.1,22.7,4.8,65.8,39.1,26.7,0.6,12.4,2.4,10.1,19.5,17.8,0.2,1.1,0.3,1.7
E07000169,Selby,3.7340572,10.568767,48.4,34.3,12.8,3.6,1.0,4.6,73.9,15.0,42.5,0.5,2.4,2.4,5.1,3.5,2.5,26.1,15.7,3.0,3.5,2.6,1.2,3.483689411460271,21.2,14.0,16.6,5.0,12.8,26.1,4.3,75.0,34.5,40.5,0.6,12.0,8.4,3.6,11.0,9.8,0.2,0.8,0.1,1.4
E08000016,Barnsley,7.4687214,11.853918,41.6,33.6,16.4,6.6,1.8,8.4,66.5,14.6,36.9,0.3,1.5,1.7,4.2,5.1,2.2,33.5,16.4,3.7,4.4,7.0,2.1,5.127783809160529,32.3,14.3,16.2,4.1,11.3,17.4,4.4,64.3,30.6,33.8,0.4,20.9,17.7,3.2,12.8,11.7,0.1,0.8,0.1,1.6
E08000017,Doncaster,7.0912523,11.665954,43.6,34.1,15.1,5.6,1.6,7.199999999999999,66.9,15.0,36.7,0.3,1.5,1.8,3.7,5.7,2.2,33.1,15.4,4.0,4.9,5.9,3.0,5.74844823136859,30.3,15.4,17.0,4.5,10.7,17.0,5.2,65.4,31.0,34.4,0.3,17.7,15.2,2.6,14.8,13.5,0.1,1.1,0.1,1.7
E08000018,Rotherham,7.293298,11.840539,43.2,33.9,15.3,5.9,1.7,7.6,67.0,15.3,36.6,0.3,1.5,1.7,3.9,5.2,2.3,33.0,16.6,3.9,4.7,5.6,2.2,5.225075681398603,29.8,15.5,16.8,4.4,11.5,17.4,4.5,65.2,30.5,34.7,0.3,21.5,17.9,3.6,11.3,10.3,0.1,0.8,0.1,1.7
E08000019,Sheffield,7.1139526,8.865867,46.7,33.4,13.7,4.8,1.4,6.199999999999999,65.8,13.8,34.3,0.3,1.3,1.9,3.8,4.8,5.5,34.2,12.9,10.8,4.1,4.5,2.1,4.775136008408677,24.3,12.3,13.7,3.6,15.8,25.7,4.6,58.3,27.1,31.2,0.4,24.8,17.7,7.0,15.6,14.2,0.1,0.9,0.4,1.0
E08000032,Bradford,7.030703,10.434489,44.8,35.6,13.7,4.5,1.3,5.8,66.6,14.4,34.3,0.5,1.7,2.4,4.0,5.8,3.4,33.4,12.0,6.4,6.7,5.0,3.4,5.795470991242897,27.7,14.1,14.8,3.8,11.3,21.8,6.5,65.0,29.3,35.7,0.6,14.8,5.9,8.9,18.1,16.6,0.1,1.1,0.3,1.5
E08000033,Calderdale,5.592204,11.120411,46.3,34.3,13.8,4.4,1.2,5.6000000000000005,70.5,14.7,38.7,0.4,1.9,2.5,4.7,5.0,2.6,29.5,15.1,4.1,3.9,4.4,2.0,4.97022169044002,23.8,13.6,16.2,4.9,12.3,25.0,4.2,66.6,31.2,35.3,0.4,15.2,5.4,9.9,16.4,14.8,0.1,1.3,0.2,1.4
E08000034,Kirklees,6.6398206,10.66741,45.5,35.0,13.7,4.5,1.3,5.8,68.2,14.5,36.5,0.5,1.8,2.3,4.3,4.7,3.5,31.8,14.3,5.7,5.0,4.4,2.4,4.708750821956158,25.4,13.2,15.0,4.8,12.6,23.9,5.1,67.1,32.0,35.0,0.4,15.3,12.0,3.2,15.5,14.1,0.1,1.1,0.2,1.8
E08000035,Leeds,6.844962,8.758399,48.1,33.8,12.7,4.2,1.2,5.4,69.5,13.1,38.8,0.3,1.5,1.9,3.8,4.8,5.3,30.5,12.4,8.2,3.6,4.0,2.2,4.775973568643253,23.2,12.6,14.1,3.7,14.7,26.9,4.7,58.2,26.0,32.2,0.4,22.0,16.9,5.1,17.9,16.7,0.1,0.9,0.2,1.5
E08000036,Wakefield,7.365441,11.919818,42.7,34.0,15.5,6.0,1.7,7.7,68.4,14.8,39.7,0.3,1.4,1.6,3.5,4.9,2.1,31.6,16.1,3.5,4.0,5.8,2.2,4.855662103677639,31.1,14.6,16.1,4.4,10.6,18.3,4.9,63.6,29.0,34.6,0.5,23.6,17.2,6.4,11.4,10.2,0.1,0.9,0.2,0.9
E06000015,Derby UA,6.8245716,9.946865,45.0,35.0,14.1,4.6,1.3,5.9,69.0,14.7,38.5,0.3,1.1,1.7,3.4,5.2,4.2,31.0,12.8,6.3,4.8,4.8,2.4,5.185424812176852,24.1,13.3,14.5,4.9,13.0,24.2,5.9,61.4,29.6,31.8,0.8,19.8,12.2,7.6,16.8,15.6,0.1,1.0,0.2,1.2
E06000016,Leicester UA,7.4513927,9.638915,44.9,35.6,13.4,4.5,1.5,6.0,64.6,13.8,33.3,0.3,1.1,1.5,2.8,6.2,5.5,35.4,9.3,11.4,6.2,5.1,3.4,6.184979688893293,28.6,13.0,12.6,2.0,13.0,21.2,9.7,49.7,22.8,26.9,0.6,25.4,17.1,8.3,22.7,21.3,0.2,1.0,0.3,1.6
E06000018,Nottingham UA,7.404935,9.121907,46.1,33.8,13.6,4.9,1.5,6.4,61.3,11.9,31.1,0.2,0.9,1.5,2.9,6.4,6.3,38.7,9.1,16.3,4.7,5.7,3.0,6.3665586542107615,25.6,12.2,12.9,2.3,18.6,21.9,6.5,45.1,19.9,25.1,0.6,29.7,20.8,9.0,23.1,21.6,0.1,1.0,0.3,1.5
E06000017,Rutland UA,1.7473462,10.7471,50.4,34.0,12.1,2.7,0.8,3.5,69.3,14.2,38.1,0.6,2.6,3.6,5.6,2.4,2.2,30.7,16.9,5.8,3.2,1.7,3.0,2.3769037409433684,17.8,12.2,17.5,3.6,12.5,32.9,3.5,70.4,39.3,31.1,1.1,11.2,2.5,8.8,15.6,11.6,2.0,0.8,1.1,1.8
E07000032,Amber Valley,5.2184267,11.4651165,44.0,35.0,15.0,4.8,1.3,6.1,69.9,14.8,40.0,0.3,1.8,2.3,4.7,3.9,2.2,30.1,17.4,3.4,3.8,4.1,1.5,3.868239139556969,27.0,13.9,15.5,4.6,12.0,23.2,3.9,74.1,38.2,35.9,0.4,12.3,5.1,7.2,11.8,10.7,0.1,0.8,0.2,1.4
E07000033,Bolsover,7.479637,11.969997,40.8,33.5,17.1,6.8,1.8,8.6,66.9,14.3,38.5,0.3,1.5,1.7,3.8,4.7,2.2,33.1,16.9,3.5,4.4,6.5,1.8,4.668871212798284,32.9,15.3,16.4,3.7,11.4,15.8,4.5,67.0,32.6,34.4,0.3,18.2,15.0,3.2,13.0,11.8,0.1,1.0,0.1,1.5
E07000034,Chesterfield,7.2021317,11.976447,41.7,34.3,16.4,6.0,1.6,7.6,67.9,16.1,37.4,0.3,1.3,1.9,3.9,4.7,2.4,32.1,16.9,3.6,3.8,6.0,1.8,4.655210773599968,27.6,14.3,17.0,4.0,12.1,21.0,3.9,63.1,32.2,30.9,0.3,23.1,20.1,3.1,12.4,11.3,0.1,0.9,0.2,1.0
E07000035,Derbyshire Dales,2.2954106,12.086439,47.1,34.7,13.7,3.5,1.1,4.6,70.3,15.9,34.9,0.6,3.1,3.7,7.2,2.7,2.2,29.7,19.1,3.3,3.0,2.5,1.8,2.6819038824117896,21.5,12.0,15.0,3.4,11.1,33.4,3.7,72.4,44.0,28.5,0.7,12.2,4.3,7.8,12.6,11.1,0.3,0.9,0.2,2.1
E07000036,Erewash,5.393119,10.978405,44.0,35.4,15.0,4.3,1.3,5.6,71.5,15.1,41.5,0.3,1.5,2.0,4.2,4.5,2.4,28.5,15.6,3.6,3.8,4.0,1.6,4.5297727850476335,25.9,15.3,16.5,5.3,12.3,20.7,4.0,72.5,33.9,38.6,0.5,13.0,4.1,8.9,12.9,11.8,0.1,0.8,0.2,1.2
E07000037,High Peak,4.2375445,11.057798,47.5,34.1,13.2,4.1,1.1,5.199999999999999,72.1,15.3,39.1,0.4,2.1,2.8,5.8,3.8,2.7,27.9,15.7,4.3,3.0,3.7,1.3,3.822582320556768,20.9,13.1,16.0,4.0,13.1,29.4,3.5,72.0,35.2,36.9,0.6,12.7,9.8,2.8,13.4,12.1,0.1,1.1,0.2,1.2
E07000038,North East Derbyshire,6.157017,11.8711605,43.0,34.3,15.9,5.4,1.5,6.9,68.0,15.9,36.9,0.4,1.9,2.2,4.8,3.7,2.3,32.0,19.3,3.4,3.5,4.5,1.4,3.671385788184046,26.9,14.2,16.6,4.4,11.9,22.2,3.8,70.9,38.2,32.6,0.4,20.4,18.1,2.2,7.4,6.5,0.1,0.7,0.1,0.9
E07000039,South Derbyshire,3.9429793,10.512652,47.6,34.4,13.1,3.9,1.0,4.9,72.5,14.8,42.8,0.4,1.9,2.3,4.6,3.1,2.6,27.5,14.8,3.6,4.0,3.5,1.6,3.059755219582433,22.0,14.1,16.6,4.8,12.8,26.0,3.7,75.4,33.9,41.5,0.3,9.9,7.7,2.3,13.0,11.8,0.2,0.9,0.1,1.2
E07000129,Blaby,3.6568048,10.323218,47.5,35.8,12.5,3.3,0.9,4.2,73.9,15.7,42.6,0.3,1.9,2.4,5.2,2.9,2.9,26.1,15.6,3.6,2.8,2.3,1.8,2.863269056856968,22.2,14.5,16.1,5.7,12.3,24.9,4.3,80.9,38.1,42.8,0.6,7.6,1.9,5.8,10.0,9.0,0.1,0.8,0.1,0.8
E07000130,Charnwood,6.1001945,8.455853,48.1,35.3,12.4,3.3,0.9,4.2,67.7,13.8,38.1,0.3,1.7,2.1,4.2,3.1,4.4,32.3,13.7,11.4,3.1,2.8,1.3,3.092016292301168,20.5,12.1,14.3,4.8,17.0,26.8,4.5,72.1,35.7,36.4,0.8,11.8,8.0,3.8,14.1,12.9,0.2,0.9,0.2,1.2
E07000131,Harborough,2.459919,10.025693,50.9,34.3,11.4,2.7,0.8,3.5,74.0,15.2,40.9,0.5,3.0,3.3,6.1,2.5,2.5,26.0,15.5,3.9,3.0,2.0,1.7,2.450212394812075,18.1,13.3,16.3,4.6,12.1,31.8,3.8,78.1,38.4,39.7,1.2,8.4,1.4,7.0,11.2,10.1,0.2,0.8,0.1,1.1
E07000132,Hinckley and Bosworth,3.8548083,10.456712,46.3,35.8,13.3,3.6,1.0,4.6,72.7,14.7,42.6,0.4,2.0,2.5,5.1,3.1,2.4,27.3,16.6,3.4,3.2,2.8,1.2,3.149930516238612,24.4,14.3,16.1,4.8,12.4,24.1,4.0,76.7,37.2,39.6,0.6,10.3,7.1,3.2,11.4,10.3,0.1,0.8,0.2,1.0
E07000133,Melton,3.3916206,10.5207205,48.3,35.5,12.5,2.9,0.8,3.7,74.2,15.3,41.9,0.4,2.5,2.9,5.7,2.9,2.7,25.8,15.8,3.3,3.4,2.1,1.2,2.887295359220674,21.4,14.0,16.5,4.8,12.7,26.2,4.5,72.1,36.0,36.2,0.9,11.2,8.4,2.7,14.2,12.7,0.4,0.9,0.3,1.6
E07000134,North West Leicestershire,4.5947585,10.905441,45.4,35.5,13.9,4.0,1.2,5.2,71.5,14.4,42.0,0.3,1.8,2.3,4.8,3.4,2.4,28.5,16.1,3.8,3.8,3.4,1.4,3.443899877472431,26.0,13.2,15.4,4.5,12.4,24.3,4.3,72.5,34.7,37.8,0.8,14.3,10.7,3.6,11.3,10.2,0.1,0.9,0.1,1.2
E07000135,Oadby and Wigston,4.402533,10.750714,45.2,36.6,13.4,3.7,1.1,4.800000000000001,68.9,15.1,38.2,0.4,2.0,2.1,4.1,3.2,3.9,31.1,15.0,8.7,3.2,2.7,1.5,3.220825060666225,22.6,13.3,15.1,4.3,14.7,24.8,5.4,80.8,42.5,38.3,0.8,7.5,5.4,2.2,9.9,9.0,0.1,0.7,0.1,1.0
E07000136,Boston,5.1382136,11.700783,40.7,37.5,15.9,4.7,1.2,5.9,69.8,15.8,39.5,0.4,1.9,1.9,4.1,4.2,2.1,30.2,16.6,3.1,3.9,4.4,2.3,4.162262715088995,32.7,14.5,15.3,3.3,9.3,15.1,9.9,63.9,33.9,30.0,0.8,18.2,6.1,12.1,15.7,14.3,0.3,0.8,0.3,1.4
E07000137,East Lindsey,5.488168,12.725241,38.2,35.3,18.3,6.4,1.9,8.3,60.8,14.3,29.8,0.5,2.5,2.7,5.2,4.0,1.9,39.2,24.1,3.2,4.4,5.8,1.8,3.968857577455768,32.6,14.2,15.6,4.3,10.5,18.1,4.8,69.2,42.4,26.8,0.8,11.0,2.6,8.4,17.3,15.3,0.6,1.1,0.3,1.7
E07000138,Lincoln,6.939727,8.711426,44.2,36.6,13.9,4.2,1.2,5.4,69.2,13.9,37.0,0.2,1.1,1.6,3.5,4.9,7.0,30.8,11.2,8.8,4.0,4.6,2.2,4.935943110216969,21.9,13.2,16.1,3.7,18.4,21.3,5.3,55.1,24.4,30.7,0.6,21.9,18.5,3.4,21.0,19.4,0.1,1.3,0.2,1.5
E07000139,North Kesteven,3.1109505,10.9098015,46.0,35.1,13.9,3.9,1.1,5.0,70.0,14.5,40.8,0.4,1.9,2.4,4.8,2.9,2.4,30.0,18.9,3.2,3.7,2.9,1.1,2.912893049760863,21.7,13.8,17.3,4.4,13.2,25.4,4.2,74.4,37.2,37.1,0.5,10.2,8.0,2.2,13.5,10.7,1.3,0.9,0.6,1.5
E07000140,South Holland,5.0053205,11.865806,40.5,37.6,15.8,4.7,1.4,6.1,69.3,13.2,40.2,0.4,2.1,2.3,5.2,4.0,1.9,30.7,18.6,2.9,4.0,3.6,1.6,3.9612015018773454,30.8,15.3,16.5,3.7,10.0,15.8,7.9,72.5,39.2,33.3,0.7,12.7,10.3,2.4,12.7,11.2,0.4,0.8,0.2,1.4
E07000141,South Kesteven,3.9202795,10.5006895,46.8,35.1,13.3,3.7,1.0,4.7,72.2,15.0,41.2,0.4,2.0,2.7,5.1,3.3,2.6,27.8,16.5,3.2,3.7,2.9,1.5,3.3374777792620143,21.6,13.8,17.2,4.6,12.4,25.6,4.8,69.4,33.6,35.8,0.9,13.4,10.4,3.1,14.6,13.3,0.2,0.9,0.2,1.6
E07000142,West Lindsey,3.7646704,12.048889,44.0,35.9,14.7,4.2,1.1,5.300000000000001,68.3,15.0,36.9,0.4,2.3,2.7,4.9,3.8,2.3,31.7,18.9,3.6,4.0,3.8,1.4,3.81041034014436,23.0,13.9,16.6,5.1,11.9,25.3,4.2,72.6,38.2,34.4,1.0,11.1,2.4,8.7,13.7,12.0,0.6,0.9,0.3,1.7
E07000150,Corby,5.381961,9.718885,45.9,35.2,13.1,4.4,1.4,5.800000000000001,73.6,13.6,46.4,0.2,1.1,1.3,3.3,4.9,2.8,26.4,12.4,3.3,3.9,5.0,1.8,4.932406934671136,27.6,17.3,17.1,4.1,11.1,14.9,7.8,62.1,23.5,38.7,0.4,20.9,17.7,3.2,15.2,14.2,0.1,0.8,0.1,1.3
E07000151,Daventry,3.2411842,9.577445,48.4,35.3,12.1,3.3,0.9,4.2,72.4,13.8,41.2,0.4,2.5,3.0,5.9,3.0,2.6,27.6,15.3,3.4,3.6,2.5,2.7,3.01678314365883,18.9,14.8,17.0,4.4,11.8,28.8,4.3,71.7,33.3,38.4,0.9,13.9,4.1,9.9,12.1,11.0,0.2,0.8,0.2,1.4
E07000152,East Northamptonshire,3.4709132,9.616923,46.9,35.9,12.8,3.4,1.0,4.4,72.7,13.7,42.8,0.4,2.0,2.5,5.7,3.4,2.3,27.3,15.2,4.0,4.0,2.9,1.3,3.3901533187315493,22.3,15.3,17.6,4.4,11.8,24.2,4.4,72.4,32.0,40.4,0.5,13.3,2.3,11.0,12.5,11.3,0.3,0.9,0.1,1.2
E07000153,Kettering,4.654158,9.613697,46.0,36.3,12.9,3.7,1.0,4.7,73.6,14.7,43.1,0.3,1.8,2.3,4.8,4.0,2.6,26.4,14.3,3.1,3.9,3.5,1.6,4.016489988221437,22.8,15.5,17.0,4.3,11.8,23.3,5.3,69.4,30.4,39.0,0.9,13.1,8.8,4.2,15.2,13.9,0.1,1.1,0.1,1.4
E07000154,Northampton,5.133168,9.175479,46.4,36.5,12.5,3.6,1.0,4.6,74.2,13.5,43.9,0.3,1.4,1.8,4.5,4.6,4.1,25.8,11.2,5.1,3.9,3.7,1.9,4.639585822381521,22.5,14.9,15.8,3.6,12.4,23.7,7.1,62.7,25.1,37.5,1.3,17.0,12.8,4.3,17.8,16.5,0.1,1.1,0.2,1.2
E07000155,South Northamptonshire,2.3639228,9.471436,50.7,34.9,11.0,2.6,0.8,3.4000000000000004,76.1,14.4,43.4,0.5,2.6,3.3,6.9,2.4,2.7,23.9,14.7,3.0,3.4,1.7,1.1,2.368383049052486,17.4,14.0,16.7,4.5,12.5,31.1,3.9,76.3,34.6,41.6,1.0,10.1,2.6,7.5,11.1,9.9,0.2,0.7,0.2,1.5
E07000156,Wellingborough,5.088803,10.269208,43.7,37.0,14.2,3.9,1.2,5.1,71.6,13.6,42.6,0.3,1.6,1.9,4.3,4.7,2.6,28.4,14.7,3.4,4.3,3.8,2.2,4.673732601200357,25.7,16.0,16.5,4.1,10.8,20.4,6.4,66.4,29.9,36.5,1.0,17.7,5.4,12.3,13.6,12.4,0.1,0.9,0.2,1.3
E07000170,Ashfield,7.023719,11.815362,42.1,34.5,16.3,5.7,1.5,7.2,68.1,14.7,39.5,0.3,1.2,1.7,3.8,4.7,2.2,31.9,16.5,3.3,4.5,5.6,1.9,4.702568238354328,31.4,16.4,16.4,4.3,12.0,15.1,4.4,69.2,33.3,35.9,0.5,16.2,12.7,3.5,12.8,11.6,0.1,1.0,0.1,1.3
E07000171,Bassetlaw,6.3104777,11.879139,42.8,34.7,15.8,5.2,1.5,6.7,67.9,15.3,37.9,0.4,1.8,2.0,4.2,4.0,2.4,32.1,17.1,3.5,3.8,5.1,2.7,3.954144409099094,28.5,14.6,16.4,4.1,11.3,20.2,4.8,69.5,34.2,35.3,0.4,15.9,12.9,3.0,12.5,11.2,0.2,0.9,0.2,1.7
E07000172,Broxtowe,4.4829574,11.043635,45.5,35.0,14.3,4.1,1.1,5.199999999999999,69.7,14.5,40.7,0.3,1.6,2.0,3.9,3.9,2.9,30.3,16.5,5.6,3.3,3.5,1.4,3.868927218564967,23.1,12.9,14.9,4.5,12.1,28.2,4.2,73.2,37.1,36.1,0.4,11.1,9.0,2.2,14.1,12.6,0.3,0.9,0.2,1.2
E07000173,Gedling,4.5822744,11.489046,45.1,35.2,14.5,4.1,1.2,5.3,71.4,15.5,39.8,0.4,1.9,2.3,4.8,4.1,2.7,28.6,16.5,3.6,3.3,3.6,1.5,4.071610393352865,23.6,13.7,15.8,4.6,12.9,25.3,4.1,75.3,37.7,37.6,0.5,10.0,4.0,6.0,13.1,11.9,0.1,1.0,0.2,1.1
E07000174,Mansfield,7.2884407,11.981484,41.4,34.4,16.2,6.2,1.8,8.0,67.9,15.1,38.7,0.3,1.4,1.7,3.8,4.6,2.4,32.1,15.7,3.4,4.5,6.5,2.0,4.597239323439829,30.4,15.7,16.5,3.7,12.1,16.4,5.3,66.6,32.6,33.9,0.4,18.2,13.8,4.4,13.6,12.5,0.1,0.9,0.1,1.2
E07000175,Newark and Sherwood,5.2512836,11.583696,44.9,34.6,14.7,4.6,1.3,5.9,68.9,15.1,38.0,0.4,2.1,2.4,4.8,3.6,2.5,31.1,17.1,3.8,4.1,4.3,2.0,3.559332105294432,25.1,14.3,16.1,4.0,11.9,24.2,4.5,70.6,35.7,35.0,0.5,14.5,10.4,4.0,12.9,11.6,0.2,0.9,0.2,1.5
E07000176,Rushcliffe,2.7283795,10.450811,51.9,32.6,11.5,3.1,0.9,4.0,71.9,14.6,40.5,0.5,2.4,2.9,5.0,2.8,3.3,28.1,15.9,5.5,3.0,2.2,1.5,2.751532412853693,16.4,10.4,14.4,3.4,13.1,39.0,3.4,76.7,39.2,37.5,0.7,8.4,2.3,6.1,13.3,12.2,0.1,0.8,0.2,0.9
E06000019,"Herefordshire, County of UA",2.4209578,11.911312,45.7,35.2,13.9,4.1,1.2,5.3,71.3,15.2,36.0,0.5,2.7,3.5,7.6,3.3,2.4,28.7,16.6,3.6,3.5,3.4,1.6,3.262091395512657,22.9,12.8,16.0,3.6,12.0,27.5,5.2,67.7,39.4,28.3,1.0,13.9,3.4,10.5,15.5,13.6,0.6,0.9,0.3,1.9
E06000051,Shropshire UA,2.6294367,11.8716755,46.5,34.9,13.5,3.9,1.1,5.0,71.0,15.5,37.1,0.5,2.7,3.1,6.4,3.3,2.3,29.0,16.9,3.9,3.4,3.2,1.6,3.282832794383006,22.5,13.1,16.8,3.7,12.2,27.5,4.2,69.2,38.6,30.6,0.6,13.5,5.0,8.5,15.0,13.1,0.6,0.9,0.3,1.8
E06000021,Stoke-on-Trent UA,7.6204104,11.024201,42.0,34.7,15.3,6.2,1.9,8.1,65.5,13.5,36.7,0.3,1.2,1.5,3.3,5.3,3.7,34.5,14.3,5.6,4.7,7.2,2.7,5.314318848190451,33.8,14.4,15.9,3.5,11.9,15.5,5.0,59.4,28.5,31.0,0.4,24.2,18.3,5.8,14.4,13.2,0.1,0.9,0.2,1.7
E06000020,Telford and Wrekin UA,6.096073,10.4375725,45.9,34.3,13.6,4.8,1.4,6.199999999999999,69.5,13.5,41.4,0.2,1.4,1.7,3.6,4.7,2.8,30.5,13.7,5.1,4.8,4.9,2.0,4.7481579011931725,24.6,15.1,17.9,3.3,13.0,20.9,5.1,63.7,27.2,36.5,0.4,19.7,8.1,11.6,15.0,13.6,0.2,0.9,0.2,1.2
E07000192,Cannock Chase,5.794358,10.58588,43.7,35.0,14.5,5.3,1.5,6.8,71.0,15.2,39.9,0.3,1.5,1.7,5.2,4.6,2.6,29.0,14.9,3.6,4.2,4.7,1.7,4.581177186816836,28.2,16.3,17.8,3.6,12.7,17.2,4.2,69.1,30.5,38.7,0.6,16.9,13.0,3.9,12.1,11.1,0.1,0.9,0.1,1.2
E07000193,East Staffordshire,5.0104227,10.663643,45.9,35.7,13.5,3.9,1.1,5.0,70.5,14.6,40.7,0.4,1.7,2.2,4.4,3.8,2.7,29.5,15.0,3.7,4.4,3.7,2.5,3.81776809256071,24.7,14.2,16.1,4.2,11.7,23.4,5.7,69.6,35.1,34.5,0.6,13.5,4.2,9.3,15.1,13.8,0.2,1.0,0.2,1.3
E07000194,Lichfield,3.4886863,11.362953,46.9,34.8,13.2,3.9,1.2,5.1,69.4,14.6,38.6,0.4,2.4,2.6,5.1,3.4,2.4,30.6,18.6,3.7,3.5,3.0,1.8,3.3856361277204807,22.4,13.7,16.0,3.5,11.8,28.4,4.1,75.6,38.7,36.9,0.6,13.2,1.6,11.6,9.5,8.4,0.2,0.7,0.2,1.1
E07000195,Newcastle-under-Lyme,6.166636,11.425239,44.7,34.5,14.4,5.1,1.4,6.5,66.7,13.8,37.8,0.3,1.7,1.8,3.8,3.7,3.9,33.3,16.1,7.6,3.2,4.7,1.7,3.658417718091731,26.8,12.7,15.7,3.9,14.5,22.5,4.0,69.1,35.2,33.9,0.4,18.7,6.5,12.3,10.5,9.4,0.1,0.8,0.2,1.3
E07000196,South Staffordshire,3.3906274,11.51278,45.3,35.5,13.8,4.1,1.3,5.4,69.9,15.1,38.4,0.5,2.4,2.3,5.2,3.3,2.6,30.1,18.3,3.9,3.2,2.8,2.0,3.3078123838549023,24.0,13.9,16.5,4.0,12.5,25.1,3.9,75.7,40.1,35.7,0.6,13.9,1.5,12.5,8.5,7.6,0.2,0.6,0.1,1.3
E07000197,Stafford,3.7926037,11.055866,46.1,35.6,13.2,3.9,1.1,5.0,70.2,14.5,40.0,0.4,2.1,2.2,4.4,3.1,3.4,29.8,16.7,5.1,3.0,3.1,2.0,3.1121206203685623,20.4,12.7,15.8,3.5,12.9,30.3,4.4,71.6,36.4,35.2,0.5,13.7,4.3,9.3,12.9,11.2,0.3,0.8,0.6,1.3
E07000198,Staffordshire Moorlands,4.366085,12.256405,44.2,35.1,14.9,4.6,1.4,6.0,69.3,14.6,38.1,0.5,2.3,2.5,6.0,2.8,2.5,30.7,19.1,3.3,2.9,4.1,1.3,2.817507109662204,26.6,12.8,16.0,4.2,12.3,23.7,4.4,79.7,44.1,35.6,0.3,8.9,3.2,5.6,9.8,8.6,0.1,1.0,0.2,1.3
E07000199,Tamworth,5.545213,10.022478,45.6,35.2,13.4,4.4,1.3,5.7,72.5,15.1,43.1,0.2,1.1,1.6,4.1,4.5,2.7,27.5,14.3,3.5,4.2,4.1,1.4,4.470993964773987,26.8,17.4,17.8,3.7,12.5,17.4,4.3,68.2,27.8,40.4,0.5,19.3,14.2,5.1,11.0,10.0,0.0,0.9,0.1,0.9
E07000218,North Warwickshire,4.9678974,11.1089,45.1,34.8,14.1,4.6,1.4,6.0,71.8,14.6,41.1,0.4,2.1,2.3,5.4,3.6,2.3,28.2,16.5,3.3,3.3,3.5,1.5,3.599740090968161,27.9,15.3,16.8,4.1,11.9,19.8,4.3,72.4,34.9,37.5,0.7,14.4,10.4,4.0,11.3,10.2,0.1,0.8,0.2,1.2
E07000219,Nuneaton and Bedworth,5.875373,10.682665,44.0,35.3,14.5,4.8,1.4,6.199999999999999,70.8,14.8,41.7,0.2,1.3,1.6,3.7,4.7,2.7,29.2,15.6,3.6,3.9,4.4,1.7,4.737756542512759,28.0,15.6,16.4,4.8,11.6,18.6,5.0,71.4,33.3,38.1,0.5,14.5,11.0,3.5,12.7,11.5,0.1,1.0,0.1,1.0
E07000220,Rugby,3.8605657,10.204781,47.7,35.3,12.6,3.5,1.0,4.5,73.5,13.9,44.6,0.3,1.6,2.2,4.7,3.6,2.5,26.5,14.7,3.9,3.5,2.8,1.5,3.591308291757721,19.6,13.3,16.0,5.3,11.7,28.2,6.0,69.5,32.9,36.6,1.0,14.3,9.2,5.1,14.1,12.6,0.4,0.7,0.3,1.2
E07000221,Stratford-on-Avon,2.3155413,11.453597,48.2,34.8,12.7,3.4,0.9,4.3,72.1,14.4,38.5,0.5,2.7,4.0,6.9,2.5,2.6,27.9,17.3,3.4,3.5,2.3,1.4,2.455316432609885,19.3,12.0,15.6,3.6,11.7,33.4,4.4,71.8,39.1,32.7,1.1,12.9,1.1,11.8,12.7,11.3,0.4,0.7,0.3,1.5
E07000222,Warwick,5.626806,8.172046,50.6,33.9,11.4,3.1,0.9,4.0,71.3,13.1,41.9,0.4,1.9,2.8,4.7,3.0,3.5,28.7,12.9,9.0,2.9,2.6,1.3,3.030627022928958,16.4,10.1,12.7,3.3,14.4,38.4,4.6,66.7,32.6,34.0,0.9,13.4,9.1,4.3,17.9,16.7,0.2,0.8,0.2,1.2
E08000025,Birmingham,7.498707,10.061976,45.5,33.9,13.9,5.0,1.6,6.6,64.2,12.7,33.1,0.4,1.3,2.0,3.3,7.1,4.4,35.8,10.7,9.7,6.4,5.3,3.7,7.117903011106844,28.2,13.3,13.8,2.1,13.0,23.0,6.6,55.2,25.9,29.3,1.0,24.2,15.4,8.8,17.9,16.7,0.1,0.8,0.2,1.7
E08000026,Coventry,7.1373935,9.075207,46.0,34.6,13.3,4.7,1.4,6.1,66.3,12.9,36.5,0.2,1.1,1.6,3.3,5.4,5.4,33.7,12.0,10.4,4.3,4.5,2.4,5.404729353821737,23.9,13.3,14.1,4.0,14.2,23.0,7.4,60.6,29.3,31.3,0.6,17.0,5.4,11.6,20.6,19.0,0.1,1.1,0.4,1.2
E08000027,Dudley,7.038886,11.879071,42.4,35.8,15.3,5.1,1.4,6.5,68.6,15.0,38.2,0.3,1.3,1.9,4.1,5.3,2.5,31.4,16.2,4.3,4.6,4.4,2.0,5.320960101620458,30.0,14.3,16.7,3.5,11.9,19.2,4.4,68.8,34.9,33.8,0.5,19.8,16.8,3.0,9.2,8.4,0.1,0.6,0.1,1.6
E08000028,Sandwell,7.5490527,10.520958,41.9,34.8,15.6,5.9,1.8,7.7,66.8,13.6,37.1,0.3,1.1,1.5,3.1,7.3,2.9,33.2,13.0,5.3,5.9,5.8,3.2,7.31135083914937,35.2,14.4,14.7,2.7,10.4,15.4,7.3,56.9,26.5,30.4,0.6,27.5,22.7,4.8,12.9,12.0,0.1,0.7,0.1,2.1
E08000029,Solihull,4.420132,10.887271,47.5,34.2,13.1,4.0,1.2,5.2,70.8,14.6,39.9,0.4,2.0,2.3,4.6,4.2,2.8,29.2,16.2,4.4,3.7,3.3,1.5,4.249123753033163,22.7,13.6,16.1,3.4,11.7,28.5,4.0,73.9,37.4,36.4,0.6,14.9,11.9,3.1,9.9,9.1,0.1,0.6,0.1,0.7
E08000030,Walsall,7.4309487,10.604782,42.2,35.1,15.5,5.6,1.7,7.3,66.1,14.0,35.3,0.4,1.5,1.7,3.8,6.8,2.7,33.9,15.0,5.0,5.8,5.2,2.9,6.774875764426433,33.7,14.6,15.3,3.0,10.8,16.9,5.7,62.4,31.1,31.3,0.6,24.1,10.0,14.1,11.7,10.7,0.1,0.7,0.2,1.3
E08000031,Wolverhampton,7.5551324,10.500026,41.8,35.3,15.7,5.5,1.7,7.2,66.9,13.5,35.5,0.3,1.3,1.5,3.3,7.8,3.6,33.1,13.2,6.1,5.3,5.4,3.1,7.849074634826622,31.2,14.1,14.9,2.7,10.6,19.5,6.9,56.6,28.8,27.8,0.4,28.0,22.3,5.7,13.2,12.3,0.1,0.7,0.2,1.8
E07000234,Bromsgrove,3.4135609,11.140518,49.1,33.4,12.7,3.7,1.1,4.800000000000001,71.8,15.3,39.4,0.5,2.6,2.9,5.5,3.1,2.5,28.2,16.3,4.2,2.8,2.5,2.4,3.0527821611338064,21.3,12.8,15.8,4.1,11.7,30.5,3.7,79.5,40.6,38.9,0.6,10.0,3.0,7.0,8.8,7.9,0.2,0.6,0.1,1.1
E07000235,Malvern Hills,2.4546244,11.99948,45.6,35.1,14.1,3.9,1.4,5.3,67.8,14.4,33.7,0.5,2.8,4.0,6.9,3.2,2.3,32.2,19.2,4.8,3.5,3.2,1.5,3.158170130064285,20.3,11.2,15.5,3.8,11.4,33.9,3.9,71.9,42.5,29.4,0.8,14.1,1.7,12.4,11.5,10.4,0.2,0.8,0.2,1.7
E07000236,Redditch,5.399786,9.595755,46.8,34.9,13.0,4.2,1.2,5.4,73.9,14.4,43.8,0.2,1.4,2.1,4.4,4.6,3.0,26.1,13.0,3.8,3.9,3.8,1.6,4.601506645554436,25.1,15.8,17.0,3.7,12.0,20.7,5.6,65.7,26.5,39.1,0.4,21.2,16.4,4.7,11.7,10.7,0.1,0.9,0.1,1.1
E07000237,Worcester,5.4778986,8.804283,47.4,34.9,12.8,3.8,1.0,4.8,73.5,15.0,41.9,0.2,1.3,2.1,4.2,4.2,4.6,26.5,12.2,5.5,3.7,3.4,1.7,4.184949987735412,21.3,12.7,14.9,3.9,14.5,27.7,5.0,64.4,29.0,35.4,1.0,15.3,5.6,9.7,18.2,16.9,0.1,1.0,0.2,1.1
E07000238,Wychavon,3.005593,11.5952215,46.4,35.6,13.3,3.7,1.0,4.7,71.7,15.0,38.4,0.5,2.6,3.2,6.3,3.1,2.5,28.3,17.4,3.3,3.4,2.7,1.6,3.1293503819562245,22.1,13.1,15.6,4.0,11.6,28.7,4.8,72.7,38.7,34.0,0.5,14.5,1.6,12.9,11.0,9.8,0.3,0.7,0.2,1.4
E07000239,Wyre Forest,5.1970086,11.893128,43.6,35.2,15.2,4.6,1.4,6.0,68.7,15.2,37.4,0.4,1.8,2.5,5.0,4.2,2.2,31.3,18.5,3.3,3.6,4.1,1.7,4.204283087472867,27.8,14.2,16.1,3.8,11.4,22.1,4.6,70.6,37.7,33.0,0.6,14.4,6.7,7.7,13.2,12.0,0.1,1.0,0.1,1.2
E06000055,Bedford UA,4.144983,9.460624,46.9,36.0,12.6,3.6,1.0,4.6,71.9,13.9,40.4,0.4,1.9,2.5,4.8,4.4,3.6,28.1,12.8,5.5,4.3,3.3,2.3,4.447804226293028,20.4,13.8,15.2,3.9,11.8,28.1,6.8,65.7,31.4,34.3,1.0,16.1,1.8,14.3,15.8,14.6,0.2,0.8,0.3,1.3
E06000056,Central Bedfordshire UA,3.1275125,9.579623,49.1,35.5,11.5,3.0,0.8,3.8,74.7,14.0,43.6,0.4,2.0,2.7,6.0,3.5,2.8,25.3,13.5,4.2,3.9,2.4,1.3,3.4517674034865906,19.4,14.9,17.0,4.7,12.6,27.3,4.1,72.6,31.6,40.9,0.8,13.4,5.2,8.2,12.1,10.5,0.4,0.7,0.4,1.1
E06000032,Luton UA,5.1491933,7.2223043,46.6,36.1,12.4,3.7,1.2,4.9,69.1,12.7,36.7,0.4,1.5,2.0,4.5,5.7,5.5,30.9,9.9,7.4,6.7,3.8,3.3,5.741419205553413,23.6,14.6,14.5,3.3,11.1,22.3,10.7,60.2,25.1,35.1,0.4,15.8,10.7,5.0,22.6,21.3,0.1,1.0,0.3,1.0
E06000031,Peterborough UA,5.091498,9.86638,44.3,37.3,13.3,4.0,1.1,5.1,72.3,14.1,42.9,0.3,1.5,2.0,3.8,5.1,2.7,27.7,11.6,3.9,5.5,4.1,2.6,5.056757206124638,25.0,15.4,16.2,3.5,10.8,20.2,8.9,59.3,25.8,33.4,0.9,19.5,6.4,13.1,19.1,17.4,0.4,0.9,0.4,1.2
E06000033,Southend-on-Sea UA,5.7859416,12.19432,45.1,35.1,14.1,4.5,1.3,5.8,70.7,14.4,38.4,0.4,1.7,2.7,5.5,5.0,2.7,29.3,14.1,3.8,5.0,4.2,2.1,4.966921852376267,24.6,16.4,17.5,3.0,11.4,21.8,5.3,65.2,30.7,34.4,0.4,11.5,6.8,4.7,22.0,20.7,0.1,1.0,0.2,0.9
E06000034,Thurrock UA,5.2340913,9.636631,48.2,34.7,12.3,3.7,1.0,4.7,74.0,14.3,42.6,0.3,1.5,1.8,5.2,5.4,2.7,26.0,11.7,3.5,5.2,3.5,2.1,5.42392485366794,26.5,18.1,17.5,3.4,10.9,17.4,6.1,66.2,25.5,40.7,0.5,18.4,16.1,2.3,14.1,13.2,0.1,0.7,0.1,0.8
E07000008,Cambridge,6.6158543,8.299993,54.7,32.0,9.7,2.9,0.8,3.7,64.0,10.2,38.0,0.2,1.3,2.3,3.6,2.7,5.7,36.0,7.1,21.8,3.0,2.5,1.6,2.6871381622457595,11.9,6.9,8.6,1.9,16.9,47.3,6.4,47.5,24.9,22.5,1.1,23.6,15.2,8.4,26.2,23.9,0.6,0.8,0.9,1.6
E07000009,East Cambridgeshire,2.7219822,9.310236,48.8,35.2,12.1,3.1,0.8,3.9,75.6,14.5,44.0,0.4,2.3,3.1,6.1,2.9,2.3,24.4,13.5,2.9,4.2,2.4,1.3,2.8774253055308496,20.9,13.1,15.6,4.3,11.4,29.0,5.5,68.5,32.2,36.3,1.5,14.3,1.3,13.0,13.2,12.0,0.3,0.8,0.2,2.5
E07000010,Fenland,5.067924,11.794155,39.4,37.8,16.5,4.8,1.4,6.199999999999999,69.1,14.0,39.4,0.3,1.7,2.0,5.2,4.2,2.1,30.9,17.1,3.1,4.3,4.5,2.0,4.232002079182188,31.2,15.6,17.0,4.0,10.4,14.9,6.9,70.0,35.7,34.3,0.5,12.4,2.2,10.2,15.6,14.3,0.1,1.0,0.2,1.4
E07000011,Huntingdonshire,3.2125802,9.458904,48.8,35.7,11.6,3.1,0.9,4.0,74.6,14.2,45.1,0.4,1.8,2.4,4.9,3.2,2.6,25.4,14.1,3.2,3.8,2.5,1.9,3.156861806519553,19.2,14.6,17.0,3.8,12.4,27.9,5.1,71.2,32.0,39.3,0.7,12.9,2.6,10.3,14.1,12.5,0.4,0.9,0.3,1.0
E07000012,South Cambridgeshire,1.6415435,9.630587,52.5,33.7,10.6,2.5,0.7,3.2,76.2,14.5,45.0,0.4,2.2,3.4,5.6,2.3,2.8,23.8,13.0,4.0,3.6,2.0,1.3,2.318633500032474,15.3,11.1,14.4,3.9,11.3,40.1,4.0,70.3,34.6,35.6,2.1,14.3,9.1,5.1,12.0,10.4,0.6,0.6,0.4,1.4
E07000066,Basildon,5.042763,9.878511,46.2,35.0,13.3,4.2,1.3,5.5,71.2,14.2,40.3,0.3,1.7,2.1,5.5,4.6,2.4,28.8,13.9,3.4,5.7,3.9,1.8,4.647243531141938,26.6,18.4,17.6,3.6,10.7,18.6,4.3,65.9,28.9,37.0,1.0,22.0,14.2,7.8,10.2,9.4,0.1,0.6,0.1,0.9
E07000067,Braintree,3.6748726,9.579599,47.5,35.7,12.4,3.4,0.9,4.3,73.8,14.8,41.1,0.4,2.0,2.9,6.3,3.8,2.5,26.2,14.1,3.0,4.6,3.1,1.5,3.7613148672201504,22.8,16.5,18.1,3.9,12.0,22.2,4.4,68.6,30.5,38.1,0.6,16.5,3.9,12.6,13.2,12.0,0.2,0.8,0.2,1.1
E07000068,Brentwood,2.0553877,9.175374,51.0,33.3,11.6,3.1,0.9,4.0,72.0,13.5,40.9,0.5,2.4,3.2,6.1,3.1,2.3,28.0,14.9,4.4,4.8,2.3,1.5,3.147718046035612,19.4,14.2,17.2,3.3,11.4,30.7,3.8,75.1,38.0,37.2,0.6,11.7,8.8,2.9,11.3,10.3,0.2,0.6,0.2,1.3
E07000069,Castle Point,4.386688,11.801367,43.5,36.1,14.7,4.4,1.3,5.7,68.2,14.7,36.4,0.3,1.9,2.3,6.5,3.5,2.4,31.8,19.4,2.9,4.8,3.2,1.6,3.5419181134527897,29.9,18.0,17.8,4.6,10.6,14.6,4.4,82.6,43.1,39.5,0.3,5.3,4.0,1.4,10.9,9.8,0.0,0.9,0.2,0.9
E07000070,Chelmsford,3.1653516,9.460446,50.2,34.7,11.4,2.8,0.8,3.6,73.8,14.7,42.4,0.4,1.9,2.7,5.4,3.4,3.0,26.2,14.1,3.9,4.2,2.3,1.6,3.414097806666505,18.9,15.0,17.3,3.6,12.5,28.8,3.9,73.2,34.0,39.2,0.6,13.1,2.1,11.0,12.0,10.9,0.2,0.7,0.2,1.1
E07000071,Colchester,5.49141,8.542601,48.8,34.8,12.1,3.3,1.0,4.3,71.1,14.4,39.3,0.3,1.7,2.4,5.0,3.5,4.4,28.9,13.1,7.0,4.1,3.2,1.5,3.466031953454365,19.4,14.3,16.7,3.4,13.8,27.2,5.2,66.3,31.9,34.4,0.5,13.5,8.2,5.3,18.7,16.3,0.7,1.0,0.7,1.0
E07000072,Epping Forest,2.0092375,9.1437435,49.3,33.8,12.4,3.6,1.0,4.6,72.1,13.3,38.3,0.6,3.1,3.5,7.3,3.6,2.3,27.9,14.1,4.5,4.9,2.6,1.9,3.5962569795413915,24.0,15.6,16.3,3.3,11.1,25.3,4.5,72.3,34.8,37.5,0.4,15.0,11.9,3.1,11.0,10.2,0.2,0.5,0.1,1.3
E07000073,Harlow,5.3858037,9.624237,45.1,35.9,13.7,4.1,1.2,5.3,74.7,14.7,43.1,0.2,1.2,2.0,5.2,5.2,3.1,25.3,11.3,3.6,4.7,3.7,1.9,5.186725527961956,26.0,18.8,17.2,3.6,11.2,17.6,5.6,56.1,21.2,34.9,0.9,31.2,26.9,4.3,10.8,10.0,0.1,0.7,0.1,0.9
E07000074,Maldon,3.2795331,11.7341,46.2,35.6,13.4,3.7,1.1,4.800000000000001,70.2,14.6,36.9,0.5,2.5,3.4,7.0,3.0,2.1,29.8,17.9,3.0,4.7,2.8,1.4,3.041448266748888,23.1,16.0,17.3,4.6,11.2,23.6,4.1,78.4,40.0,38.5,0.4,10.4,0.6,9.8,9.7,8.6,0.2,0.8,0.1,1.1
E07000075,Rochford,3.6514556,11.377827,47.8,34.9,13.0,3.4,0.9,4.3,70.8,15.2,39.0,0.4,1.9,2.7,6.2,3.0,2.4,29.2,17.7,3.1,4.6,2.3,1.5,3.0384774513860155,23.6,17.8,18.4,4.3,11.9,20.0,4.0,82.9,41.5,41.4,0.2,7.6,1.2,6.4,8.5,7.6,0.1,0.7,0.2,0.8
E07000076,Tendring,5.577105,12.743769,38.4,35.8,18.1,5.8,1.8,7.6,61.7,14.6,30.2,0.4,1.9,2.6,5.3,4.7,2.2,38.3,23.1,3.3,4.6,5.3,2.0,4.670788253477589,34.3,15.2,16.2,4.1,9.5,15.9,4.8,73.7,44.6,29.1,0.4,8.4,4.8,3.6,16.2,14.8,0.1,1.1,0.2,1.3
E07000077,Uttlesford,1.9418685,8.960818,52.5,33.3,10.9,2.6,0.7,3.3,74.4,14.5,40.1,0.5,3.0,3.9,7.2,2.7,2.4,25.6,13.5,4.2,4.9,1.8,1.4,2.674911536979294,17.7,13.9,17.2,3.3,12.0,31.9,4.0,71.6,34.1,37.5,1.0,12.6,8.5,4.2,13.1,11.5,0.5,0.7,0.4,1.6
E07000095,Broxbourne,4.003844,9.617743,47.7,35.3,12.3,3.6,1.0,4.6,73.1,14.5,40.1,0.4,2.0,2.5,6.7,4.2,2.7,26.9,13.2,4.3,4.8,2.8,1.8,4.1790559031938335,25.5,17.7,17.2,3.7,11.2,19.2,5.4,72.9,32.6,40.4,1.1,14.1,2.9,11.1,11.2,10.4,0.1,0.6,0.1,0.8
E07000096,Dacorum,2.7657177,8.752802,50.3,34.1,11.6,3.2,0.9,4.1000000000000005,74.5,13.8,42.5,0.4,2.0,3.2,6.2,3.7,2.8,25.5,12.4,3.8,4.5,2.7,2.1,3.6672732496887273,18.8,14.7,16.1,3.5,11.6,30.9,4.4,64.9,29.1,35.7,0.6,21.8,17.4,4.4,11.9,10.9,0.2,0.6,0.1,0.9
E07000097,East Hertfordshire,2.4693878,9.084045,52.5,33.7,10.4,2.7,0.7,3.4000000000000004,75.4,14.1,43.7,0.4,2.4,3.3,6.2,2.8,2.4,24.6,12.5,4.4,4.4,2.1,1.3,2.846352891810616,17.2,13.5,16.7,3.2,11.9,33.5,4.0,71.9,32.1,39.7,0.9,12.7,2.0,10.7,13.2,12.2,0.2,0.6,0.2,1.4
E07000098,Hertsmere,2.212574,8.812378,51.5,32.9,11.4,3.2,0.9,4.1000000000000005,73.3,13.5,39.4,0.5,2.7,4.0,6.9,3.7,2.8,26.7,11.2,6.1,4.7,2.8,1.8,3.705723594971403,19.4,14.1,15.8,2.9,11.2,30.8,5.8,67.6,31.4,36.2,1.2,17.4,1.9,15.5,12.5,11.3,0.4,0.5,0.3,1.2
E07000099,North Hertfordshire,2.7057207,8.995611,50.2,34.1,11.8,3.1,0.8,3.9,74.9,14.0,43.9,0.4,2.0,3.1,5.5,3.4,2.7,25.1,13.3,3.7,4.3,2.4,1.3,3.436782865260627,18.0,13.2,15.4,3.5,11.4,34.4,4.2,65.6,30.3,35.3,0.9,19.3,7.1,12.2,13.1,12.1,0.2,0.6,0.2,1.1
E07000100,St Albans,1.9850612,8.414727,55.1,31.9,9.8,2.5,0.7,3.2,74.7,13.5,43.1,0.4,2.4,3.8,5.9,2.7,2.8,25.3,12.3,4.6,4.8,2.1,1.5,2.7187246527743008,12.9,10.0,13.3,2.8,10.4,46.3,4.2,72.7,34.6,38.2,0.5,12.2,8.5,3.7,13.6,12.6,0.2,0.6,0.2,1.1
E07000101,Stevenage,5.266541,9.407351,47.1,35.7,12.7,3.6,1.0,4.6,75.7,14.3,44.4,0.2,1.2,2.0,5.1,4.8,3.6,24.3,11.1,3.7,4.6,3.3,1.7,4.796025447629042,21.5,18.0,17.9,3.8,11.8,22.1,4.9,58.3,22.2,36.1,1.2,28.4,22.8,5.6,11.4,10.4,0.0,0.9,0.1,0.7
E07000102,Three Rivers,2.2057729,8.912264,50.7,34.2,11.2,3.1,0.8,3.9,74.1,13.5,41.2,0.5,2.7,3.9,6.5,3.2,2.6,25.9,12.8,4.5,4.7,2.3,1.7,3.177450352338244,17.6,13.2,15.8,3.3,11.5,33.9,4.6,72.7,34.1,38.6,0.6,15.1,4.8,10.4,10.6,9.3,0.5,0.6,0.2,1.0
E07000103,Watford,3.3466728,8.581909,50.1,34.8,11.0,3.2,0.9,4.1000000000000005,76.6,12.7,46.0,0.3,1.6,2.8,5.7,4.1,3.4,23.4,9.4,4.6,4.6,2.7,2.1,4.061250660028664,17.5,13.3,15.0,2.9,11.7,32.2,7.5,61.6,24.4,37.2,1.2,16.3,4.0,12.3,20.1,18.9,0.2,0.8,0.2,0.8
E07000104,Welwyn Hatfield,5.9589086,8.187793,50.9,33.9,11.2,3.1,0.8,3.9,70.0,12.2,38.4,0.3,1.7,2.4,4.8,3.3,6.7,30.0,10.9,11.0,4.0,2.6,1.5,3.2963662683710773,17.2,13.0,15.0,3.2,15.7,30.0,5.8,57.3,26.5,30.8,0.9,26.9,19.9,7.0,13.6,12.7,0.2,0.5,0.2,1.3
E07000143,Breckland,5.0844326,11.820708,42.2,37.3,15.0,4.3,1.2,5.5,69.1,14.6,38.6,0.3,1.8,2.6,5.3,3.5,2.2,30.9,18.0,3.0,4.2,3.5,2.2,3.506201155283724,28.0,15.0,16.9,4.0,11.1,18.6,6.5,68.6,37.0,31.7,0.6,13.8,2.4,11.4,15.2,13.4,0.5,1.0,0.3,1.8
E07000144,Broadland,3.2837965,11.943475,44.3,37.0,14.0,3.6,1.1,4.7,71.1,16.7,37.8,0.4,2.1,3.0,5.9,2.6,2.6,28.9,18.6,2.8,3.5,2.8,1.2,2.562427329605227,22.9,14.8,17.5,5.5,12.0,23.2,4.3,79.4,43.3,36.1,0.6,8.6,0.9,7.7,10.3,9.1,0.2,0.9,0.1,1.1
E07000145,Great Yarmouth,6.6733956,12.187551,40.3,36.0,16.6,5.5,1.6,7.1,65.5,16.3,32.4,0.3,1.7,2.0,4.3,6.1,2.4,34.5,18.3,3.6,4.9,5.3,2.3,6.0625907680041005,32.8,15.7,16.1,4.7,10.6,14.2,5.9,64.3,35.7,28.6,0.3,17.2,13.8,3.4,16.5,14.9,0.3,1.0,0.2,1.6
E07000146,Kings Lynn and West Norfolk,5.1118803,12.057354,40.9,37.1,15.9,4.8,1.3,6.1,67.3,14.6,36.5,0.4,2.1,2.6,5.2,3.7,2.2,32.7,19.6,3.1,4.3,4.1,1.7,3.6597836590331263,29.3,14.5,16.2,3.8,11.0,19.1,6.1,69.4,39.6,29.9,0.4,13.3,3.1,10.2,14.7,12.4,0.8,0.9,0.5,2.1
E07000147,North Norfolk,3.9355533,12.889799,38.9,37.8,17.2,4.8,1.4,6.199999999999999,63.2,14.6,30.2,0.5,2.5,3.7,6.7,3.3,1.8,36.8,23.8,2.8,4.0,3.9,2.2,3.318013056740232,27.5,14.1,16.2,4.7,10.5,22.3,4.7,70.1,45.8,24.3,0.4,12.8,2.4,10.4,14.5,13.0,0.3,0.9,0.2,2.1
E07000148,Norwich,7.124145,8.840742,44.9,35.4,14.1,4.4,1.2,5.6000000000000005,68.3,13.4,37.2,0.2,1.1,2.0,3.9,5.0,5.4,31.7,10.7,9.5,4.3,4.9,2.2,5.024726420527894,22.6,12.8,13.8,2.6,15.2,27.7,5.2,43.8,20.7,23.2,0.7,32.7,25.2,7.4,21.7,20.1,0.1,1.3,0.2,1.1
E07000149,South Norfolk,3.1012533,11.883511,46.4,35.8,13.4,3.5,1.0,4.5,70.7,15.7,37.6,0.4,2.3,3.4,6.1,2.7,2.5,29.3,18.2,3.2,3.9,2.8,1.3,2.730111823768428,22.6,13.6,17.1,4.2,11.5,27.0,4.0,74.9,40.8,34.1,1.0,11.3,2.7,8.6,11.2,10.0,0.2,0.9,0.1,1.6
E07000200,Babergh,2.8660884,11.635307,46.6,35.8,13.2,3.4,0.9,4.3,70.3,15.2,37.2,0.5,2.2,3.6,6.4,3.0,2.3,29.7,18.2,3.4,4.2,2.5,1.4,2.978993261989695,22.8,14.5,17.5,3.9,11.6,25.8,3.9,71.9,39.6,32.3,0.5,13.1,8.9,4.2,12.6,10.7,0.7,0.9,0.3,2.0
E07000201,Forest Heath,3.7523859,9.352583,48.1,35.5,12.1,3.4,0.9,4.3,75.2,13.0,47.5,0.3,1.7,2.2,5.0,3.2,2.2,24.8,12.3,2.7,4.7,2.6,2.5,3.2052300637868023,25.7,13.6,14.2,4.0,10.3,19.2,13.1,55.9,27.2,28.6,1.4,14.7,5.3,9.4,24.4,21.8,1.1,1.0,0.6,3.6
E07000202,Ipswich,5.302765,9.634242,45.6,35.8,13.5,3.9,1.1,5.0,73.5,16.5,41.2,0.2,1.2,1.8,4.1,5.4,3.1,26.5,11.6,3.8,4.8,4.2,2.1,5.36396101557113,25.8,15.9,16.3,3.8,11.4,20.6,6.2,56.7,25.7,31.0,0.6,21.6,14.2,7.4,19.9,18.7,0.1,0.9,0.2,1.2
E07000203,Mid Suffolk,2.8907216,11.372053,47.9,35.3,12.9,3.1,0.8,3.9,72.2,15.7,38.5,0.5,2.3,3.6,6.6,2.6,2.5,27.8,17.4,2.9,4.0,2.2,1.3,2.553051817390436,22.3,13.9,16.8,4.1,12.4,26.4,3.9,75.1,39.4,35.7,0.9,11.3,8.1,3.1,11.2,9.4,0.7,0.8,0.3,1.6
E07000204,St Edmundsbury,3.3158813,9.707812,47.3,35.7,12.7,3.3,0.9,4.2,73.3,15.3,42.5,0.4,1.9,2.6,4.9,3.0,2.6,26.7,15.4,3.1,3.4,2.6,2.3,3.04194249580081,22.4,14.6,17.2,3.9,12.0,24.6,5.3,66.9,33.7,33.2,0.8,16.0,6.1,9.9,14.8,12.9,0.7,0.8,0.5,1.5
E07000205,Suffolk Coastal,2.9337516,11.89459,46.3,35.5,13.8,3.6,0.9,4.5,69.1,15.9,36.2,0.5,2.3,3.6,5.4,2.7,2.4,30.9,19.4,3.2,3.9,2.6,1.7,2.712747875354108,21.1,13.5,16.7,4.1,11.3,29.0,4.4,73.2,42.5,30.7,0.4,11.3,1.0,10.4,13.6,12.1,0.5,0.7,0.3,1.5
E07000206,Waveney,5.7764215,12.514257,41.1,36.3,16.1,5.1,1.5,6.6,65.3,16.4,32.7,0.4,1.7,2.5,4.6,4.5,2.5,34.7,20.3,3.1,4.6,4.6,2.2,4.5482858433992455,29.8,14.2,16.2,5.4,11.7,17.9,4.7,69.4,40.3,29.1,0.4,14.0,8.3,5.7,14.9,13.6,0.2,1.0,0.1,1.3
E09000007,Camden,5.2980533,5.959871,53.4,30.6,10.4,4.2,1.4,5.6,68.1,7.9,38.5,0.5,2.5,3.8,6.7,4.5,3.8,31.9,6.9,13.1,4.5,4.4,3.0,4.46117825729292,12.7,6.8,7.8,0.8,12.1,50.5,9.2,32.2,17.1,15.1,0.7,33.1,23.0,10.1,32.2,30.5,0.3,1.0,0.5,1.8
E09000001,City of London,5.133744,5.8832564,55.8,32.2,8.7,2.6,0.8,3.4000000000000004,78.8,5.7,51.5,0.5,4.5,3.4,8.1,3.0,2.3,21.2,9.2,5.8,2.4,1.8,2.0,2.964959568733154,6.7,4.3,6.6,0.7,7.2,68.4,6.2,42.3,24.9,17.4,0.3,16.5,10.4,6.1,35.9,33.1,0.4,1.4,1.0,5.0
E09000012,Hackney,5.3608637,6.176014,52.2,30.7,10.9,4.5,1.7,6.2,71.4,11.4,36.6,0.5,1.6,3.4,6.9,7.0,3.9,28.6,5.6,8.8,4.9,5.2,4.1,7.046627148215534,19.6,9.0,10.0,1.0,9.3,41.8,9.4,23.8,8.5,15.3,2.3,43.7,23.8,19.9,29.0,27.6,0.1,0.9,0.3,1.2
E09000013,Hammersmith and Fulham,5.220823,6.003869,56.5,29.2,9.4,3.6,1.3,4.9,74.0,7.6,45.8,0.4,2.1,3.4,6.4,4.9,3.5,26.0,6.3,8.2,4.6,3.9,3.0,4.8505001648895245,12.8,7.0,8.3,1.2,10.7,49.6,10.5,34.0,15.9,18.1,1.6,31.2,15.7,15.4,31.7,30.0,0.2,1.2,0.3,1.5
E09000014,Haringey,5.129514,6.352588,49.6,33.6,11.2,4.2,1.5,5.7,71.6,11.2,36.5,0.5,2.0,4.3,7.1,6.1,3.9,28.4,6.9,8.3,5.0,4.4,3.9,6.075768406004289,17.8,8.7,10.1,1.0,9.6,40.8,12.0,38.8,16.0,22.8,1.5,26.7,17.0,9.8,31.5,30.3,0.1,0.7,0.3,1.5
E09000019,Islington,5.3498883,6.0675855,51.6,30.7,11.2,4.7,1.7,6.4,71.1,8.2,42.3,0.3,1.9,2.9,6.2,5.4,3.8,28.9,6.2,10.0,4.0,5.3,3.4,5.425403726331979,17.0,8.0,8.4,1.0,9.8,48.1,7.8,28.4,11.3,17.1,1.3,42.1,26.7,15.3,27.0,25.6,0.1,0.9,0.3,1.3
E09000020,Kensington and Chelsea,5.2380943,5.8960257,57.8,28.5,9.1,3.4,1.2,4.6,69.4,6.8,40.6,0.6,3.7,4.1,7.0,4.3,2.3,30.6,8.0,8.7,6.1,3.6,4.1,4.309168781725888,10.1,5.8,7.9,0.7,10.0,52.7,12.9,35.7,22.8,12.8,0.9,24.5,9.2,15.4,35.8,34.0,0.4,0.9,0.5,3.1
E09000022,Lambeth,5.3580995,6.0504236,52.9,32.1,10.3,3.5,1.2,4.7,77.1,9.5,46.5,0.4,1.6,3.0,6.3,6.0,3.8,22.9,5.6,6.8,3.5,3.8,3.3,5.996298321625374,14.2,8.5,9.8,1.1,9.7,46.6,10.1,33.0,11.4,21.6,1.5,35.1,19.6,15.5,29.3,27.7,0.2,1.1,0.4,1.1
E09000023,Lewisham,5.2544336,6.4153523,49.1,34.0,11.7,3.9,1.3,5.2,73.6,11.7,40.1,0.4,1.6,3.0,5.7,6.2,4.9,26.4,7.3,7.3,4.5,4.3,3.1,6.194274078204165,17.7,11.1,12.5,1.4,10.8,38.0,8.5,42.4,14.9,27.5,1.2,31.1,15.6,15.5,24.3,23.0,0.1,1.0,0.3,1.0
E09000025,Newham,5.2277055,6.566044,48.5,34.6,11.3,4.1,1.5,5.6,67.2,11.5,30.9,0.5,1.5,2.6,4.8,6.9,8.4,32.8,5.8,10.9,7.2,4.2,4.7,6.872002725390683,20.6,11.4,11.2,1.0,9.9,30.1,15.7,33.3,12.8,20.5,1.8,29.6,18.3,11.3,34.1,32.6,0.1,0.9,0.5,1.2
E09000028,Southwark,5.367168,6.21407,53.5,31.2,10.4,3.7,1.2,4.9,73.0,9.9,42.2,0.3,1.6,2.7,5.4,6.0,4.9,27.0,5.8,9.9,3.8,4.3,3.3,6.004871944458052,16.3,9.4,10.2,1.1,10.5,43.1,9.3,29.3,9.8,19.5,2.0,43.7,31.2,12.5,23.7,22.2,0.2,0.9,0.3,1.2
E09000030,Tower Hamlets,5.288278,6.2972183,50.6,32.7,10.7,4.4,1.6,6.0,69.8,9.6,39.7,0.5,1.2,2.1,4.5,6.7,5.5,30.2,4.7,9.9,7.0,4.5,4.0,6.745797549757825,20.0,9.3,8.7,0.9,10.1,41.0,10.0,24.2,8.5,15.7,2.4,39.6,17.3,22.3,32.6,30.8,0.1,1.0,0.6,1.2
E09000032,Wandsworth,5.0777135,5.8548093,57.4,29.9,8.9,2.8,0.9,3.7,77.9,7.8,50.9,0.4,2.2,3.2,6.4,3.8,3.3,22.1,6.2,6.0,4.3,2.9,2.7,3.8233011542583553,11.6,6.6,8.4,1.0,10.0,53.6,8.9,45.5,18.4,27.1,1.5,20.3,12.8,7.5,31.7,30.0,0.2,1.2,0.2,1.0
E09000033,Westminster,5.219104,5.9730606,54.2,30.0,10.0,4.2,1.6,5.800000000000001,68.6,7.2,41.5,0.6,2.8,3.1,6.0,4.5,2.8,31.4,6.8,10.2,5.4,4.8,4.1,4.524657417167602,12.8,6.6,7.8,0.8,9.2,50.3,12.6,30.5,17.7,12.9,0.8,25.9,11.9,14.0,39.7,37.6,0.4,1.0,0.6,3.1
E09000002,Barking and Dagenham,5.729707,6.9321494,47.2,33.7,12.9,4.7,1.4,6.1,67.7,12.2,34.9,0.4,1.5,2.4,4.7,7.3,4.3,32.3,8.6,7.4,7.4,5.1,3.7,7.34275053304904,27.9,15.2,15.0,2.1,9.3,20.9,9.7,46.4,17.1,29.3,1.3,33.7,28.4,5.3,17.7,16.6,0.1,0.8,0.3,1.0
E09000003,Barnet,4.9409556,6.9087663,51.5,33.0,11.0,3.4,1.1,4.5,71.4,11.8,36.1,0.7,3.0,4.6,7.3,4.4,3.5,28.6,8.9,8.2,5.5,3.1,3.0,4.440437543288075,15.5,9.7,12.1,1.3,10.2,40.3,10.9,57.6,28.0,29.6,0.9,14.2,8.6,5.6,25.6,24.4,0.2,0.8,0.3,1.6
E09000004,Bexley,4.172213,9.663592,48.0,34.7,12.5,3.7,1.1,4.800000000000001,71.6,13.9,40.3,0.3,1.6,2.2,5.7,4.4,3.2,28.4,13.2,5.5,4.6,3.0,2.0,4.366720108007763,23.0,16.8,17.7,3.8,11.6,21.8,5.4,72.5,32.5,40.0,0.8,14.4,1.8,12.6,11.4,10.5,0.0,0.7,0.1,0.8
E09000005,Brent,5.2204595,6.544692,48.1,34.8,11.8,4.0,1.4,5.4,70.2,11.0,35.8,0.6,2.2,3.5,6.6,5.8,4.7,29.8,8.0,8.5,5.6,3.9,3.9,5.7909689123161305,19.2,10.4,10.9,1.2,9.7,33.3,15.4,42.9,20.3,22.6,1.5,24.1,9.7,14.4,30.1,28.8,0.1,0.8,0.4,1.4
E09000006,Bromley,2.4807591,8.830223,50.1,34.1,11.7,3.2,0.9,4.1000000000000005,72.5,13.0,41.1,0.4,2.2,3.2,6.2,3.9,2.5,27.5,13.3,4.8,4.8,2.7,1.9,3.895047609632469,17.9,13.6,16.1,2.7,11.5,33.1,5.1,70.9,33.4,37.5,0.8,14.1,1.5,12.6,13.3,12.4,0.1,0.6,0.1,0.9
E09000008,Croydon,4.9456334,7.3991013,48.0,35.4,12.0,3.5,1.1,4.6,72.3,12.6,40.2,0.4,1.8,2.7,5.4,5.5,3.8,27.7,9.9,6.3,5.0,3.5,2.8,5.516863842340562,17.6,13.8,15.2,2.1,11.4,31.8,8.0,58.8,24.1,34.7,1.3,17.9,9.9,7.9,21.0,19.8,0.1,0.8,0.2,1.1
E09000009,Ealing,5.1272426,6.674086,49.2,34.5,11.4,3.8,1.2,5.0,71.5,10.2,39.7,0.5,1.9,3.5,6.5,5.2,3.9,28.5,8.3,7.4,5.8,3.6,3.5,5.205646373692456,16.5,9.9,10.5,1.4,9.6,37.0,15.1,51.1,22.9,28.2,1.8,18.1,10.5,7.6,27.5,26.4,0.1,0.8,0.3,1.5
E09000010,Enfield,5.0863223,7.0445952,46.8,35.0,12.7,4.1,1.3,5.4,68.4,13.0,34.5,0.6,2.1,3.1,5.4,5.9,3.8,31.6,9.8,7.7,6.0,4.1,3.9,5.888654786987108,23.0,12.9,13.8,1.9,10.5,28.7,9.2,57.9,26.2,31.7,0.9,17.6,11.4,6.2,22.2,21.2,0.1,0.7,0.2,1.4
E09000011,Greenwich,5.3063745,6.5917993,50.1,32.9,11.5,4.1,1.3,5.4,70.7,11.1,38.5,0.4,1.7,2.5,5.2,6.2,5.2,29.3,8.4,7.5,5.1,4.6,3.6,6.168528614732061,20.6,12.0,13.1,1.9,10.7,33.2,8.5,43.3,16.4,26.9,1.6,34.3,22.6,11.7,19.8,18.5,0.2,0.8,0.3,1.1
E09000015,Harrow,4.890266,7.0932746,47.6,36.0,11.9,3.5,1.1,4.6,70.6,12.3,37.5,0.6,2.6,3.3,6.3,4.5,3.7,29.4,10.4,7.7,5.5,2.9,2.9,4.494394881860476,16.8,10.9,12.8,1.7,10.4,36.8,10.7,65.3,31.1,34.1,1.0,10.6,6.1,4.5,21.7,20.4,0.2,0.8,0.3,1.4
E09000016,Havering,4.7652936,9.979552,46.0,35.6,13.3,4.0,1.2,5.2,71.1,13.7,39.7,0.4,1.8,2.4,5.9,4.5,2.7,28.9,14.3,4.6,4.9,3.2,2.0,4.456897760740499,26.4,16.7,17.4,3.8,11.3,19.4,5.0,73.8,35.6,38.1,0.6,14.2,10.8,3.4,10.6,9.9,0.1,0.6,0.1,0.8
E09000017,Hillingdon,5.006977,7.5183043,48.8,35.3,11.5,3.4,1.0,4.4,70.8,11.9,40.4,0.4,1.7,2.4,4.9,4.3,4.8,29.2,10.2,8.4,5.2,2.9,2.5,4.348108800256094,19.1,14.0,14.2,2.9,12.5,28.0,9.2,62.9,27.9,35.0,1.3,16.7,10.5,6.3,18.1,16.7,0.4,0.6,0.4,1.0
E09000018,Hounslow,5.0577,6.8241496,49.0,35.1,11.2,3.6,1.1,4.7,72.5,10.8,41.9,0.5,1.8,2.9,5.6,4.6,4.4,27.5,8.3,6.7,5.9,3.4,3.2,4.635643179057306,17.3,11.7,11.5,1.7,9.8,34.6,13.4,50.1,21.1,29.0,2.4,22.8,15.1,7.8,23.4,22.2,0.1,0.8,0.3,1.3
E09000021,Kingston upon Thames,5.176087,7.6742477,52.7,33.5,10.3,2.8,0.8,3.6,73.0,11.4,41.4,0.4,2.0,3.3,6.0,3.2,5.3,27.0,9.4,8.6,4.7,2.2,2.1,3.217099930644339,13.4,9.8,12.2,2.0,13.5,41.4,7.8,64.1,27.9,36.2,0.7,11.8,8.3,3.5,22.5,21.0,0.3,0.8,0.4,1.0
E09000024,Merton,4.7404003,7.1470423,52.0,33.6,10.5,3.0,0.9,3.9,74.9,11.0,44.0,0.4,2.1,3.4,6.5,4.1,3.4,25.1,8.6,6.1,5.3,2.5,2.6,4.058877792483857,15.2,9.9,11.7,1.7,9.9,41.1,10.6,59.3,25.6,33.7,0.9,14.1,3.7,10.4,24.8,23.5,0.1,1.0,0.2,1.0
E09000026,Redbridge,4.9176455,7.069511,48.1,35.0,12.0,3.8,1.1,4.9,69.0,12.0,35.9,0.6,2.4,3.1,5.6,5.3,4.1,31.0,9.5,8.1,6.6,3.3,3.4,5.30710018842962,18.5,12.2,13.1,1.7,10.3,33.9,10.3,63.6,28.2,35.4,1.0,11.4,6.3,5.1,22.9,21.6,0.1,0.9,0.2,1.2
E09000027,Richmond upon Thames,2.0284367,8.153259,57.3,30.5,8.9,2.5,0.8,3.3,75.5,10.3,44.6,0.5,2.6,4.5,7.2,3.0,2.7,24.5,10.0,5.4,5.1,2.0,2.0,3.014247454256454,10.6,7.4,10.6,1.5,10.6,53.0,6.2,63.6,29.8,33.8,0.8,12.6,3.1,9.5,21.8,20.6,0.2,0.8,0.3,1.2
E09000029,Sutton,3.0108478,8.656799,48.7,35.5,11.6,3.2,0.9,4.1000000000000005,75.0,13.3,43.3,0.4,1.9,2.9,6.2,3.9,3.0,25.0,11.1,4.7,4.5,2.8,1.9,3.913921130415976,18.6,14.2,16.1,2.9,11.8,30.1,6.3,68.0,28.6,39.4,0.8,14.6,8.2,6.4,15.9,14.9,0.1,0.8,0.1,0.7
E09000031,Waltham Forest,5.0793223,6.6913505,47.1,35.6,12.1,3.9,1.3,5.2,70.7,11.5,36.3,0.5,1.8,3.4,6.7,6.1,4.4,29.3,8.0,8.0,6.0,3.8,3.6,6.102273560305376,20.8,12.3,12.7,1.7,10.0,30.0,12.5,49.9,20.0,29.9,1.1,22.1,10.7,11.3,25.9,24.7,0.1,0.8,0.3,1.0
E06000036,Bracknell Forest UA,2.7692668,9.2326565,52.4,34.3,10.1,2.5,0.7,3.2,78.4,13.3,49.0,0.3,1.5,2.5,5.5,3.4,2.8,21.6,10.2,3.6,4.2,2.1,1.5,3.378410895615766,16.3,15.3,16.9,3.4,12.7,30.3,5.1,68.5,24.9,43.6,1.1,16.7,5.7,11.1,12.5,10.6,0.6,0.8,0.4,1.1
E06000043,Brighton and Hove UA,6.77224,8.34691,49.3,33.6,11.8,4.1,1.2,5.3,71.6,13.0,36.1,0.4,2.0,3.8,6.7,3.7,5.8,28.4,9.3,9.8,3.4,4.2,1.7,3.708869406808608,16.1,11.0,12.6,2.1,16.0,36.9,5.4,53.3,23.4,29.9,0.9,15.0,9.8,5.1,29.6,28.0,0.1,1.3,0.2,1.3
E06000046,Isle of Wight UA,5.577259,12.74761,40.8,36.5,16.2,5.0,1.5,6.5,64.4,15.8,30.4,0.5,2.1,3.3,5.7,4.4,2.2,35.6,20.5,3.7,3.9,4.5,3.0,4.397124725555656,24.3,14.6,16.8,5.0,12.2,22.6,4.5,70.1,41.1,29.0,0.6,10.7,1.0,9.7,17.4,15.8,0.2,1.3,0.2,1.2
E06000035,Medway UA,4.8108816,9.861641,45.7,36.3,13.0,3.9,1.1,5.0,71.1,14.0,40.1,0.3,1.4,1.9,5.1,4.9,3.4,28.9,12.7,5.1,5.2,3.8,2.1,4.876955881292556,22.9,16.9,18.4,4.7,12.7,19.1,5.3,67.7,28.9,38.8,1.0,13.2,3.9,9.3,17.1,15.7,0.3,0.9,0.3,1.0
E06000042,Milton Keynes UA,4.974527,8.7842865,50.2,34.9,10.8,3.2,0.9,4.1000000000000005,75.9,13.0,46.3,0.3,1.4,2.2,4.8,4.8,3.1,24.1,10.3,3.9,4.6,3.2,2.1,4.763348678225873,18.0,15.9,16.7,3.4,11.5,28.2,6.3,57.7,21.5,36.3,6.1,18.0,11.0,7.1,17.3,16.2,0.1,0.9,0.2,0.9
E06000044,Portsmouth UA,6.8855085,8.7492485,47.7,34.8,12.4,3.9,1.2,5.1,68.9,13.4,37.6,0.2,1.3,1.6,4.3,4.3,6.1,31.1,10.7,10.7,4.1,3.8,1.9,4.252301486613969,21.2,13.1,15.0,3.9,18.0,23.7,5.1,54.9,24.1,30.7,1.0,18.3,11.7,6.6,24.7,22.3,0.6,1.3,0.5,1.2
E06000038,Reading UA,5.0174627,7.778371,50.2,35.3,10.8,2.9,0.8,3.7,73.9,11.9,44.6,0.2,1.2,2.0,4.6,4.6,5.0,26.1,8.6,8.0,4.6,2.8,2.2,4.562187521402644,17.4,12.2,12.3,2.5,13.4,34.8,7.4,54.8,22.6,32.2,1.8,16.3,10.1,6.2,26.1,24.7,0.1,1.0,0.3,1.0
E06000039,Slough UA,5.1462836,6.963899,47.9,36.0,11.6,3.5,1.0,4.5,73.5,11.8,43.4,0.4,1.4,2.5,4.6,5.4,3.9,26.5,7.5,5.8,6.5,3.4,3.4,5.415198391367537,20.1,14.7,13.4,2.2,10.1,25.8,13.7,52.7,18.7,34.0,1.4,20.6,13.1,7.5,24.3,23.1,0.1,0.9,0.2,1.0
E06000045,Southampton UA,6.946338,8.604453,47.6,35.0,12.4,3.9,1.2,5.1,68.4,12.7,37.8,0.2,1.1,1.6,4.2,4.2,6.5,31.6,9.9,11.6,4.1,4.1,2.0,4.2347156786033375,21.0,12.9,13.9,3.7,17.3,24.6,6.6,49.7,21.7,28.1,1.0,23.3,16.9,6.3,24.9,23.4,0.1,1.1,0.3,1.1
E06000037,West Berkshire UA,2.5976954,9.272493,51.6,34.5,10.7,2.5,0.7,3.2,76.2,13.9,45.6,0.3,2.0,3.0,5.9,2.9,2.5,23.8,12.6,3.4,4.3,2.2,1.4,2.926267692362611,17.2,14.2,16.2,3.9,12.2,32.1,4.3,69.7,31.2,38.5,1.1,13.8,0.9,12.9,13.7,12.0,0.7,0.7,0.3,1.6
E06000040,Windsor and Maidenhead UA,1.6005067,9.36941,54.5,32.2,9.8,2.7,0.7,3.4000000000000004,74.5,12.2,44.4,0.4,2.2,3.5,6.2,3.2,2.3,25.5,12.8,4.4,4.8,1.8,1.7,3.157884639366121,15.6,11.6,14.4,3.0,11.2,38.4,5.8,68.0,32.6,35.4,0.6,13.3,1.2,12.1,16.2,13.9,1.0,0.6,0.6,1.9
E06000041,Wokingham UA,1.7275159,9.35631,54.3,33.6,9.4,2.1,0.6,2.7,75.6,13.6,45.7,0.3,1.8,3.0,5.6,2.6,3.0,24.4,13.3,4.0,4.3,1.6,1.2,2.6346494704871164,13.2,11.8,15.1,3.4,12.4,40.0,4.2,79.7,35.6,44.2,1.1,7.0,4.7,2.3,11.2,9.9,0.4,0.6,0.2,0.9
E07000004,Aylesbury Vale,2.553797,8.941734,51.4,34.2,11.0,2.7,0.8,3.5,75.1,14.0,43.2,0.4,2.1,3.3,6.4,3.1,2.7,24.9,12.4,4.1,4.2,2.2,1.9,3.0527063279154176,17.4,13.8,16.5,3.6,12.2,32.0,4.6,71.6,31.1,40.5,0.9,12.9,3.4,9.6,13.3,11.7,0.5,0.8,0.3,1.3
E07000005,Chiltern,1.8207847,8.528026,53.8,32.8,10.2,2.5,0.7,3.2,71.9,13.6,38.4,0.5,2.8,4.7,6.7,2.7,2.5,28.1,15.4,4.2,5.1,1.9,1.6,2.65670402656704,14.7,10.7,15.1,3.3,11.1,41.0,4.2,76.9,41.1,35.8,0.7,12.4,1.8,10.6,9.0,8.2,0.2,0.4,0.1,1.0
E07000006,South Bucks,1.9270505,8.635984,52.4,33.3,10.5,2.9,0.8,3.7,72.3,11.8,41.1,0.6,3.4,3.7,6.6,2.7,2.4,27.7,14.5,4.5,5.1,1.8,1.8,2.6505167147818085,16.5,11.8,14.8,3.4,11.1,36.9,5.5,73.4,38.1,35.3,1.5,12.3,1.0,11.3,11.4,10.0,0.5,0.5,0.3,1.4
E07000007,Wycombe,2.4948986,8.58282,51.6,34.2,10.8,2.7,0.8,3.5,73.5,12.9,41.6,0.4,1.9,3.6,6.2,3.2,3.6,26.5,12.7,5.1,4.9,2.0,1.8,3.239443424485457,17.4,12.5,15.2,3.6,12.4,33.6,5.4,69.7,32.3,37.4,1.0,12.7,8.5,4.2,15.2,13.1,0.8,0.7,0.5,1.4
E07000061,Eastbourne,5.7849336,12.349086,43.1,35.4,15.3,4.7,1.4,6.1,68.0,14.8,35.0,0.4,1.6,2.7,5.6,4.1,3.8,32.0,16.8,5.2,3.8,4.5,1.8,4.078157592269379,23.2,13.8,16.6,3.5,12.6,24.4,5.8,61.7,33.5,28.3,0.7,13.2,7.4,5.8,23.3,21.7,0.4,1.0,0.3,1.1
E07000062,Hastings,6.1443033,12.469498,40.5,36.2,15.8,5.7,1.7,7.4,67.8,14.8,33.5,0.3,1.6,3.0,6.2,5.5,2.8,32.2,14.3,4.1,4.7,6.6,2.5,5.483372705796838,25.4,15.8,17.5,3.0,12.1,21.2,5.0,55.2,26.9,28.3,0.5,14.5,1.9,12.7,28.8,27.2,0.2,1.2,0.2,1.0
E07000063,Lewes,3.3507173,12.41095,44.8,35.5,14.3,4.2,1.2,5.4,69.6,15.3,34.3,0.4,2.2,4.2,7.0,3.3,2.7,30.4,17.6,3.7,3.9,3.5,1.8,3.3478179272113064,21.5,13.8,15.7,3.4,11.8,29.4,4.4,72.7,39.8,32.8,0.7,10.9,7.6,3.3,14.5,13.2,0.2,1.0,0.2,1.3
E07000064,Rother,3.8465004,12.843922,40.6,36.6,16.5,4.9,1.4,6.300000000000001,63.4,13.8,29.4,0.6,2.5,4.2,7.5,3.2,2.1,36.6,22.5,3.8,4.3,4.1,1.9,3.2118483638504003,24.7,13.8,16.5,3.8,11.2,25.5,4.6,73.5,45.4,28.1,0.5,10.4,1.7,8.6,14.0,12.7,0.3,0.9,0.2,1.5
E07000065,Wealden,2.7391608,11.828866,47.6,34.9,13.0,3.5,1.0,4.5,70.1,14.8,34.4,0.5,2.8,4.6,7.9,2.5,2.6,29.9,18.0,3.4,4.3,2.7,1.5,2.521746521973196,19.9,13.8,17.3,3.7,12.2,28.9,4.1,78.7,42.3,36.5,0.8,7.7,4.7,3.0,11.1,9.9,0.2,0.9,0.2,1.7
E07000084,Basingstoke and Deane,2.875483,9.199494,50.7,35.1,10.8,2.7,0.7,3.4000000000000004,76.9,13.4,47.9,0.3,1.5,2.5,5.2,3.2,2.8,23.1,12.5,2.7,4.0,2.4,1.4,3.244809035807308,17.3,14.7,16.4,3.8,12.6,30.5,4.7,67.7,28.2,39.6,1.4,17.8,0.8,17.0,11.8,10.8,0.2,0.7,0.1,1.3
E07000085,East Hampshire,2.039254,9.302775,50.5,34.7,11.1,2.9,0.8,3.7,73.0,14.3,40.2,0.4,2.3,3.8,6.7,2.6,2.6,27.0,15.3,3.9,4.3,2.3,1.3,2.553818155695505,16.9,12.5,16.6,3.6,12.7,33.9,3.9,73.9,37.1,36.8,0.9,12.0,1.6,10.5,11.7,9.8,0.7,0.7,0.4,1.5
E07000086,Eastleigh,3.3497047,9.945286,49.2,35.3,11.6,3.0,0.9,3.9,75.4,15.9,43.8,0.3,1.7,2.5,5.2,3.0,3.0,24.6,14.1,3.1,3.6,2.6,1.2,3.022427988032583,17.6,14.2,17.2,5.7,13.3,27.9,4.0,73.5,33.0,40.5,1.1,12.3,1.1,11.2,12.3,11.2,0.1,0.9,0.1,0.8
E07000087,Fareham,3.5850148,10.347715,48.5,35.2,12.2,3.1,0.9,4.0,72.7,15.2,42.4,0.4,1.6,2.6,4.8,2.6,3.2,27.3,17.3,3.4,3.2,2.2,1.2,2.607207074065864,17.6,13.1,17.0,5.5,13.5,29.8,3.6,80.4,39.2,41.2,0.6,8.1,5.1,3.0,10.0,8.4,0.5,0.8,0.3,0.9
E07000088,Gosport,4.7091393,9.401771,45.3,36.2,13.6,3.9,1.0,4.9,72.2,14.4,43.4,0.2,1.1,1.9,4.3,4.2,2.7,27.8,14.5,3.6,4.3,3.6,1.7,4.235365300257147,21.6,16.2,18.1,5.0,13.4,21.5,4.2,65.2,29.4,35.9,1.1,16.4,9.3,7.1,16.3,12.7,1.6,1.1,0.9,1.0
E07000089,Hart,1.6854293,9.522877,55.0,33.1,9.3,2.1,0.6,2.7,75.5,13.9,45.3,0.4,2.0,3.2,5.8,2.4,2.6,24.5,14.3,3.3,4.4,1.3,1.2,2.375656331805045,13.5,12.4,16.2,3.5,13.0,37.5,3.9,78.1,35.5,42.6,1.1,7.7,0.6,7.0,12.1,9.5,1.3,0.6,0.7,1.0
E07000090,Havant,5.4137936,11.444839,44.3,35.9,14.2,4.3,1.3,5.6,69.1,15.2,37.5,0.3,1.7,2.3,5.3,4.0,2.9,30.9,17.3,3.4,4.4,4.2,1.6,3.99318237156075,25.0,14.8,17.1,4.8,12.0,22.3,4.0,69.0,35.4,33.6,0.5,19.6,10.3,9.2,9.9,8.8,0.1,0.8,0.1,1.0
E07000091,New Forest,3.0890107,12.076134,45.1,35.9,14.1,3.8,1.1,4.9,69.5,15.8,36.5,0.5,2.1,3.5,5.9,2.6,2.6,30.5,19.7,2.7,3.8,2.8,1.4,2.634657606692415,21.1,13.3,16.7,5.4,12.0,27.2,4.2,75.0,43.5,31.5,0.6,11.0,6.7,4.2,12.1,10.6,0.4,0.8,0.3,1.3
E07000092,Rushmoor,1.7755568,10.284659,50.1,35.5,10.8,2.8,0.8,3.6,77.7,13.4,49.4,0.2,1.2,1.9,4.6,3.7,3.2,22.3,9.8,3.8,4.0,2.7,2.0,3.7227933153391146,18.6,16.5,17.2,3.6,12.5,24.7,6.9,63.5,23.2,40.3,1.8,16.3,2.1,14.2,17.6,12.7,2.1,0.9,1.8,0.8
E07000093,Test Valley,1.7589957,10.121687,50.0,34.6,11.6,3.0,0.8,3.8,73.4,14.7,42.8,0.4,2.0,3.1,5.3,2.5,2.6,26.6,15.5,3.4,4.0,2.4,1.3,2.5197278268676464,18.4,13.6,16.5,4.5,12.5,30.5,4.1,70.3,34.5,35.9,0.7,14.4,4.4,10.0,12.9,10.4,1.2,0.7,0.6,1.7
E07000094,Winchester,5.1608915,7.9754863,53.2,32.8,10.6,2.7,0.7,3.4000000000000004,71.0,13.5,38.3,0.5,2.5,3.6,5.6,2.3,4.7,29.0,14.5,6.7,3.9,2.2,1.6,2.299544351736789,14.5,9.6,14.6,3.1,13.9,40.7,3.5,67.5,35.0,32.6,0.9,15.5,10.6,4.9,14.1,12.0,0.9,0.7,0.5,2.0
E07000105,Ashford,4.0042853,9.936967,47.6,35.1,12.7,3.5,1.1,4.6,72.6,14.6,39.4,0.4,2.1,3.1,6.3,3.6,3.1,27.4,14.4,3.3,4.9,3.1,1.7,3.629587428191616,21.2,15.6,17.8,3.9,12.0,24.6,4.9,68.4,31.8,36.6,1.3,14.5,9.8,4.6,14.3,12.9,0.2,1.0,0.2,1.5
E07000106,Canterbury,6.457467,8.564971,46.8,34.6,13.4,4.1,1.1,5.199999999999999,63.8,12.8,31.2,0.3,1.8,2.6,4.9,3.0,7.1,36.2,15.0,12.5,3.6,3.3,1.8,3.0482626690623684,20.5,11.8,14.3,3.3,17.6,27.3,5.2,66.0,35.5,30.5,0.8,12.2,8.3,3.9,19.5,17.5,0.4,1.1,0.4,1.4
E07000107,Dartford,4.9456306,9.240215,48.6,34.9,12.2,3.4,1.0,4.4,75.5,13.9,44.6,0.3,1.8,2.2,5.6,4.4,2.8,24.5,11.9,3.5,4.4,3.0,1.8,4.396493020088526,21.1,17.3,18.1,4.3,11.5,22.0,5.5,66.9,27.5,39.4,1.3,14.8,10.8,4.0,15.9,15.0,0.1,0.7,0.1,1.0
E07000108,Dover,5.7202783,12.212754,43.4,35.4,15.0,5.0,1.3,6.3,67.4,14.7,36.1,0.4,1.9,2.7,4.8,4.5,2.4,32.6,17.6,4.0,4.4,4.5,2.1,4.464882529151091,25.0,14.6,17.4,3.7,12.1,22.0,5.1,66.5,35.3,31.3,0.5,14.2,8.9,5.4,17.1,15.3,0.3,1.1,0.4,1.7
E07000109,Gravesham,4.988683,9.767668,46.5,35.0,13.4,4.0,1.1,5.1,70.9,14.4,39.1,0.4,1.9,2.2,5.1,5.1,2.8,29.1,13.5,4.2,5.3,3.8,2.3,5.074394392753208,24.4,16.4,17.0,4.3,11.1,20.0,7.0,64.6,30.7,33.9,0.8,17.3,13.9,3.4,16.1,15.1,0.1,0.7,0.2,1.2
E07000110,Maidstone,3.4078386,9.547243,48.1,35.1,12.4,3.4,1.0,4.4,72.9,14.4,41.3,0.4,2.0,2.9,5.9,3.4,2.6,27.1,14.4,3.6,4.5,2.7,1.9,3.398362639206578,20.7,14.6,17.6,4.1,12.2,25.6,5.3,70.5,32.9,37.5,1.1,12.7,2.4,10.4,14.6,13.0,0.4,0.9,0.3,1.2
E07000111,Sevenoaks,2.006293,8.724661,51.2,33.4,11.5,3.1,0.9,4.0,71.5,14.0,38.8,0.5,2.6,3.8,6.7,2.8,2.2,28.5,15.3,4.1,5.4,2.2,1.6,2.84050768593632,19.2,13.7,16.4,3.4,11.1,32.0,4.1,72.7,37.5,35.2,1.7,13.2,1.7,11.5,10.8,9.7,0.4,0.5,0.2,1.6
E07000112,Shepway,5.9485874,12.477422,42.2,36.1,15.2,4.9,1.5,6.4,67.2,14.3,35.1,0.4,1.8,2.5,5.5,4.6,2.9,32.8,17.7,3.7,4.5,4.9,2.1,4.588262465036311,24.7,14.9,17.5,3.8,11.9,21.8,5.4,64.8,35.3,29.5,0.5,11.2,6.9,4.3,22.2,20.2,0.4,1.2,0.5,1.3
E07000113,Swale,5.217402,10.460116,44.3,35.9,14.1,4.4,1.3,5.7,68.9,14.0,38.1,0.3,1.8,2.3,5.4,4.6,2.3,31.1,15.1,3.7,5.2,4.4,2.7,4.60210735546158,27.4,16.3,17.0,4.4,11.2,18.9,4.8,68.3,31.4,36.9,1.0,14.3,2.2,12.1,15.2,13.9,0.2,0.9,0.2,1.2
E07000114,Thanet,6.1999664,12.595071,40.7,35.1,16.7,5.8,1.7,7.5,64.9,14.4,31.7,0.4,1.8,2.6,5.3,5.7,3.0,35.1,18.2,4.3,4.9,5.6,2.1,5.672722652776013,28.4,14.8,16.4,3.9,11.3,19.6,5.6,62.0,33.4,28.6,0.3,12.7,5.1,7.6,23.8,22.0,0.3,1.3,0.2,1.2
E07000115,Tonbridge and Malling,2.9558842,9.334952,49.9,34.3,11.8,3.1,0.9,4.0,72.9,14.7,41.3,0.4,2.0,3.1,5.8,3.0,2.7,27.1,14.5,4.0,4.7,2.5,1.4,2.984901949441777,20.0,15.0,17.7,4.0,12.2,27.1,4.0,71.1,32.6,38.6,1.5,16.1,1.9,14.2,10.1,9.0,0.3,0.6,0.2,1.1
E07000116,Tunbridge Wells,2.0656092,8.71657,51.4,33.6,11.1,3.1,0.8,3.9,73.1,13.7,40.4,0.5,2.5,3.9,6.6,3.0,2.5,26.9,12.6,4.8,5.1,2.7,1.7,2.9505679325305905,17.1,12.4,16.6,2.8,12.1,34.6,4.5,65.7,32.0,33.7,0.8,15.2,1.2,14.0,16.9,15.7,0.3,0.8,0.2,1.4
E07000177,Cherwell,3.121962,9.310257,50.3,34.7,11.2,3.0,0.8,3.8,75.7,14.6,45.3,0.3,1.8,2.8,5.4,2.8,2.6,24.3,12.3,3.4,3.8,2.5,2.3,2.8430603569318964,19.7,15.2,15.8,4.1,11.6,28.1,5.5,69.3,30.9,38.4,0.8,12.1,2.6,9.6,16.2,14.6,0.4,0.8,0.4,1.6
E07000178,Oxford,6.6590476,8.293881,55.2,31.7,9.4,2.8,0.9,3.7,63.3,10.4,36.2,0.3,1.1,2.2,3.3,3.2,6.5,36.7,7.0,21.6,3.5,2.6,1.9,3.209301147445477,13.6,8.3,8.9,1.8,17.8,42.6,6.9,46.7,24.0,22.7,1.7,21.4,13.6,7.8,28.2,26.1,0.5,0.9,0.7,2.0
E07000179,South Oxfordshire,1.5865902,9.711698,52.6,33.4,10.7,2.6,0.7,3.3,75.2,14.0,43.3,0.4,2.4,4.0,6.2,2.5,2.2,24.8,13.9,3.5,4.0,1.9,1.6,2.524460223754283,16.5,12.1,14.9,3.8,12.0,36.7,4.0,72.9,37.2,35.8,0.8,11.4,1.6,9.8,13.3,11.1,1.0,0.7,0.6,1.5
E07000180,Vale of White Horse,1.5906479,9.883229,51.9,34.0,10.8,2.6,0.7,3.3,75.1,14.3,44.8,0.4,2.1,3.0,5.4,2.5,2.7,24.9,13.9,3.9,3.9,1.9,1.3,2.503515209712268,16.7,11.8,14.6,4.1,11.5,37.2,4.1,70.3,35.8,34.5,1.0,13.3,2.5,10.8,13.6,11.0,1.3,0.6,0.8,1.7
E07000181,West Oxfordshire,1.617069,10.023397,51.5,33.8,11.2,2.8,0.7,3.5,76.8,14.3,45.4,0.4,2.4,3.5,6.1,2.3,2.4,23.2,13.7,3.0,3.4,1.8,1.2,2.271444139542823,17.6,13.3,15.8,3.9,12.3,32.9,4.1,69.7,34.5,35.2,1.3,12.5,1.7,10.8,14.9,11.8,1.5,0.8,0.8,1.7
E07000207,Elmbridge,1.855876,8.31543,56.5,31.0,9.4,2.5,0.7,3.2,73.4,11.9,41.8,0.5,2.9,4.5,6.9,2.7,2.3,26.6,12.2,4.5,6.4,1.8,1.8,2.6698686255120783,13.2,10.1,13.9,2.2,11.1,43.9,5.6,73.1,34.2,38.8,0.7,9.9,2.1,7.7,15.1,14.1,0.2,0.6,0.1,1.2
E07000208,Epsom and Ewell,2.3935971,8.796344,52.2,33.8,10.6,2.7,0.7,3.4000000000000004,73.6,13.7,41.9,0.4,2.1,3.2,6.0,2.7,3.5,26.4,13.4,5.1,4.2,2.1,1.6,2.7321395606424224,15.8,12.2,15.7,2.9,12.1,36.0,5.3,77.0,36.8,40.2,0.9,8.0,0.6,7.5,13.3,12.2,0.3,0.7,0.1,0.8
E07000209,Guildford,5.287025,7.94335,53.9,33.1,9.8,2.5,0.7,3.2,72.2,12.2,41.1,0.4,2.1,3.4,5.5,2.7,4.9,27.8,11.3,8.5,4.4,1.9,1.7,2.694651850980853,14.2,10.7,13.5,2.8,14.2,39.5,5.1,68.8,33.7,35.1,1.3,12.8,9.1,3.7,15.8,13.8,0.7,0.7,0.6,1.3
E07000210,Mole Valley,1.8088835,8.69249,51.5,33.7,11.3,2.9,0.7,3.6,72.7,13.9,39.2,0.5,2.6,4.5,7.1,2.5,2.4,27.3,15.7,3.8,4.4,2.1,1.4,2.5157129224390404,16.0,11.7,16.1,2.8,11.3,37.9,4.2,73.6,39.1,34.5,0.9,12.2,1.5,10.7,11.9,10.6,0.4,0.7,0.2,1.4
E07000211,Reigate and Banstead,2.5431852,8.800814,51.5,34.0,10.8,2.8,0.8,3.6,75.2,13.5,44.0,0.4,2.2,3.3,6.3,2.9,2.5,24.8,12.4,3.5,4.4,2.3,2.1,2.916116281649239,16.6,13.2,16.6,2.9,12.0,34.0,4.8,73.0,33.2,39.9,1.2,11.9,2.4,9.5,12.9,12.0,0.1,0.6,0.1,0.9
E07000212,Runnymede,5.5327883,8.049407,51.3,34.1,10.9,2.9,0.7,3.6,71.6,12.1,41.3,0.4,1.8,2.8,5.7,2.7,4.8,28.4,11.9,9.2,3.9,1.9,1.5,2.726071613734049,18.3,12.7,14.4,3.4,15.1,29.9,6.1,69.5,33.1,36.4,1.0,12.9,8.9,4.0,15.2,13.7,0.5,0.6,0.3,1.4
E07000213,Spelthorne,3.237684,9.239292,48.0,35.8,12.0,3.2,0.9,4.1000000000000005,75.5,13.3,46.4,0.3,1.6,2.7,5.4,3.3,2.5,24.5,13.3,3.2,3.9,2.3,1.8,3.2567652611705475,20.4,16.1,16.1,3.9,11.4,25.9,6.2,72.6,33.9,38.6,1.4,12.4,1.6,10.8,12.7,11.7,0.2,0.6,0.1,1.0
E07000214,Surrey Heath,1.671668,9.465128,53.5,33.3,10.0,2.5,0.7,3.2,75.1,13.6,44.2,0.4,2.1,3.3,5.9,2.8,2.9,24.9,13.5,3.5,4.4,1.7,1.8,2.766722608487173,15.0,13.5,16.3,3.5,12.2,34.5,5.1,76.8,34.8,42.0,0.8,9.2,1.2,8.0,12.1,10.2,0.9,0.5,0.5,1.0
E07000215,Tandridge,1.9304781,9.134926,50.5,34.4,11.4,2.9,0.9,3.8,73.5,13.5,40.7,0.6,2.7,4.0,7.1,2.8,2.2,26.5,14.1,4.3,4.3,2.2,1.6,2.7667053500849352,17.1,13.4,17.5,2.9,12.3,33.0,3.9,75.9,36.2,39.7,0.9,10.8,7.7,3.1,11.0,9.7,0.5,0.6,0.2,1.4
E07000216,Waverley,1.826686,8.550785,53.5,32.7,10.5,2.5,0.7,3.2,72.0,13.6,38.6,0.5,2.8,4.4,6.8,2.4,2.9,28.0,14.3,5.1,4.9,2.1,1.5,2.415408154922504,15.2,10.3,15.1,2.9,12.2,40.1,4.1,73.7,37.7,36.0,1.0,12.3,9.5,2.9,11.3,10.1,0.5,0.6,0.2,1.7
E07000217,Woking,2.5078692,8.500805,51.8,34.6,10.3,2.6,0.8,3.4000000000000004,75.4,12.5,45.1,0.4,1.9,3.3,5.9,3.2,3.0,24.6,11.5,3.6,5.5,2.3,1.8,3.2249518976046403,15.2,12.0,14.3,2.6,11.3,38.4,6.3,70.5,31.6,38.9,0.9,11.9,8.4,3.5,15.7,14.6,0.3,0.7,0.2,1.0
E07000223,Adur,4.492842,11.8863125,42.7,36.6,15.0,4.5,1.2,5.7,70.8,16.0,37.5,0.4,1.7,3.1,6.2,3.3,2.5,29.2,16.8,3.3,3.9,3.6,1.5,3.342453260373917,25.6,15.9,16.5,4.4,11.2,22.0,4.5,73.8,37.8,36.0,0.6,13.1,9.8,3.2,11.4,10.2,0.1,1.0,0.1,1.2
E07000224,Arun,4.242827,12.224105,42.0,36.8,15.6,4.4,1.2,5.6000000000000005,67.5,14.8,35.5,0.4,1.9,3.2,5.7,3.3,2.7,32.5,20.4,3.1,3.7,3.5,1.8,3.3355016922627296,24.9,14.2,16.8,4.0,11.6,22.8,5.9,73.8,42.8,31.0,0.8,8.8,4.8,4.0,15.3,14.1,0.1,0.9,0.2,1.2
E07000225,Chichester,2.077996,11.611516,47.6,34.9,13.1,3.4,1.0,4.4,69.2,14.0,34.4,0.5,2.8,4.3,6.9,2.8,3.5,30.8,18.2,4.4,4.2,2.4,1.5,2.7974875674074804,19.5,11.6,15.9,3.4,12.8,32.4,4.4,67.2,40.5,26.6,0.9,14.9,2.2,12.7,14.9,12.8,0.8,0.8,0.5,2.2
E07000226,Crawley,5.2115655,9.344646,47.6,35.9,12.1,3.5,1.0,4.5,76.9,14.4,47.2,0.3,1.2,1.9,4.4,4.5,3.1,23.1,9.5,3.3,4.9,3.2,2.1,4.512075296064539,20.1,18.0,17.1,3.4,11.3,21.5,8.5,59.0,22.2,36.9,1.4,23.9,18.6,5.2,14.5,13.5,0.1,0.7,0.1,1.2
E07000227,Horsham,2.1439579,9.234849,50.6,34.8,11.1,2.7,0.8,3.5,73.4,14.8,40.3,0.5,2.3,3.9,6.3,2.7,2.7,26.6,15.5,3.5,4.2,2.2,1.3,2.7110413706821603,16.3,13.3,17.8,3.4,12.7,32.6,4.0,74.5,37.3,37.2,0.7,11.6,1.2,10.3,11.8,10.5,0.4,0.7,0.2,1.5
E07000228,Mid Sussex,2.3282397,9.276779,51.8,34.0,10.7,2.8,0.8,3.6,74.8,15.1,42.2,0.4,2.1,3.6,6.3,2.4,2.6,25.2,14.2,3.6,4.0,2.0,1.4,2.428879224354626,14.8,13.4,17.3,3.4,13.2,33.6,4.2,74.3,35.5,38.8,1.0,10.6,0.5,10.1,12.8,11.7,0.3,0.7,0.1,1.4
E07000229,Worthing,4.4682255,11.289716,44.2,36.1,14.4,4.2,1.1,5.300000000000001,72.1,15.0,39.7,0.3,1.7,3.1,5.7,3.5,3.2,27.9,15.4,3.1,3.7,4.2,1.6,3.467943716537975,21.3,14.3,17.4,3.7,12.5,26.0,4.8,69.3,34.8,34.5,0.5,10.0,2.1,7.9,19.3,17.9,0.1,1.1,0.2,0.9
E06000022,Bath and North East Somerset UA,6.068828,8.401623,50.5,33.4,11.8,3.3,0.9,4.2,68.7,14.4,35.5,0.4,1.9,3.2,5.5,2.7,5.1,31.3,13.7,10.1,3.3,2.8,1.4,2.717732669475297,17.2,11.0,14.2,3.7,16.5,33.4,4.0,66.7,35.1,31.6,0.5,14.4,3.4,11.0,16.9,15.5,0.2,1.0,0.2,1.4
E06000028,Bournemouth UA,6.808097,8.678369,46.3,34.5,13.6,4.4,1.3,5.7,69.8,13.3,37.2,0.4,1.7,2.7,5.4,3.8,5.3,30.2,12.2,8.1,3.6,4.5,1.9,3.824850625845,19.1,13.0,15.5,3.8,15.7,26.4,6.5,57.1,27.7,29.4,0.7,11.2,5.9,5.2,30.0,28.2,0.2,1.3,0.3,1.0
E06000023,"Bristol, City of UA",6.9389434,8.510976,48.8,33.5,12.2,4.2,1.3,5.5,70.6,13.4,39.8,0.3,1.4,2.3,4.5,4.3,4.8,29.4,9.8,9.0,3.9,4.3,2.3,4.297586981269401,20.2,11.9,12.8,2.9,14.6,32.8,4.9,54.0,24.6,29.4,0.8,20.3,14.5,5.8,23.5,22.1,0.1,1.1,0.2,1.4
E06000052,Cornwall UA,4.2876234,13.012612,45.2,33.6,14.9,4.9,1.4,6.300000000000001,66.7,15.4,31.7,0.5,2.6,3.6,6.9,3.3,2.8,33.3,18.9,4.3,4.0,4.4,1.7,3.264430717639858,22.4,13.4,17.4,4.5,13.1,25.0,4.2,68.8,40.0,28.8,0.8,12.0,5.6,6.4,16.8,14.7,0.4,1.4,0.3,1.7
E06000053,Isles of Scilly UA,1.7329236,10.848022,51.5,34.2,11.3,2.4,0.6,3.0,82.1,13.6,40.3,1.0,7.6,5.1,12.9,1.1,0.4,17.9,12.9,0.8,1.6,0.9,1.8,1.1097410604192357,14.2,10.8,16.6,4.2,16.4,33.0,4.7,41.7,31.6,10.0,0.8,18.1,12.2,5.9,29.7,20.6,3.6,1.3,4.1,9.7
E06000024,North Somerset UA,4.1974535,11.38654,46.3,34.8,13.7,4.1,1.2,5.3,70.6,15.9,38.2,0.4,2.0,2.9,5.3,3.0,2.8,29.4,17.5,3.2,3.5,3.9,1.4,2.992734878089053,19.6,13.7,17.2,4.4,12.7,28.4,4.1,73.0,36.8,36.1,0.6,9.2,3.5,5.7,16.2,14.8,0.1,1.1,0.1,1.1
E06000026,Plymouth UA,6.983341,8.941132,46.0,33.5,13.9,5.1,1.4,6.5,66.6,14.8,36.1,0.3,1.3,1.7,3.6,4.2,4.6,33.4,14.1,8.4,3.9,5.2,1.8,4.242228316978299,22.3,13.5,16.8,5.2,16.6,21.5,4.3,58.7,27.2,31.5,0.8,19.3,8.6,10.7,20.2,17.8,0.6,1.2,0.5,1.1
E06000029,Poole UA,4.286072,10.811434,46.5,34.9,13.4,4.0,1.2,5.2,71.2,15.2,39.5,0.4,1.8,2.8,5.2,3.2,3.0,28.8,16.1,3.8,4.1,3.3,1.6,3.207978118449869,21.4,14.4,16.6,4.9,12.5,25.5,4.7,70.4,35.8,34.6,0.9,11.5,6.5,5.0,16.2,14.6,0.3,1.0,0.2,1.1
E06000025,South Gloucestershire UA,3.4581602,10.081099,49.1,34.9,11.8,3.3,0.9,4.2,74.4,16.3,42.9,0.3,1.6,2.2,4.8,2.8,3.5,25.6,14.2,4.1,3.2,2.5,1.5,2.7817611239270943,18.6,14.9,16.7,5.4,13.7,26.7,4.1,74.9,34.5,40.5,0.5,9.9,1.9,8.0,13.6,12.2,0.2,1.0,0.2,1.1
E06000030,Swindon UA,5.046469,9.28281,48.3,35.2,12.0,3.6,1.0,4.6,76.0,14.4,46.7,0.2,1.3,1.9,4.4,4.2,2.9,24.0,11.6,3.2,4.1,3.4,1.8,4.230269989615784,20.5,17.4,17.3,4.5,11.6,22.7,5.8,65.5,25.7,39.8,1.3,16.3,11.6,4.7,16.0,14.7,0.2,1.0,0.2,0.9
E06000027,Torbay UA,5.8363404,12.720737,41.7,34.4,16.3,5.8,1.7,7.5,65.7,15.7,31.4,0.4,2.1,2.9,6.0,4.5,2.6,34.3,19.6,3.2,3.9,5.8,1.8,4.547872340425532,25.8,15.0,17.3,4.7,11.8,20.6,4.8,66.8,36.4,30.4,0.9,8.1,0.9,7.2,23.2,21.4,0.1,1.5,0.2,1.0
E06000054,Wiltshire UA,1.6903608,10.415569,49.8,34.0,12.1,3.2,0.9,4.1000000000000005,73.9,15.0,42.2,0.4,2.1,3.1,5.7,2.9,2.6,26.1,14.7,3.3,4.0,2.7,1.5,2.944389640601304,18.6,14.0,17.2,3.8,12.7,29.5,4.1,67.5,33.8,33.7,0.8,14.7,3.9,10.8,15.4,11.8,1.7,0.8,1.1,1.6
E07000040,East Devon,2.971777,12.57977,43.8,36.0,15.1,4.0,1.1,5.1,67.3,16.0,32.5,0.6,2.8,3.9,6.8,2.4,2.3,32.7,22.4,2.9,3.3,2.8,1.3,2.446595244767304,21.1,13.1,17.0,4.1,11.3,29.1,4.3,75.0,47.1,27.8,0.5,9.3,6.6,2.7,13.6,11.9,0.4,1.1,0.3,1.5
E07000041,Exeter,6.4452205,8.507133,49.9,33.4,12.0,3.7,1.1,4.800000000000001,68.0,14.9,36.9,0.2,1.3,2.1,3.9,3.1,5.6,32.0,11.1,12.8,2.9,3.5,1.6,3.0588314124899494,18.3,12.6,14.1,3.2,18.2,28.6,5.0,59.8,30.1,29.7,1.0,17.0,9.7,7.3,21.0,19.6,0.2,1.1,0.2,1.2
E07000042,Mid Devon,2.72729,11.97638,46.6,35.4,13.4,3.6,1.0,4.6,72.0,15.7,36.1,0.5,2.8,3.9,8.1,2.7,2.1,28.0,16.5,3.2,3.7,3.1,1.5,2.7091876018407435,22.7,13.8,17.1,3.8,12.1,26.4,4.1,69.1,37.3,31.8,0.9,12.6,8.7,3.9,15.5,14.1,0.3,1.0,0.2,1.8
E07000043,North Devon,3.355828,12.775573,46.4,33.8,14.2,4.3,1.3,5.6,69.8,16.4,33.3,0.5,2.8,3.6,7.7,3.0,2.5,30.2,18.2,3.0,3.8,3.7,1.6,3.039684773430904,24.1,14.4,17.2,4.7,12.4,22.9,4.3,68.5,39.1,29.4,0.7,10.8,2.4,8.4,18.4,15.9,0.7,1.3,0.5,1.7
E07000044,South Hams,2.726573,12.546258,47.4,34.4,13.3,3.8,1.1,4.9,68.7,15.1,31.3,0.7,3.2,5.3,8.3,2.3,2.4,31.3,20.2,3.3,3.2,3.1,1.5,2.345876569279245,17.2,12.1,16.3,4.4,12.1,34.3,3.7,71.7,42.8,28.9,1.1,11.4,1.7,9.6,14.3,12.6,0.3,1.2,0.2,1.5
E07000045,Teignbridge,3.326438,12.547783,44.9,34.9,14.7,4.2,1.3,5.5,69.1,16.0,34.6,0.5,2.5,3.6,6.5,2.8,2.5,30.9,19.0,3.0,3.3,3.6,2.0,2.768494819550469,21.5,13.5,16.6,4.5,11.8,28.0,4.2,73.5,40.8,32.7,0.9,8.9,2.2,6.7,15.5,13.9,0.2,1.2,0.2,1.2
E07000046,Torridge,3.6036415,12.995354,43.5,34.8,15.4,4.9,1.3,6.2,67.0,15.6,30.0,0.6,3.1,4.0,8.4,3.4,1.9,33.0,20.5,3.1,3.9,4.0,1.6,3.4100193506772736,25.4,14.3,17.5,4.9,12.1,21.7,4.2,71.5,42.9,28.6,0.7,9.0,1.9,7.1,17.0,15.3,0.2,1.3,0.1,1.9
E07000047,West Devon,3.1238909,12.786281,45.9,34.7,14.3,4.0,1.2,5.2,68.2,15.2,31.1,0.6,3.1,4.5,8.4,3.1,2.2,31.8,19.6,3.3,3.4,3.4,2.1,3.0738809994607226,20.3,12.9,16.8,3.9,11.9,30.0,4.1,73.2,44.0,29.2,0.7,9.5,2.6,6.9,15.0,13.3,0.3,1.2,0.2,1.7
E07000048,Christchurch,3.602662,12.34092,42.3,35.8,16.1,4.6,1.1,5.699999999999999,65.6,15.6,33.0,0.5,2.0,3.3,5.7,3.1,2.4,34.4,22.9,3.3,3.6,3.2,1.4,3.084699035074284,23.4,13.7,16.7,5.2,11.3,25.1,4.6,74.4,45.7,28.7,0.8,13.0,0.9,12.0,10.8,9.8,0.1,0.8,0.1,1.0
E07000049,East Dorset,3.150256,12.158777,45.3,35.8,14.3,3.6,1.0,4.6,68.1,15.8,34.9,0.5,2.2,3.6,6.3,2.1,2.7,31.9,22.1,2.6,3.7,2.2,1.3,2.144249512670565,21.5,13.5,16.4,5.3,11.6,27.7,4.1,80.9,48.0,32.9,0.3,8.3,0.8,7.5,9.2,8.1,0.3,0.6,0.3,1.3
E07000050,North Dorset,1.8760133,11.062926,47.8,35.2,12.8,3.3,0.8,4.1,71.0,14.6,38.1,0.5,2.4,3.7,7.0,2.6,2.0,29.0,17.0,3.9,3.7,2.6,1.8,2.647537647537648,20.0,14.2,17.8,4.1,12.6,26.9,4.4,69.8,39.4,30.4,0.8,13.5,1.0,12.5,14.3,11.3,1.4,0.9,0.7,1.7
E07000051,Purbeck,1.9732282,11.211222,45.0,35.9,14.1,4.0,1.0,5.0,69.2,16.1,35.7,0.5,2.3,3.4,6.0,2.8,2.3,30.8,20.1,2.8,3.5,2.9,1.5,2.776490935482874,21.6,14.3,16.8,5.0,12.1,25.7,4.5,69.5,42.4,27.1,0.8,12.5,2.3,10.2,15.3,12.2,1.5,0.9,0.8,1.8
E07000052,West Dorset,2.4181154,12.277454,44.4,35.9,14.7,3.9,1.1,5.0,67.6,15.5,32.9,0.6,2.7,4.3,7.0,2.3,2.3,32.4,21.2,3.4,3.4,2.9,1.5,2.296792165892068,20.1,12.6,16.5,4.4,11.8,30.8,3.9,69.4,44.1,25.4,0.8,13.9,0.8,13.0,13.7,12.2,0.5,0.8,0.2,2.1
E07000053,Weymouth and Portland,5.6697206,12.534169,42.3,36.7,15.0,4.5,1.4,5.9,67.1,17.1,34.4,0.3,1.8,2.3,4.7,3.9,2.5,32.9,18.2,3.1,3.7,4.9,3.0,3.87290844143636,22.5,14.9,17.4,5.2,13.1,22.5,4.4,66.8,36.5,30.3,0.6,13.6,4.5,9.1,17.8,16.3,0.1,1.1,0.2,1.2
E07000078,Cheltenham,5.56543,8.273072,49.9,34.3,11.8,3.1,0.9,4.0,72.9,13.4,41.9,0.3,1.6,2.7,4.9,3.3,4.7,27.1,12.7,6.3,3.5,3.0,1.6,3.343013125798583,16.6,11.4,14.4,3.1,13.8,36.2,4.6,64.6,32.1,32.4,0.7,12.2,8.0,4.2,21.5,20.1,0.1,1.0,0.2,1.1
E07000079,Cotswold,2.043644,11.605814,48.8,35.1,12.3,3.0,0.8,3.8,71.9,14.5,36.5,0.6,3.2,4.6,7.7,2.5,2.4,28.1,16.2,4.4,3.9,2.1,1.4,2.481897627965044,18.5,12.8,15.8,3.2,11.9,33.7,4.1,65.7,37.8,27.9,1.2,14.9,1.7,13.1,15.2,13.2,0.8,0.8,0.4,3.0
E07000080,Forest of Dean,3.608917,12.117325,44.3,35.8,14.5,4.3,1.1,5.4,68.8,14.9,35.4,0.4,2.3,3.2,6.4,3.5,2.6,31.2,17.7,4.4,3.9,3.7,1.6,3.453704777845909,24.5,14.3,16.8,4.5,12.0,24.0,3.9,74.3,40.9,33.4,0.5,12.4,2.3,10.1,11.2,9.5,0.4,1.0,0.4,1.6
E07000081,Gloucester,5.1186047,9.325432,46.6,35.5,13.1,3.8,1.1,4.9,73.9,16.1,43.2,0.2,1.2,1.6,3.9,4.3,3.3,26.1,12.1,4.2,4.0,4.0,1.9,4.262328258865328,21.8,16.1,17.3,4.3,13.2,22.2,5.2,67.2,29.2,38.0,1.1,13.3,7.8,5.5,17.4,15.9,0.2,1.0,0.2,1.0
E07000082,Stroud,2.9023504,11.170626,47.7,35.2,12.8,3.4,0.9,4.3,73.2,15.7,38.9,0.5,2.3,4.0,6.4,2.8,2.5,26.8,15.6,3.6,3.5,2.8,1.3,2.813739247147825,18.2,12.9,15.6,4.7,12.2,32.9,3.6,73.2,38.1,35.2,0.6,12.8,10.1,2.7,12.1,11.1,0.2,0.7,0.1,1.3
E07000083,Tewkesbury,2.9151225,10.244357,47.6,35.6,12.5,3.3,1.0,4.3,72.8,15.1,41.7,0.4,2.1,3.0,5.3,2.8,2.4,27.2,16.9,3.0,3.6,2.4,1.4,2.818128508000336,18.8,13.7,16.7,4.4,12.2,30.2,4.1,73.6,38.1,35.5,0.9,11.9,2.1,9.9,12.4,10.3,0.7,0.8,0.5,1.2
E07000187,Mendip,2.741435,12.088131,46.8,35.0,13.4,3.8,1.0,4.8,71.8,16.2,35.9,0.5,2.5,4.2,7.1,2.9,2.5,28.2,15.3,4.2,3.7,3.3,1.6,2.920422615793422,21.4,13.5,17.1,4.1,12.0,27.9,4.0,70.3,37.7,32.6,0.8,11.9,2.9,9.0,15.5,14.0,0.2,1.1,0.1,1.6
E07000188,Sedgemoor,4.359005,12.100035,44.5,35.2,14.8,4.4,1.2,5.6000000000000005,69.9,15.8,36.3,0.4,2.2,2.9,6.0,3.6,2.7,30.1,17.0,3.4,4.0,4.0,1.6,3.584912488088489,25.1,14.7,17.1,4.7,11.8,22.1,4.5,71.3,37.5,33.8,0.6,12.2,7.5,4.7,14.6,13.1,0.2,1.1,0.2,1.4
E07000189,South Somerset,3.1999977,11.861193,45.4,35.9,13.8,3.8,1.0,4.8,71.2,15.8,38.6,0.4,2.1,3.1,6.1,2.7,2.4,28.8,17.9,3.0,3.6,3.1,1.4,2.737714828568961,21.9,13.7,17.0,5.2,12.4,25.1,4.7,70.3,38.4,31.9,0.8,14.0,4.0,9.9,13.3,11.3,0.6,1.0,0.4,1.6
E07000190,Taunton Deane,4.0079618,10.895358,47.1,34.5,13.5,3.8,1.0,4.8,72.0,16.3,39.3,0.4,2.0,2.8,5.5,2.8,3.0,28.0,15.6,4.0,3.4,3.6,1.5,2.816740791424336,20.5,13.0,17.9,3.7,12.3,28.1,4.6,66.9,34.8,32.1,0.5,15.6,11.6,4.0,15.4,13.9,0.3,1.0,0.3,1.5
E07000191,West Somerset,3.8158586,12.988474,40.6,36.4,16.6,5.1,1.4,6.5,64.7,14.6,29.3,0.6,3.0,4.5,8.3,2.8,1.8,35.3,23.1,3.0,3.4,4.2,1.6,2.761056264547717,24.8,13.6,16.7,4.0,10.7,24.8,5.3,66.7,45.0,21.7,0.5,14.6,1.2,13.5,16.1,14.0,0.4,1.2,0.4,2.1
W06000001,Isle of Anglesey,5.01142,13.007558,48.0,30.6,15.1,4.9,1.4,6.300000000000001,65.0,13.7,34.0,0.5,2.2,2.3,5.2,4.7,2.4,35.0,20.0,4.5,3.7,5.1,1.8,4.685347711440828,24.2,12.7,16.2,4.7,11.9,26.1,4.2,68.5,40.7,27.9,0.2,14.7,12.7,1.9,14.1,12.1,0.3,1.3,0.4,2.4
W06000002,Gwynedd,4.837272,13.0442295,50.4,30.7,13.6,4.1,1.2,5.3,65.2,13.8,31.3,0.4,2.8,2.6,6.5,3.6,4.2,34.8,16.4,8.8,3.4,4.3,1.8,3.572031086567769,23.2,11.8,16.1,3.7,14.5,26.4,4.3,65.4,40.3,25.1,0.3,16.3,8.4,8.0,15.4,13.3,0.3,1.5,0.3,2.6
W06000003,Conwy,5.0525784,12.936608,45.4,32.1,15.5,5.4,1.6,7.0,65.7,15.1,32.6,0.4,2.5,2.4,5.8,4.1,2.7,34.3,19.8,4.2,3.3,5.3,1.8,4.104705393988231,25.6,13.1,16.1,3.9,11.3,25.5,4.6,69.4,39.9,29.5,0.7,11.6,5.1,6.6,16.7,15.1,0.1,1.2,0.2,1.6
W06000004,Denbighshire,5.0395846,12.963373,46.6,31.4,14.7,5.7,1.6,7.300000000000001,65.6,14.3,34.2,0.4,2.3,2.2,5.3,4.2,2.6,34.4,18.5,4.8,3.4,6.0,1.7,4.221585200070926,25.4,14.0,16.8,3.8,11.4,24.2,4.3,68.5,36.8,31.7,0.7,13.1,8.1,5.0,15.9,14.3,0.2,1.2,0.2,1.8
W06000005,Flintshire,4.9342284,11.012685,48.7,32.5,13.2,4.4,1.2,5.6000000000000005,70.3,15.0,40.8,0.3,1.6,1.8,4.1,3.9,2.7,29.7,16.8,3.8,3.4,4.3,1.4,3.856665924771868,23.5,15.4,17.3,4.9,12.2,22.4,4.3,72.8,35.1,37.7,0.5,15.1,11.3,3.8,10.6,9.3,0.1,1.1,0.1,1.0
W06000006,Wrexham,6.7468596,11.083251,47.2,32.5,14.1,4.8,1.4,6.199999999999999,69.3,14.8,39.5,0.3,1.8,1.7,3.8,4.2,3.2,30.7,15.2,4.5,3.8,5.3,1.8,4.182752226646807,26.7,13.9,16.1,3.9,11.5,22.8,5.0,63.6,30.4,33.2,0.4,22.4,19.2,3.3,11.9,10.6,0.1,1.0,0.1,1.7
W06000023,Powys,3.3522418,12.942885,44.8,34.2,14.9,4.8,1.3,6.1,69.6,14.5,32.5,0.5,3.2,3.5,10.1,3.0,2.1,30.4,18.0,3.7,3.2,4.1,1.5,3.047809387003092,24.8,12.6,16.4,3.8,11.5,26.3,4.5,68.7,43.9,24.8,0.3,14.0,9.2,4.8,14.8,12.9,0.4,1.3,0.3,2.2
W06000008,Ceredigion,6.2964277,8.715828,47.1,32.1,14.4,4.8,1.5,6.3,61.1,11.5,26.4,0.4,2.8,3.1,8.1,2.6,6.2,38.9,16.6,13.6,2.8,4.4,1.4,2.559010539151642,19.8,10.5,15.0,3.2,19.2,27.9,4.3,67.6,43.8,23.8,0.3,10.1,3.2,6.9,19.9,17.9,0.2,1.3,0.5,2.1
W06000009,Pembrokeshire,4.8421917,13.055084,45.4,32.6,15.3,5.2,1.6,6.800000000000001,66.0,15.3,30.9,0.5,3.0,3.0,6.9,4.0,2.2,34.0,18.7,3.8,4.3,5.3,1.9,4.037524560188077,24.6,13.6,16.8,4.3,11.8,24.8,4.1,68.8,42.0,26.8,0.3,15.6,11.0,4.7,13.5,11.6,0.4,1.3,0.2,1.7
W06000010,Carmarthenshire,5.1393423,13.070564,45.0,30.3,16.3,6.2,2.2,8.4,64.9,13.9,33.7,0.4,2.2,2.2,6.2,3.7,2.5,35.1,18.1,4.5,3.8,6.8,1.9,3.7327916948770032,26.8,13.1,16.4,4.3,11.2,23.9,4.4,71.5,41.4,30.0,0.2,14.8,11.2,3.6,11.8,10.4,0.1,1.1,0.2,1.7
W06000011,Swansea,7.811705,11.960779,48.7,29.3,14.0,6.1,2.0,8.1,63.0,14.2,33.7,0.3,1.5,1.6,3.1,3.9,4.6,37.0,15.6,8.7,3.7,6.9,2.1,3.8599544558147945,23.9,12.3,15.3,4.3,13.9,25.8,4.4,64.0,33.4,30.6,0.3,19.2,12.7,6.5,14.7,13.2,0.1,1.2,0.2,1.7
W06000012,Neath Port Talbot,8.152593,11.896441,45.0,28.4,16.2,7.9,2.6,10.5,62.3,13.9,35.9,0.3,1.2,1.3,2.9,4.5,2.2,37.7,17.3,4.3,4.3,9.6,2.3,4.495756704794827,30.9,14.4,16.0,5.1,11.0,18.8,3.9,68.7,36.4,32.3,0.2,19.1,12.4,6.7,10.2,8.9,0.1,1.1,0.1,1.8
W06000013,Bridgend,8.013032,11.833278,46.1,29.9,15.1,6.8,2.1,8.9,64.6,14.2,37.0,0.3,1.5,1.5,3.3,4.6,2.3,35.4,16.7,4.1,3.9,7.7,3.0,4.5591167744759495,28.3,14.0,16.0,4.2,10.8,22.6,4.1,72.4,35.0,37.4,0.2,13.8,4.0,9.9,12.3,10.8,0.1,1.2,0.2,1.3
W06000014,The Vale of Glamorgan,5.2257357,11.265442,48.0,32.0,13.6,4.9,1.5,6.4,69.0,14.9,38.1,0.4,2.2,2.3,4.4,4.3,2.5,31.0,16.2,4.6,3.7,4.8,1.6,4.308617234468938,20.5,12.9,16.9,4.2,11.9,29.8,4.0,72.2,35.4,36.8,0.2,11.9,7.5,4.4,14.6,12.7,0.4,1.2,0.3,1.1
W06000015,Cardiff,7.0466814,8.59599,50.4,31.1,12.1,4.8,1.6,6.4,67.1,12.5,37.3,0.3,1.5,1.8,3.5,4.4,5.9,32.9,10.4,10.9,4.0,5.2,2.4,4.443880922741174,20.7,11.0,13.0,2.8,15.2,32.3,5.0,59.1,26.5,32.6,0.4,17.1,9.5,7.6,21.9,20.3,0.1,1.2,0.3,1.4
W06000016,Rhondda Cynon Taf,8.101624,11.956809,44.9,29.7,15.9,7.4,2.2,9.6,63.2,13.4,35.6,0.2,1.4,1.3,3.5,4.7,3.1,36.8,16.0,5.8,4.1,8.6,2.3,4.710340778973188,31.8,14.1,15.6,3.5,11.4,19.6,4.0,71.0,36.5,34.5,0.2,13.7,6.9,6.9,13.7,12.4,0.0,1.1,0.1,1.5
W06000024,Merthyr Tydfil,8.159693,11.788372,44.1,28.8,15.9,8.3,2.8,11.1,64.2,13.6,36.6,0.3,1.4,1.2,3.0,5.7,2.5,35.8,15.4,4.8,3.9,9.5,2.3,5.719620997302718,34.3,14.3,15.1,3.7,10.1,17.8,4.9,65.3,34.1,31.2,0.2,21.1,9.8,11.3,11.6,10.3,0.1,1.0,0.2,1.9
W06000018,Caerphilly,8.196331,11.797797,44.4,30.4,15.9,7.2,2.1,9.3,64.9,13.2,38.3,0.3,1.4,1.3,3.1,5.1,2.2,35.1,16.1,4.5,4.3,8.2,2.1,5.140129820542192,31.4,14.9,16.2,3.9,11.2,18.7,3.7,69.3,32.5,36.8,0.3,18.7,14.0,4.7,10.7,9.6,0.0,1.0,0.1,0.9
W06000019,Blaenau Gwent,8.184518,11.683101,41.9,30.6,16.8,8.2,2.5,10.7,62.0,13.1,35.0,0.3,1.1,1.0,2.6,6.9,2.1,38.0,16.8,4.3,4.5,9.6,2.7,6.86560250149588,36.0,15.8,15.5,3.5,9.8,15.2,4.2,62.1,32.9,29.1,0.1,23.9,11.1,12.9,12.8,11.4,0.1,1.0,0.3,1.0
W06000020,Torfaen,7.9757133,11.569504,43.3,32.5,15.5,6.5,2.1,8.6,66.3,14.4,38.7,0.3,1.3,1.2,3.1,4.8,2.6,33.7,16.8,4.0,4.4,6.7,1.8,4.784667281830971,28.9,15.0,16.3,4.3,11.2,20.3,4.0,66.2,31.6,34.6,0.5,23.6,10.0,13.7,8.6,7.5,0.0,0.9,0.2,1.0
W06000021,Monmouthshire,3.5516722,11.735499,46.4,33.7,14.0,4.6,1.4,6.0,68.5,14.1,36.7,0.4,2.5,3.0,6.1,3.4,2.3,31.5,17.6,4.3,3.7,4.0,1.9,3.3536539246978387,20.7,12.6,15.4,3.9,10.8,33.1,3.6,73.6,39.9,33.7,0.4,13.8,4.2,9.7,10.8,9.5,0.2,0.9,0.2,1.4
W06000022,Newport,7.3916354,11.045976,45.7,32.8,14.1,5.6,1.8,7.399999999999999,67.5,14.8,37.3,0.3,1.5,1.5,3.2,5.3,3.6,32.5,14.6,5.3,4.4,5.7,2.3,5.341398693183439,27.0,14.1,15.3,4.0,11.3,23.4,4.8,64.2,29.8,34.4,0.5,19.8,9.8,10.0,14.0,12.9,0.1,0.8,0.2,1.4
