year,area_code,area_name,tsne1,tsne2,tsne_cluster,pct_very_good,pct_good,pct_fair,pct_bad,pct_very_bad,pct_bad_or_very_bad,pct_unemployed_of_total,pct_retired,pct_student_inactive,pct_looking_after_home_family,pct_long_term_sick_disabled,pct_other_inactive
2011,E06000001,Hartlepool UA,26.58465,4.4291615,2,43.3,32.7,15.9,6.3,1.8,8.1,7.774983533920124,15.9,4.6,4.9,7.1,2.4
2011,E06000002,Middlesbrough UA,25.631342,9.096536,2,45.4,32.7,14.2,5.8,1.8,7.6,7.589183598372965,13.8,7.4,5.5,6.8,3.2
2011,E06000003,Redcar and Cleveland UA,25.271835,4.442959,2,42.4,33.9,15.9,6.1,1.8,7.899999999999999,6.587212761023221,19.4,4.2,4.4,5.9,2.1
2011,E06000004,Stockton-on-Tees UA,11.596146,12.849938,2,46.3,33.5,13.8,4.9,1.5,6.4,5.74103829254767,14.8,5.2,4.2,4.9,2.5
2011,E06000005,Darlington UA,8.819101,9.832992,2,44.6,35.2,14.3,4.5,1.4,5.9,5.222156977882169,15.9,3.6,4.0,4.9,1.9
2011,E06000006,Halton UA,19.79156,6.9064527,2,46.7,31.6,13.9,6.1,1.7,7.8,5.556154808646503,14.4,4.2,4.2,7.0,1.9
2011,E06000007,Warrington UA,1.5637286,10.055053,2,49.8,32.7,12.1,4.2,1.2,5.4,3.988331404179017,14.8,3.6,3.3,4.1,2.1
2011,E06000008,Blackburn with Darwen UA,23.707073,10.10917,2,45.4,33.2,14.1,5.7,1.6,7.300000000000001,5.339168909277225,12.7,5.8,6.8,7.1,3.5
2011,E06000009,Blackpool UA,25.545038,1.7821105,2,39.8,33.8,16.9,7.3,2.2,9.5,6.1042451330758185,16.2,3.7,3.8,7.9,2.4
2011,E06000010,"Kingston upon Hull, City of UA",27.060675,8.79612,2,43.1,34.9,14.9,5.5,1.6,7.1,8.0247626042705,12.1,6.9,5.0,6.0,2.7
2011,E06000011,East Riding of Yorkshire UA,2.5016325,2.8156626,2,45.2,35.0,14.5,4.2,1.2,5.4,3.5811135451191807,19.5,3.7,3.2,3.1,1.7
2011,E06000012,North East Lincolnshire UA,9.764668,11.385721,2,44.0,35.0,14.9,4.7,1.3,6.0,6.46331039603533,15.6,4.2,4.9,4.8,2.2
2011,E06000013,North Lincolnshire UA,8.03631,8.899229,2,43.7,35.8,14.7,4.5,1.2,5.7,4.79771763032478,16.6,3.7,4.4,4.2,1.8
2011,E06000014,York UA,-17.06323,-3.5266998,0,49.7,34.2,12.0,3.2,0.9,4.1000000000000005,3.0589696172616145,13.8,9.6,2.7,2.5,1.3
2011,E06000015,Derby UA,8.979622,13.519314,2,45.0,35.0,14.1,4.6,1.3,5.9,5.185424812176852,12.8,6.3,4.8,4.8,2.4
2011,E06000016,Leicester UA,-5.2731123,24.647493,3,44.9,35.6,13.4,4.5,1.5,6.0,6.184979688893293,9.3,11.4,6.2,5.1,3.4
2011,E06000017,Rutland UA,-9.933788,-17.372404,4,50.4,34.0,12.1,2.7,0.8,3.5,2.3769037409433684,16.9,5.8,3.2,1.7,3.0
2011,E06000018,Nottingham UA,0.65247846,26.868729,3,46.1,33.8,13.6,4.9,1.5,6.4,6.3665586542107615,9.1,16.3,4.7,5.7,3.0
2011,E06000019,"Herefordshire, County of UA",1.9350456,3.8682113,2,45.7,35.2,13.9,4.1,1.2,5.3,3.262091395512657,16.6,3.6,3.5,3.4,1.6
2011,E06000020,Telford and Wrekin UA,9.903956,13.04777,2,45.9,34.3,13.6,4.8,1.4,6.199999999999999,4.7481579011931725,13.7,5.1,4.8,4.9,2.0
2011,E06000021,Stoke-on-Trent UA,23.908491,5.036401,2,42.0,34.7,15.3,6.2,1.9,8.1,5.314318848190451,14.3,5.6,4.7,7.2,2.7
2011,E06000022,Bath and North East Somerset UA,-17.662092,-3.6161442,0,50.5,33.4,11.8,3.3,0.9,4.2,2.717732669475297,13.7,10.1,3.3,2.8,1.4
2011,E06000023,"Bristol, City of UA",3.0447187,19.649885,3,48.8,33.5,12.2,4.2,1.3,5.5,4.297586981269401,9.8,9.0,3.9,4.3,2.3
2011,E06000024,North Somerset UA,1.3003478,4.455215,2,46.3,34.8,13.7,4.1,1.2,5.3,2.992734878089053,17.5,3.2,3.5,3.9,1.4
2011,E06000025,South Gloucestershire UA,-10.450971,2.3113155,0,49.1,34.9,11.8,3.3,0.9,4.2,2.7817611239270943,14.2,4.1,3.2,2.5,1.5
2011,E06000026,Plymouth UA,7.014317,17.499277,3,46.0,33.5,13.9,5.1,1.4,6.5,4.242228316978299,14.1,8.4,3.9,5.2,1.8
2011,E06000027,Torbay UA,20.970678,3.552278,2,41.7,34.4,16.3,5.8,1.7,7.5,4.547872340425532,19.6,3.2,3.9,5.8,1.8
2011,E06000030,Swindon UA,-8.761417,11.469464,0,48.3,35.2,12.0,3.6,1.0,4.6,4.230269989615784,11.6,3.2,4.1,3.4,1.8
2011,E06000031,Peterborough UA,-4.327366,15.2378435,3,44.3,37.3,13.3,4.0,1.1,5.1,5.056757206124638,11.6,3.9,5.5,4.1,2.6
2011,E06000032,Luton UA,-6.9372826,22.479942,3,46.6,36.1,12.4,3.7,1.2,4.9,5.741419205553413,9.9,7.4,6.7,3.8,3.3
2011,E06000033,Southend-on-Sea UA,8.134838,12.184093,2,45.1,35.1,14.1,4.5,1.3,5.8,4.966921852376267,14.1,3.8,5.0,4.2,2.1
2011,E06000034,Thurrock UA,-6.858635,14.087313,3,48.2,34.7,12.3,3.7,1.0,4.7,5.42392485366794,11.7,3.5,5.2,3.5,2.1
2011,E06000035,Medway UA,-4.3393292,14.147842,3,45.7,36.3,13.0,3.9,1.1,5.0,4.876955881292556,12.7,5.1,5.2,3.8,2.1
2011,E06000036,Bracknell Forest UA,-18.969984,4.978763,0,52.4,34.3,10.1,2.5,0.7,3.2,3.378410895615766,10.2,3.6,4.2,2.1,1.5
2011,E06000037,West Berkshire UA,-18.030407,4.689161,0,51.6,34.5,10.7,2.5,0.7,3.2,2.926267692362611,12.6,3.4,4.3,2.2,1.4
2011,E06000038,Reading UA,-12.2923565,14.232155,0,50.2,35.3,10.8,2.9,0.8,3.7,4.562187521402644,8.6,8.0,4.6,2.8,2.2
2011,E06000039,Slough UA,-7.5865273,21.509071,3,47.9,36.0,11.6,3.5,1.0,4.5,5.415198391367537,7.5,5.8,6.5,3.4,3.4
2011,E06000040,Windsor and Maidenhead UA,-21.75109,1.8964258,0,54.5,32.2,9.8,2.7,0.7,3.4000000000000004,3.157884639366121,12.8,4.4,4.8,1.8,1.7
2011,E06000041,Wokingham UA,-21.315142,3.5658765,0,54.3,33.6,9.4,2.1,0.6,2.7,2.6346494704871164,13.3,4.0,4.3,1.6,1.2
2011,E06000042,Milton Keynes UA,-11.612291,11.803897,0,50.2,34.9,10.8,3.2,0.9,4.1000000000000005,4.763348678225873,10.3,3.9,4.6,3.2,2.1
2011,E06000043,Brighton and Hove UA,2.6403441,18.633022,3,49.3,33.6,11.8,4.1,1.2,5.3,3.708869406808608,9.3,9.8,3.4,4.2,1.7
2011,E06000044,Portsmouth UA,3.6418128,18.801706,3,47.7,34.8,12.4,3.9,1.2,5.1,4.252301486613969,10.7,10.7,4.1,3.8,1.9
2011,E06000045,Southampton UA,3.7957969,18.751158,3,47.6,35.0,12.4,3.9,1.2,5.1,4.2347156786033375,9.9,11.6,4.1,4.1,2.0
2011,E06000046,Isle of Wight UA,11.680591,0.618674,2,40.8,36.5,16.2,5.0,1.5,6.5,4.397124725555656,20.5,3.7,3.9,4.5,3.0
2011,E06000047,County Durham UA,22.346695,3.0561967,2,42.4,33.4,16.1,6.3,1.8,8.1,4.432823687584029,17.1,6.2,3.7,6.5,2.2
2011,E06000049,Cheshire East UA,0.17602074,8.180829,0,49.1,33.2,12.8,3.8,1.1,4.9,3.2263898166840743,17.1,4.2,3.5,3.1,1.5
2011,E06000050,Cheshire West and Chester UA,1.7684293,8.920932,2,48.5,33.1,12.9,4.3,1.2,5.5,3.680368489235261,16.4,4.4,3.5,3.9,1.5
2011,E06000051,Shropshire UA,-0.6337617,4.2073255,0,46.5,34.9,13.5,3.9,1.1,5.0,3.282832794383006,16.9,3.9,3.4,3.2,1.6
2011,E06000052,Cornwall UA,9.914093,4.8981314,2,45.2,33.6,14.9,4.9,1.4,6.300000000000001,3.264430717639858,18.9,4.3,4.0,4.4,1.7
2011,E06000053,Isles of Scilly UA,-16.377487,0.48529106,0,51.5,34.2,11.3,2.4,0.6,3.0,1.1097410604192357,12.9,0.8,1.6,0.9,1.8
2011,E06000054,Wiltshire UA,-13.980024,5.067245,0,49.8,34.0,12.1,3.2,0.9,4.1000000000000005,2.944389640601304,14.7,3.3,4.0,2.7,1.5
2011,E06000055,Bedford UA,-6.095567,12.214961,0,46.9,36.0,12.6,3.6,1.0,4.6,4.447804226293028,12.8,5.5,4.3,3.3,2.3
2011,E06000056,Central Bedfordshire UA,-12.312996,5.3333044,0,49.1,35.5,11.5,3.0,0.8,3.8,3.4517674034865906,13.5,4.2,3.9,2.4,1.3
2011,E07000008,Cambridge,-24.735426,12.371819,0,54.7,32.0,9.7,2.9,0.8,3.7,2.6871381622457595,7.1,21.8,3.0,2.5,1.6
2011,E07000009,East Cambridgeshire,-12.5218935,4.373009,0,48.8,35.2,12.1,3.1,0.8,3.9,2.8774253055308496,13.5,2.9,4.2,2.4,1.3
2011,E07000010,Fenland,9.964765,-0.243657,2,39.4,37.8,16.5,4.8,1.4,6.199999999999999,4.232002079182188,17.1,3.1,4.3,4.5,2.0
2011,E07000011,Huntingdonshire,-11.096287,5.6971455,0,48.8,35.7,11.6,3.1,0.9,4.0,3.156861806519553,14.1,3.2,3.8,2.5,1.9
2011,E07000012,South Cambridgeshire,-18.116224,2.0379236,0,52.5,33.7,10.6,2.5,0.7,3.2,2.318633500032474,13.0,4.0,3.6,2.0,1.3
2011,E07000026,Allerdale,8.391244,4.6957693,2,44.5,34.5,14.7,4.9,1.3,6.2,3.596889176928062,18.9,3.0,3.2,4.5,1.5
2011,E07000027,Barrow-in-Furness,22.784498,2.0950391,2,42.8,33.1,15.8,6.6,1.8,8.4,4.627908341976009,17.9,3.2,3.5,7.3,1.7
2011,E07000028,Carlisle,7.3384852,4.3639703,2,45.2,34.9,14.0,4.6,1.3,5.9,3.579736203492977,15.5,3.5,2.9,4.7,1.5
2011,E07000029,Copeland,15.35005,6.030049,2,44.4,33.9,14.9,5.3,1.5,6.8,4.240825775112899,18.3,3.0,3.6,5.4,2.5
2011,E07000030,Eden,-6.0158176,-0.7486045,0,46.1,35.8,13.7,3.6,0.9,4.5,2.122111785207177,17.6,2.8,2.4,2.8,1.1
2011,E07000031,South Lakeland,-6.181417,-0.45371613,0,46.8,35.1,13.6,3.6,1.0,4.6,2.0097321675831785,20.4,3.0,2.3,2.6,1.2
2011,E07000032,Amber Valley,8.461266,6.0087557,2,44.0,35.0,15.0,4.8,1.3,6.1,3.868239139556969,17.4,3.4,3.8,4.1,1.5
2011,E07000033,Bolsover,23.316711,2.804848,2,40.8,33.5,17.1,6.8,1.8,8.6,4.668871212798284,16.9,3.5,4.4,6.5,1.8
2011,E07000034,Chesterfield,21.403875,3.851889,2,41.7,34.3,16.4,6.0,1.6,7.6,4.655210773599968,16.9,3.6,3.8,6.0,1.8
2011,E07000035,Derbyshire Dales,-4.8086796,0.68035656,0,47.1,34.7,13.7,3.5,1.1,4.6,2.6819038824117896,19.1,3.3,3.0,2.5,1.8
2011,E07000036,Erewash,7.908959,7.795505,2,44.0,35.4,15.0,4.3,1.3,5.6,4.5297727850476335,15.6,3.6,3.8,4.0,1.6
2011,E07000037,High Peak,0.92187715,7.074129,2,47.5,34.1,13.2,4.1,1.1,5.199999999999999,3.822582320556768,15.7,4.3,3.0,3.7,1.3
2011,E07000038,North East Derbyshire,11.788698,5.0093746,2,43.0,34.3,15.9,5.4,1.5,6.9,3.671385788184046,19.3,3.4,3.5,4.5,1.4
2011,E07000039,South Derbyshire,-2.556328,5.2602005,0,47.6,34.4,13.1,3.9,1.0,4.9,3.059755219582433,14.8,3.6,4.0,3.5,1.6
2011,E07000040,East Devon,-1.6011492,0.47535452,0,43.8,36.0,15.1,4.0,1.1,5.1,2.446595244767304,22.4,2.9,3.3,2.8,1.3
2011,E07000041,Exeter,1.815177,17.146183,3,49.9,33.4,12.0,3.7,1.1,4.800000000000001,3.0588314124899494,11.1,12.8,2.9,3.5,1.6
2011,E07000042,Mid Devon,-4.3566527,3.4840856,0,46.6,35.4,13.4,3.6,1.0,4.6,2.7091876018407435,16.5,3.2,3.7,3.1,1.5
2011,E07000043,North Devon,5.039921,5.8076963,2,46.4,33.8,14.2,4.3,1.3,5.6,3.039684773430904,18.2,3.0,3.8,3.7,1.6
2011,E07000044,South Hams,-4.66161,0.3124344,0,47.4,34.4,13.3,3.8,1.1,4.9,2.345876569279245,20.2,3.3,3.2,3.1,1.5
2011,E07000045,Teignbridge,2.7210367,1.6146842,2,44.9,34.9,14.7,4.2,1.3,5.5,2.768494819550469,19.0,3.0,3.3,3.6,2.0
2011,E07000046,Torridge,9.1395445,5.354273,2,43.5,34.8,15.4,4.9,1.3,6.2,3.4100193506772736,20.5,3.1,3.9,4.0,1.6
2011,E07000047,West Devon,2.0614548,1.7426213,2,45.9,34.7,14.3,4.0,1.2,5.2,3.0738809994607226,19.6,3.3,3.4,3.4,2.1
2011,E07000061,Eastbourne,9.612666,7.2090898,2,43.1,35.4,15.3,4.7,1.4,6.1,4.078157592269379,16.8,5.2,3.8,4.5,1.8
2011,E07000062,Hastings,24.667542,6.239489,2,40.5,36.2,15.8,5.7,1.7,7.4,5.483372705796838,14.3,4.1,4.7,6.6,2.5
2011,E07000063,Lewes,3.7643676,3.3115456,2,44.8,35.5,14.3,4.2,1.2,5.4,3.3478179272113064,17.6,3.7,3.9,3.5,1.8
2011,E07000064,Rother,9.038182,-1.4045211,2,40.6,36.6,16.5,4.9,1.4,6.300000000000001,3.2118483638504003,22.5,3.8,4.3,4.1,1.9
2011,E07000065,Wealden,-6.8245435,5.0535793,0,47.6,34.9,13.0,3.5,1.0,4.5,2.521746521973196,18.0,3.4,4.3,2.7,1.5
2011,E07000066,Basildon,-1.9713374,14.353583,3,46.2,35.0,13.3,4.2,1.3,5.5,4.647243531141938,13.9,3.4,5.7,3.9,1.8
2011,E07000067,Braintree,-8.766223,9.855804,0,47.5,35.7,12.4,3.4,0.9,4.3,3.7613148672201504,14.1,3.0,4.6,3.1,1.5
2011,E07000068,Brentwood,-16.350468,8.178734,0,51.0,33.3,11.6,3.1,0.9,4.0,3.147718046035612,14.9,4.4,4.8,2.3,1.5
2011,E07000069,Castle Point,6.5059695,1.8536261,2,43.5,36.1,14.7,4.4,1.3,5.7,3.5419181134527897,19.4,2.9,4.8,3.2,1.6
2011,E07000070,Chelmsford,-15.000927,5.768191,0,50.2,34.7,11.4,2.8,0.8,3.6,3.414097806666505,14.1,3.9,4.2,2.3,1.6
2011,E07000071,Colchester,-11.019808,8.338184,0,48.8,34.8,12.1,3.3,1.0,4.3,3.466031953454365,13.1,7.0,4.1,3.2,1.5
2011,E07000072,Epping Forest,-13.602052,10.350153,0,49.3,33.8,12.4,3.6,1.0,4.6,3.5962569795413915,14.1,4.5,4.9,2.6,1.9
2011,E07000073,Harlow,-2.937244,13.438556,3,45.1,35.9,13.7,4.1,1.2,5.3,5.186725527961956,11.3,3.6,4.7,3.7,1.9
2011,E07000074,Maldon,-6.017662,6.0409846,0,46.2,35.6,13.4,3.7,1.1,4.800000000000001,3.041448266748888,17.9,3.0,4.7,2.8,1.4
2011,E07000075,Rochford,-7.583746,5.7023773,0,47.8,34.9,13.0,3.4,0.9,4.3,3.0384774513860155,17.7,3.1,4.6,2.3,1.5
2011,E07000076,Tendring,20.13162,1.140484,2,38.4,35.8,18.1,5.8,1.8,7.6,4.670788253477589,23.1,3.3,4.6,5.3,2.0
2011,E07000077,Uttlesford,-19.957945,3.7263331,0,52.5,33.3,10.9,2.6,0.7,3.3,2.674911536979294,13.5,4.2,4.9,1.8,1.4
2011,E07000078,Cheltenham,-11.319288,7.9494367,0,49.9,34.3,11.8,3.1,0.9,4.0,3.343013125798583,12.7,6.3,3.5,3.0,1.6
2011,E07000079,Cotswold,-11.452911,3.1579947,0,48.8,35.1,12.3,3.0,0.8,3.8,2.481897627965044,16.2,4.4,3.9,2.1,1.4
2011,E07000080,Forest of Dean,4.5424867,3.2658138,2,44.3,35.8,14.5,4.3,1.1,5.4,3.453704777845909,17.7,4.4,3.9,3.7,1.6
2011,E07000081,Gloucester,-4.798912,11.243309,0,46.6,35.5,13.1,3.8,1.1,4.9,4.262328258865328,12.1,4.2,4.0,4.0,1.9
2011,E07000082,Stroud,-7.144654,2.9163356,0,47.7,35.2,12.8,3.4,0.9,4.3,2.813739247147825,15.6,3.6,3.5,2.8,1.3
2011,E07000083,Tewkesbury,-7.662516,3.309452,0,47.6,35.6,12.5,3.3,1.0,4.3,2.818128508000336,16.9,3.0,3.6,2.4,1.4
2011,E07000084,Basingstoke and Deane,-16.782269,5.0521083,0,50.7,35.1,10.8,2.7,0.7,3.4000000000000004,3.244809035807308,12.5,2.7,4.0,2.4,1.4
2011,E07000085,East Hampshire,-15.522041,4.4618006,0,50.5,34.7,11.1,2.9,0.8,3.7,2.553818155695505,15.3,3.9,4.3,2.3,1.3
2011,E07000086,Eastleigh,-11.529344,4.2205358,0,49.2,35.3,11.6,3.0,0.9,3.9,3.022427988032583,14.1,3.1,3.6,2.6,1.2
2011,E07000087,Fareham,-9.266953,2.481701,0,48.5,35.2,12.2,3.1,0.9,4.0,2.607207074065864,17.3,3.4,3.2,2.2,1.2
2011,E07000088,Gosport,-3.7781718,11.349739,0,45.3,36.2,13.6,3.9,1.0,4.9,4.235365300257147,14.5,3.6,4.3,3.6,1.7
2011,E07000089,Hart,-21.775986,3.422017,0,55.0,33.1,9.3,2.1,0.6,2.7,2.375656331805045,14.3,3.3,4.4,1.3,1.2
2011,E07000090,Havant,6.6736236,7.5919156,2,44.3,35.9,14.2,4.3,1.3,5.6,3.99318237156075,17.3,3.4,4.4,4.2,1.6
2011,E07000091,New Forest,-2.3240042,1.4888709,0,45.1,35.9,14.1,3.8,1.1,4.9,2.634657606692415,19.7,2.7,3.8,2.8,1.4
2011,E07000092,Rushmoor,-13.051115,8.127649,0,50.1,35.5,10.8,2.8,0.8,3.6,3.7227933153391146,9.8,3.8,4.0,2.7,2.0
2011,E07000093,Test Valley,-14.471956,3.973932,0,50.0,34.6,11.6,3.0,0.8,3.8,2.5197278268676464,15.5,3.4,4.0,2.4,1.3
2011,E07000094,Winchester,-19.874647,0.5620575,0,53.2,32.8,10.6,2.7,0.7,3.4000000000000004,2.299544351736789,14.5,6.7,3.9,2.2,1.6
2011,E07000095,Broxbourne,-8.011855,10.9981165,0,47.7,35.3,12.3,3.6,1.0,4.6,4.1790559031938335,13.2,4.3,4.8,2.8,1.8
2011,E07000096,Dacorum,-14.128017,9.383728,0,50.3,34.1,11.6,3.2,0.9,4.1000000000000005,3.6672732496887273,12.4,3.8,4.5,2.7,2.1
2011,E07000098,Hertsmere,-15.792377,9.7656,0,51.5,32.9,11.4,3.2,0.9,4.1000000000000005,3.705723594971403,11.2,6.1,4.7,2.8,1.8
2011,E07000099,North Hertfordshire,-14.891705,6.400313,0,50.2,34.1,11.8,3.1,0.8,3.9,3.436782865260627,13.3,3.7,4.3,2.4,1.3
2011,E07000102,Three Rivers,-16.390673,7.130731,0,50.7,34.2,11.2,3.1,0.8,3.9,3.177450352338244,12.8,4.5,4.7,2.3,1.7
2011,E07000103,Watford,-12.225917,11.140215,0,50.1,34.8,11.0,3.2,0.9,4.1000000000000005,4.061250660028664,9.4,4.6,4.6,2.7,2.1
2011,E07000105,Ashford,-8.014122,9.756348,0,47.6,35.1,12.7,3.5,1.1,4.6,3.629587428191616,14.4,3.3,4.9,3.1,1.7
2011,E07000106,Canterbury,3.1462352,17.052126,3,46.8,34.6,13.4,4.1,1.1,5.199999999999999,3.0482626690623684,15.0,12.5,3.6,3.3,1.8
2011,E07000107,Dartford,-9.125214,11.30193,0,48.6,34.9,12.2,3.4,1.0,4.4,4.396493020088526,11.9,3.5,4.4,3.0,1.8
2011,E07000108,Dover,9.953829,8.438417,2,43.4,35.4,15.0,5.0,1.3,6.3,4.464882529151091,17.6,4.0,4.4,4.5,2.1
2011,E07000109,Gravesham,-3.348667,14.5655155,3,46.5,35.0,13.4,4.0,1.1,5.1,5.074394392753208,13.5,4.2,5.3,3.8,2.3
2011,E07000110,Maidstone,-8.70948,9.127616,0,48.1,35.1,12.4,3.4,1.0,4.4,3.398362639206578,14.4,3.6,4.5,2.7,1.9
2011,E07000111,Sevenoaks,-17.23644,8.49997,0,51.2,33.4,11.5,3.1,0.9,4.0,2.84050768593632,15.3,4.1,5.4,2.2,1.6
2011,E07000112,Shepway,10.687654,8.177125,2,42.2,36.1,15.2,4.9,1.5,6.4,4.588262465036311,17.7,3.7,4.5,4.9,2.1
2011,E07000113,Swale,7.4081864,12.827942,2,44.3,35.9,14.1,4.4,1.3,5.7,4.60210735546158,15.1,3.7,5.2,4.4,2.7
2011,E07000114,Thanet,25.159952,5.7249227,2,40.7,35.1,16.7,5.8,1.7,7.5,5.672722652776013,18.2,4.3,4.9,5.6,2.1
2011,E07000115,Tonbridge and Malling,-15.43779,7.022177,0,49.9,34.3,11.8,3.1,0.9,4.0,2.984901949441777,14.5,4.0,4.7,2.5,1.4
2011,E07000116,Tunbridge Wells,-17.276875,7.8288875,0,51.4,33.6,11.1,3.1,0.8,3.9,2.9505679325305905,12.6,4.8,5.1,2.7,1.7
2011,E07000117,Burnley,23.279016,5.6488633,2,42.9,33.6,15.7,6.0,1.7,7.7,5.273289573340065,15.4,4.3,4.5,7.0,2.7
2011,E07000118,Chorley,0.9444612,-2.2481105,0,47.9,33.3,13.3,4.3,1.2,5.5,3.2369826518742726,16.1,3.2,2.9,4.1,2.8
2011,E07000119,Fylde,9.831518,3.7506146,2,44.6,33.8,15.3,4.9,1.4,6.300000000000001,3.092915811088296,20.6,3.3,3.1,4.0,2.2
2011,E07000120,Hyndburn,22.624939,5.268042,2,43.1,34.2,15.1,5.9,1.7,7.6,4.606210158338475,15.1,4.3,4.5,6.7,2.4
2011,E07000121,Lancaster,4.0361185,16.67996,3,46.7,33.8,13.7,4.5,1.3,5.8,3.2547242874845104,15.2,10.9,2.8,4.3,1.7
2011,E07000122,Pendle,22.817654,8.484023,2,43.6,34.5,15.0,5.5,1.5,7.0,4.674115456238361,15.1,4.1,5.7,6.1,2.6
2011,E07000123,Preston,6.370503,18.927633,3,46.6,34.1,13.3,4.7,1.3,6.0,4.395446029687275,11.7,8.2,4.4,5.4,2.6
2011,E07000124,Ribble Valley,-14.297714,-0.5630087,0,51.5,32.2,12.3,3.2,0.9,4.1000000000000005,2.063703524282427,18.0,3.6,2.4,2.7,1.4
2011,E07000125,Rossendale,14.827158,9.466729,2,46.2,33.1,14.1,5.1,1.4,6.5,4.17373939091363,14.7,4.3,3.6,5.4,1.7
2011,E07000126,South Ribble,-0.2658516,6.373343,0,47.7,34.1,13.1,4.1,1.0,5.1,3.009023341370653,16.5,3.3,2.7,3.5,1.2
2011,E07000127,West Lancashire,14.363321,11.292449,2,47.6,32.7,13.4,4.9,1.4,6.300000000000001,3.897011066040857,17.0,5.7,3.3,4.3,1.4
2011,E07000128,Wyre,12.335508,4.523078,2,43.2,33.6,16.0,5.5,1.7,7.2,3.172681972110272,21.2,3.9,2.9,4.4,1.3
2011,E07000129,Blaby,-9.038077,1.2283252,0,47.5,35.8,12.5,3.3,0.9,4.2,2.863269056856968,15.6,3.6,2.8,2.3,1.8
2011,E07000130,Charnwood,-16.4076,-4.018226,0,48.1,35.3,12.4,3.3,0.9,4.2,3.092016292301168,13.7,11.4,3.1,2.8,1.3
2011,E07000131,Harborough,-15.578314,1.2934004,0,50.9,34.3,11.4,2.7,0.8,3.5,2.450212394812075,15.5,3.9,3.0,2.0,1.7
2011,E07000132,Hinckley and Bosworth,-4.3906054,2.4673088,0,46.3,35.8,13.3,3.6,1.0,4.6,3.149930516238612,16.6,3.4,3.2,2.8,1.2
2011,E07000133,Melton,-10.064453,3.3621147,0,48.3,35.5,12.5,2.9,0.8,3.7,2.887295359220674,15.8,3.3,3.4,2.1,1.2
2011,E07000134,North West Leicestershire,2.671079,4.0428295,2,45.4,35.5,13.9,4.0,1.2,5.2,3.443899877472431,16.1,3.8,3.8,3.4,1.4
2011,E07000135,Oadby and Wigston,-2.312665,7.302615,0,45.2,36.6,13.4,3.7,1.1,4.800000000000001,3.220825060666225,15.0,8.7,3.2,2.7,1.5
2011,E07000136,Boston,9.605452,0.37570962,2,40.7,37.5,15.9,4.7,1.2,5.9,4.162262715088995,16.6,3.1,3.9,4.4,2.3
2011,E07000137,East Lindsey,20.212511,0.99217016,2,38.2,35.3,18.3,6.4,1.9,8.3,3.968857577455768,24.1,3.2,4.4,5.8,1.8
2011,E07000138,Lincoln,6.71378,20.789984,3,44.2,36.6,13.9,4.2,1.2,5.4,4.935943110216969,11.2,8.8,4.0,4.6,2.2
2011,E07000139,North Kesteven,-2.2442493,2.6069038,0,46.0,35.1,13.9,3.9,1.1,5.0,2.912893049760863,18.9,3.2,3.7,2.9,1.1
2011,E07000140,South Holland,8.89894,-0.19201729,2,40.5,37.6,15.8,4.7,1.4,6.1,3.9612015018773454,18.6,2.9,4.0,3.6,1.6
2011,E07000141,South Kesteven,-3.6963568,4.255678,0,46.8,35.1,13.3,3.7,1.0,4.7,3.3374777792620143,16.5,3.2,3.7,2.9,1.5
2011,E07000142,West Lindsey,5.2747865,2.966666,2,44.0,35.9,14.7,4.2,1.1,5.300000000000001,3.81041034014436,18.9,3.6,4.0,3.8,1.4
2011,E07000143,Breckland,7.683568,0.38256449,2,42.2,37.3,15.0,4.3,1.2,5.5,3.506201155283724,18.0,3.0,4.2,3.5,2.2
2011,E07000144,Broadland,-2.550637,0.583534,0,44.3,37.0,14.0,3.6,1.1,4.7,2.562427329605227,18.6,2.8,3.5,2.8,1.2
2011,E07000145,Great Yarmouth,25.638346,6.2466044,2,40.3,36.0,16.6,5.5,1.6,7.1,6.0625907680041005,18.3,3.6,4.9,5.3,2.3
2011,E07000146,Kings Lynn and West Norfolk,8.727075,-0.59168684,2,40.9,37.1,15.9,4.8,1.3,6.1,3.6597836590331263,19.6,3.1,4.3,4.1,1.7
2011,E07000147,North Norfolk,9.780786,-1.6302053,2,38.9,37.8,17.2,4.8,1.4,6.199999999999999,3.318013056740232,23.8,2.8,4.0,3.9,2.2
2011,E07000148,Norwich,6.4222274,20.449482,3,44.9,35.4,14.1,4.4,1.2,5.6000000000000005,5.024726420527894,10.7,9.5,4.3,4.9,2.2
2011,E07000149,South Norfolk,-5.310313,3.3786776,0,46.4,35.8,13.4,3.5,1.0,4.5,2.730111823768428,18.2,3.2,3.9,2.8,1.3
2011,E07000163,Craven,-6.5745125,0.2882096,0,47.6,34.6,13.3,3.6,0.9,4.5,2.5039944078290395,18.8,3.2,2.6,2.4,1.2
2011,E07000164,Hambleton,-7.7297335,1.4473842,0,48.7,34.4,12.6,3.3,1.0,4.3,2.5591908666002605,18.1,3.0,3.1,2.3,1.4
2011,E07000165,Harrogate,-14.995377,2.0610783,0,50.6,33.8,11.8,3.0,0.8,3.8,2.57019589961241,15.5,3.3,3.4,2.3,1.3
2011,E07000166,Richmondshire,-15.712881,2.4990819,0,51.3,33.5,11.5,2.9,0.8,3.7,2.887302080099348,14.9,2.4,3.6,2.2,1.8
2011,E07000167,Ryedale,-3.4406087,1.2862563,0,45.5,35.7,14.2,3.6,1.1,4.7,2.7380857348128043,18.6,3.4,3.1,2.5,1.4
2011,E07000168,Scarborough,11.529761,6.1547527,2,41.6,35.6,16.2,5.3,1.4,6.699999999999999,4.245966269066543,20.3,4.0,3.5,4.7,1.8
2011,E07000169,Selby,-4.119881,5.6726584,0,48.4,34.3,12.8,3.6,1.0,4.6,3.483689411460271,15.7,3.0,3.5,2.6,1.2
2011,E07000170,Ashfield,20.819592,4.4341903,2,42.1,34.5,16.3,5.7,1.5,7.2,4.702568238354328,16.5,3.3,4.5,5.6,1.9
2011,E07000171,Bassetlaw,14.933205,5.648916,2,42.8,34.7,15.8,5.2,1.5,6.7,3.954144409099094,17.1,3.5,3.8,5.1,2.7
2011,E07000172,Broxtowe,2.575034,5.3481946,2,45.5,35.0,14.3,4.1,1.1,5.199999999999999,3.868927218564967,16.5,5.6,3.3,3.5,1.4
2011,E07000173,Gedling,3.5880654,4.6765213,2,45.1,35.2,14.5,4.1,1.2,5.3,4.071610393352865,16.5,3.6,3.3,3.6,1.5
2011,E07000174,Mansfield,22.766708,4.004516,2,41.4,34.4,16.2,6.2,1.8,8.0,4.597239323439829,15.7,3.4,4.5,6.5,2.0
2011,E07000175,Newark and Sherwood,7.480725,6.057319,2,44.9,34.6,14.7,4.6,1.3,5.9,3.559332105294432,17.1,3.8,4.1,4.3,2.0
2011,E07000176,Rushcliffe,-14.806408,-0.36505008,0,51.9,32.6,11.5,3.1,0.9,4.0,2.751532412853693,15.9,5.5,3.0,2.2,1.5
2011,E07000177,Cherwell,-13.566545,6.832605,0,50.3,34.7,11.2,3.0,0.8,3.8,2.8430603569318964,12.3,3.4,3.8,2.5,2.3
2011,E07000178,Oxford,-24.828705,12.657226,0,55.2,31.7,9.4,2.8,0.9,3.7,3.209301147445477,7.0,21.6,3.5,2.6,1.9
2011,E07000179,South Oxfordshire,-18.871376,2.6505787,0,52.6,33.4,10.7,2.6,0.7,3.3,2.524460223754283,13.9,3.5,4.0,1.9,1.6
2011,E07000180,Vale of White Horse,-17.910986,2.9015212,0,51.9,34.0,10.8,2.6,0.7,3.3,2.503515209712268,13.9,3.9,3.9,1.9,1.3
2011,E07000181,West Oxfordshire,-16.763247,1.8537868,0,51.5,33.8,11.2,2.8,0.7,3.5,2.271444139542823,13.7,3.0,3.4,1.8,1.2
2011,E07000187,Mendip,-2.6334505,4.4283285,0,46.8,35.0,13.4,3.8,1.0,4.8,2.920422615793422,15.3,4.2,3.7,3.3,1.6
2011,E07000188,Sedgemoor,5.496989,4.106255,2,44.5,35.2,14.8,4.4,1.2,5.6000000000000005,3.584912488088489,17.0,3.4,4.0,4.0,1.6
2011,E07000189,South Somerset,-3.0893323,2.1763802,0,45.4,35.9,13.8,3.8,1.0,4.8,2.737714828568961,17.9,3.0,3.6,3.1,1.4
2011,E07000192,Cannock Chase,11.130774,8.844573,2,43.7,35.0,14.5,5.3,1.5,6.8,4.581177186816836,14.9,3.6,4.2,4.7,1.7
2011,E07000193,East Staffordshire,-4.2594466,11.943713,3,45.9,35.7,13.5,3.9,1.1,5.0,3.81776809256071,15.0,3.7,4.4,3.7,2.5
2011,E07000194,Lichfield,0.11616624,3.8037784,0,46.9,34.8,13.2,3.9,1.2,5.1,3.3856361277204807,18.6,3.7,3.5,3.0,1.8
2011,E07000195,Newcastle-under-Lyme,7.334426,16.655563,2,44.7,34.5,14.4,5.1,1.4,6.5,3.658417718091731,16.1,7.6,3.2,4.7,1.7
2011,E07000196,South Staffordshire,1.1965513,2.3779721,2,45.3,35.5,13.8,4.1,1.3,5.4,3.3078123838549023,18.3,3.9,3.2,2.8,2.0
2011,E07000197,Stafford,-0.67445964,3.1491761,0,46.1,35.6,13.2,3.9,1.1,5.0,3.1121206203685623,16.7,5.1,3.0,3.1,2.0
2011,E07000198,Staffordshire Moorlands,8.069115,3.5315409,2,44.2,35.1,14.9,4.6,1.4,6.0,2.817507109662204,19.1,3.3,2.9,4.1,1.3
2011,E07000199,Tamworth,5.826093,9.402324,2,45.6,35.2,13.4,4.4,1.3,5.7,4.470993964773987,14.3,3.5,4.2,4.1,1.4
2011,E07000200,Babergh,-6.252027,4.2497168,0,46.6,35.8,13.2,3.4,0.9,4.3,2.978993261989695,18.2,3.4,4.2,2.5,1.4
2011,E07000202,Ipswich,-3.436991,13.918679,3,45.6,35.8,13.5,3.9,1.1,5.0,5.36396101557113,11.6,3.8,4.8,4.2,2.1
2011,E07000203,Mid Suffolk,-8.976883,3.9503717,0,47.9,35.3,12.9,3.1,0.8,3.9,2.553051817390436,17.4,2.9,4.0,2.2,1.3
2011,E07000207,Elmbridge,-24.513103,1.0781913,0,56.5,31.0,9.4,2.5,0.7,3.2,2.6698686255120783,12.2,4.5,6.4,1.8,1.8
2011,E07000208,Epsom and Ewell,-18.888113,3.4171298,0,52.2,33.8,10.6,2.7,0.7,3.4000000000000004,2.7321395606424224,13.4,5.1,4.2,2.1,1.6
2011,E07000209,Guildford,-19.983261,-0.72514147,0,53.9,33.1,9.8,2.5,0.7,3.2,2.694651850980853,11.3,8.5,4.4,1.9,1.7
2011,E07000210,Mole Valley,-17.434877,3.87559,0,51.5,33.7,11.3,2.9,0.7,3.6,2.5157129224390404,15.7,3.8,4.4,2.1,1.4
2011,E07000211,Reigate and Banstead,-17.562592,6.1266274,0,51.5,34.0,10.8,2.8,0.8,3.6,2.916116281649239,12.4,3.5,4.4,2.3,2.1
2011,E07000212,Runnymede,-18.813927,-2.0129714,0,51.3,34.1,10.9,2.9,0.7,3.6,2.726071613734049,11.9,9.2,3.9,1.9,1.5
2011,E07000213,Spelthorne,-10.698106,5.7206116,0,48.0,35.8,12.0,3.2,0.9,4.1000000000000005,3.2567652611705475,13.3,3.2,3.9,2.3,1.8
2011,E07000214,Surrey Heath,-20.244608,2.8421474,0,53.5,33.3,10.0,2.5,0.7,3.2,2.766722608487173,13.5,3.5,4.4,1.7,1.8
2011,E07000215,Tandridge,-15.758573,5.663153,0,50.5,34.4,11.4,2.9,0.9,3.8,2.7667053500849352,14.1,4.3,4.3,2.2,1.6
2011,E07000216,Waverley,-20.80759,2.1011388,0,53.5,32.7,10.5,2.5,0.7,3.2,2.415408154922504,14.3,5.1,4.9,2.1,1.5
2011,E07000217,Woking,-18.699154,7.203477,0,51.8,34.6,10.3,2.6,0.8,3.4000000000000004,3.2249518976046403,11.5,3.6,5.5,2.3,1.8
2011,E07000218,North Warwickshire,6.7265944,4.7889633,2,45.1,34.8,14.1,4.6,1.4,6.0,3.599740090968161,16.5,3.3,3.3,3.5,1.5
2011,E07000219,Nuneaton and Bedworth,9.08579,8.610509,2,44.0,35.3,14.5,4.8,1.4,6.199999999999999,4.737756542512759,15.6,3.6,3.9,4.4,1.7
2011,E07000220,Rugby,-4.6529436,5.041018,0,47.7,35.3,12.6,3.5,1.0,4.5,3.591308291757721,14.7,3.9,3.5,2.8,1.5
2011,E07000221,Stratford-on-Avon,-8.165615,2.4422252,0,48.2,34.8,12.7,3.4,0.9,4.3,2.455316432609885,17.3,3.4,3.5,2.3,1.4
2011,E07000222,Warwick,-17.38485,-3.1578891,0,50.6,33.9,11.4,3.1,0.9,4.0,3.030627022928958,12.9,9.0,2.9,2.6,1.3
2011,E07000223,Adur,6.5191,0.8994574,2,42.7,36.6,15.0,4.5,1.2,5.7,3.342453260373917,16.8,3.3,3.9,3.6,1.5
2011,E07000224,Arun,7.2857046,0.022523215,2,42.0,36.8,15.6,4.4,1.2,5.6000000000000005,3.3355016922627296,20.4,3.1,3.7,3.5,1.8
2011,E07000225,Chichester,-7.132244,4.8646154,0,47.6,34.9,13.1,3.4,1.0,4.4,2.7974875674074804,18.2,4.4,4.2,2.4,1.5
2011,E07000226,Crawley,-8.123984,12.680248,0,47.6,35.9,12.1,3.5,1.0,4.5,4.512075296064539,9.5,3.3,4.9,3.2,2.1
2011,E07000227,Horsham,-15.910294,4.274511,0,50.6,34.8,11.1,2.7,0.8,3.5,2.7110413706821603,15.5,3.5,4.2,2.2,1.3
2011,E07000228,Mid Sussex,-17.208048,3.163088,0,51.8,34.0,10.7,2.8,0.8,3.6,2.428879224354626,14.2,3.6,4.0,2.0,1.4
2011,E07000229,Worthing,4.7554975,2.3994124,2,44.2,36.1,14.4,4.2,1.1,5.300000000000001,3.467943716537975,15.4,3.1,3.7,4.2,1.6
2011,E07000234,Bromsgrove,-0.3228737,-2.1493046,0,49.1,33.4,12.7,3.7,1.1,4.800000000000001,3.0527821611338064,16.3,4.2,2.8,2.5,2.4
2011,E07000235,Malvern Hills,1.5579638,3.0909622,2,45.6,35.1,14.1,3.9,1.4,5.3,3.158170130064285,19.2,4.8,3.5,3.2,1.5
2011,E07000236,Redditch,4.877894,9.788043,2,46.8,34.9,13.0,4.2,1.2,5.4,4.601506645554436,13.0,3.8,3.9,3.8,1.6
2011,E07000237,Worcester,-5.650909,10.400907,0,47.4,34.9,12.8,3.8,1.0,4.8,4.184949987735412,12.2,5.5,3.7,3.4,1.7
2011,E07000238,Wychavon,-3.7286232,3.0769074,0,46.4,35.6,13.3,3.7,1.0,4.7,3.1293503819562245,17.4,3.3,3.4,2.7,1.6
2011,E07000239,Wyre Forest,8.86373,6.6712976,2,43.6,35.2,15.2,4.6,1.4,6.0,4.204283087472867,18.5,3.3,3.6,4.1,1.7
2011,E08000001,Bolton,11.148897,13.119739,2,45.4,33.9,14.1,5.2,1.4,6.6,4.938646791847472,14.7,5.1,4.7,5.8,2.4
2011,E08000002,Bury,13.529052,10.325158,2,47.1,33.3,13.7,4.6,1.3,5.9,4.283264160609413,14.5,4.5,3.8,4.9,1.9
2011,E08000003,Manchester,1.5035372,26.787754,3,48.8,31.7,12.5,5.4,1.7,7.1000000000000005,5.713808195710988,7.6,14.1,4.9,6.6,3.3
2011,E08000004,Oldham,23.285192,8.893428,2,45.1,33.3,14.6,5.4,1.5,6.9,5.421087221857103,14.0,5.1,5.7,5.8,2.9
2011,E08000005,Rochdale,23.888464,7.8857765,2,44.5,33.1,14.8,5.9,1.7,7.6,5.923059800185934,13.7,5.3,5.1,6.8,3.0
2011,E08000006,Salford,21.246494,7.643702,2,46.0,32.4,14.0,5.9,1.7,7.6,5.2224795947249545,12.1,5.8,4.1,6.9,2.9
2011,E08000007,Stockport,2.5067837,8.821575,2,47.8,33.3,13.3,4.4,1.2,5.6000000000000005,3.897520822171351,15.3,4.2,3.5,4.2,1.6
2011,E08000008,Tameside,21.383621,5.8906126,2,44.0,33.7,15.1,5.7,1.6,7.300000000000001,4.987024569705002,14.7,4.3,4.0,6.2,2.2
2011,E08000009,Trafford,1.59028,10.732998,2,51.0,31.6,12.2,4.1,1.1,5.199999999999999,3.768902865987741,13.3,4.4,3.9,4.0,1.8
2011,E08000010,Wigan,17.8915,7.317957,2,45.4,32.7,14.7,5.7,1.5,7.2,4.85549377365272,16.2,3.5,3.5,6.2,1.8
2011,E08000011,Knowsley,25.980452,-2.5862994,2,46.0,29.8,14.7,7.3,2.2,9.5,6.524421835994536,13.6,4.8,4.5,8.8,2.7
2011,E08000012,Liverpool,24.511576,-2.0233533,2,46.7,30.5,14.0,6.7,2.1,8.8,6.719420751185286,11.5,10.3,3.8,8.0,3.0
2011,E08000013,St. Helens,19.782066,5.8572717,2,44.8,31.9,14.9,6.5,1.8,8.3,5.124089393752315,17.1,4.1,3.8,6.7,1.9
2011,E08000014,Sefton,18.21064,7.690979,2,45.3,32.5,14.8,5.7,1.6,7.300000000000001,4.8981568843120735,17.3,4.4,3.4,5.9,1.9
2011,E08000015,Wirral,19.342138,7.3915095,2,46.3,31.9,14.3,5.8,1.7,7.5,5.171734148866585,16.8,4.5,3.9,6.4,2.0
2011,E08000016,Barnsley,23.686846,3.400803,2,41.6,33.6,16.4,6.6,1.8,8.4,5.127783809160529,16.4,3.7,4.4,7.0,2.1
2011,E08000017,Doncaster,23.367552,7.39228,2,43.6,34.1,15.1,5.6,1.6,7.199999999999999,5.74844823136859,15.4,4.0,4.9,5.9,3.0
2011,E08000018,Rotherham,22.354782,5.878249,2,43.2,33.9,15.3,5.9,1.7,7.6,5.225075681398603,16.6,3.9,4.7,5.6,2.2
2011,E08000019,Sheffield,5.377753,19.271889,3,46.7,33.4,13.7,4.8,1.4,6.199999999999999,4.775136008408677,12.9,10.8,4.1,4.5,2.1
2011,E08000021,Newcastle upon Tyne,2.172834,25.973038,3,47.8,31.8,13.6,5.3,1.5,6.8,5.00413409500902,11.5,13.7,4.2,5.4,2.3
2011,E08000022,North Tyneside,16.3725,7.5076795,2,44.8,33.3,15.0,5.3,1.5,6.8,4.938839264583573,15.9,3.6,3.4,5.0,1.6
2011,E08000023,South Tyneside,25.367561,3.6773584,2,42.8,33.0,16.0,6.3,1.9,8.2,6.556188693441976,15.9,4.2,4.3,6.6,2.2
2011,E08000024,Sunderland,24.774664,2.8240404,2,42.6,32.9,16.0,6.6,2.0,8.6,5.845722736825718,15.7,5.2,4.2,6.9,2.1
2011,E08000025,Birmingham,-5.2746387,25.442253,3,45.5,33.9,13.9,5.0,1.6,6.6,7.117903011106844,10.7,9.7,6.4,5.3,3.7
2011,E08000026,Coventry,5.587697,19.957184,3,46.0,34.6,13.3,4.7,1.4,6.1,5.404729353821737,12.0,10.4,4.3,4.5,2.4
2011,E08000027,Dudley,10.33495,9.431624,2,42.4,35.8,15.3,5.1,1.4,6.5,5.320960101620458,16.2,4.3,4.6,4.4,2.0
2011,E08000028,Sandwell,26.592096,8.057248,2,41.9,34.8,15.6,5.9,1.8,7.7,7.31135083914937,13.0,5.3,5.9,5.8,3.2
2011,E08000029,Solihull,1.8078127,7.6031117,2,47.5,34.2,13.1,4.0,1.2,5.2,4.249123753033163,16.2,4.4,3.7,3.3,1.5
2011,E08000030,Walsall,26.505423,7.65057,2,42.2,35.1,15.5,5.6,1.7,7.3,6.774875764426433,15.0,5.0,5.8,5.2,2.9
2011,E08000031,Wolverhampton,27.152689,8.252066,2,41.8,35.3,15.7,5.5,1.7,7.2,7.849074634826622,13.2,6.1,5.3,5.4,3.1
2011,E08000032,Bradford,-5.847894,23.505592,3,44.8,35.6,13.7,4.5,1.3,5.8,5.795470991242897,12.0,6.4,6.7,5.0,3.4
2011,E08000033,Calderdale,6.847719,10.526264,2,46.3,34.3,13.8,4.4,1.2,5.6000000000000005,4.97022169044002,15.1,4.1,3.9,4.4,2.0
2011,E08000034,Kirklees,8.481029,13.266632,2,45.5,35.0,13.7,4.5,1.3,5.8,4.708750821956158,14.3,5.7,5.0,4.4,2.4
2011,E08000035,Leeds,3.3758876,19.81834,3,48.1,33.8,12.7,4.2,1.2,5.4,4.775973568643253,12.4,8.2,3.6,4.0,2.2
2011,E08000036,Wakefield,21.841337,4.7968082,2,42.7,34.0,15.5,6.0,1.7,7.7,4.855662103677639,16.1,3.5,4.0,5.8,2.2
2011,E09000001,City of London,-21.79443,-1.1821047,0,55.8,32.2,8.7,2.6,0.8,3.4000000000000004,2.964959568733154,9.2,5.8,2.4,1.8,2.0
2011,E09000002,Barking and Dagenham,-5.9979596,25.85519,3,47.2,33.7,12.9,4.7,1.4,6.1,7.34275053304904,8.6,7.4,7.4,5.1,3.7
2011,E09000003,Barnet,-11.140858,20.587452,3,51.5,33.0,11.0,3.4,1.1,4.5,4.440437543288075,8.9,8.2,5.5,3.1,3.0
2011,E09000004,Bexley,-7.1305766,11.621784,0,48.0,34.7,12.5,3.7,1.1,4.800000000000001,4.366720108007763,13.2,5.5,4.6,3.0,2.0
2011,E09000005,Brent,-8.127983,23.988733,3,48.1,34.8,11.8,4.0,1.4,5.4,5.7909689123161305,8.0,8.5,5.6,3.9,3.9
2011,E09000006,Bromley,-14.278325,9.947972,0,50.1,34.1,11.7,3.2,0.9,4.1000000000000005,3.895047609632469,13.3,4.8,4.8,2.7,1.9
2011,E09000007,Camden,-14.613549,23.575258,3,53.4,30.6,10.4,4.2,1.4,5.6,4.46117825729292,6.9,13.1,4.5,4.4,3.0
2011,E09000008,Croydon,-8.022891,19.753511,3,48.0,35.4,12.0,3.5,1.1,4.6,5.516863842340562,9.9,6.3,5.0,3.5,2.8
2011,E09000009,Ealing,-8.730503,22.481684,3,49.2,34.5,11.4,3.8,1.2,5.0,5.205646373692456,8.3,7.4,5.8,3.6,3.5
2011,E09000010,Enfield,-7.1121407,23.814383,3,46.8,35.0,12.7,4.1,1.3,5.4,5.888654786987108,9.8,7.7,6.0,4.1,3.9
2011,E09000011,Greenwich,-9.886265,24.593073,3,50.1,32.9,11.5,4.1,1.3,5.4,6.168528614732061,8.4,7.5,5.1,4.6,3.6
2011,E09000012,Hackney,-12.632782,24.010674,3,52.2,30.7,10.9,4.5,1.7,6.2,7.046627148215534,5.6,8.8,4.9,5.2,4.1
2011,E09000013,Hammersmith and Fulham,-15.066221,25.803064,3,56.5,29.2,9.4,3.6,1.3,4.9,4.8505001648895245,6.3,8.2,4.6,3.9,3.0
2011,E09000014,Haringey,-9.31374,24.65025,3,49.6,33.6,11.2,4.2,1.5,5.7,6.075768406004289,6.9,8.3,5.0,4.4,3.9
2011,E09000015,Harrow,-8.824543,19.97283,3,47.6,36.0,11.9,3.5,1.1,4.6,4.494394881860476,10.4,7.7,5.5,2.9,2.9
2011,E09000016,Havering,-4.130827,13.03979,3,46.0,35.6,13.3,4.0,1.2,5.2,4.456897760740499,14.3,4.6,4.9,3.2,2.0
2011,E09000017,Hillingdon,-9.350971,19.339994,3,48.8,35.3,11.5,3.4,1.0,4.4,4.348108800256094,10.2,8.4,5.2,2.9,2.5
2011,E09000018,Hounslow,-8.663518,21.159115,3,49.0,35.1,11.2,3.6,1.1,4.7,4.635643179057306,8.3,6.7,5.9,3.4,3.2
2011,E09000019,Islington,-13.439498,23.612215,3,51.6,30.7,11.2,4.7,1.7,6.4,5.425403726331979,6.2,10.0,4.0,5.3,3.4
2011,E09000020,Kensington and Chelsea,-16.817753,26.164503,3,57.8,28.5,9.1,3.4,1.2,4.6,4.309168781725888,8.0,8.7,6.1,3.6,4.1
2011,E09000021,Kingston upon Thames,-19.739012,-1.1970755,0,52.7,33.5,10.3,2.8,0.8,3.6,3.217099930644339,9.4,8.6,4.7,2.2,2.1
2011,E09000022,Lambeth,-12.92574,25.699522,3,52.9,32.1,10.3,3.5,1.2,4.7,5.996298321625374,5.6,6.8,3.5,3.8,3.3
2011,E09000023,Lewisham,-9.735173,23.938156,3,49.1,34.0,11.7,3.9,1.3,5.2,6.194274078204165,7.3,7.3,4.5,4.3,3.1
2011,E09000024,Merton,-14.028753,14.312311,0,52.0,33.6,10.5,3.0,0.9,3.9,4.058877792483857,8.6,6.1,5.3,2.5,2.6
2011,E09000025,Newham,-7.0234513,26.990942,3,48.5,34.6,11.3,4.1,1.5,5.6,6.872002725390683,5.8,10.9,7.2,4.2,4.7
2011,E09000026,Redbridge,-7.847713,22.315311,3,48.1,35.0,12.0,3.8,1.1,4.9,5.30710018842962,9.5,8.1,6.6,3.3,3.4
2011,E09000027,Richmond upon Thames,-24.553417,0.33597717,0,57.3,30.5,8.9,2.5,0.8,3.3,3.014247454256454,10.0,5.4,5.1,2.0,2.0
2011,E09000028,Southwark,-13.477311,25.356194,3,53.5,31.2,10.4,3.7,1.2,4.9,6.004871944458052,5.8,9.9,3.8,4.3,3.3
2011,E09000029,Sutton,-10.788162,10.692029,0,48.7,35.5,11.6,3.2,0.9,4.1000000000000005,3.913921130415976,11.1,4.7,4.5,2.8,1.9
2011,E09000030,Tower Hamlets,-7.406721,26.95084,3,50.6,32.7,10.7,4.4,1.6,6.0,6.745797549757825,4.7,9.9,7.0,4.5,4.0
2011,E09000031,Waltham Forest,-7.452179,23.310919,3,47.1,35.6,12.1,3.9,1.3,5.2,6.102273560305376,8.0,8.0,6.0,3.8,3.6
2011,E09000032,Wandsworth,-24.580143,-0.7765407,0,57.4,29.9,8.9,2.8,0.9,3.7,3.8233011542583553,6.2,6.0,4.3,2.9,2.7
2011,E09000033,Westminster,-15.421079,24.353342,3,54.2,30.0,10.0,4.2,1.6,5.800000000000001,4.524657417167602,6.8,10.2,5.4,4.8,4.1
2011,W06000001,Isle of Anglesey,16.644468,10.205026,2,48.0,30.6,15.1,4.9,1.4,6.300000000000001,4.685347711440828,20.0,4.5,3.7,5.1,1.8
2011,W06000002,Gwynedd,2.4977264,13.327019,3,50.4,30.7,13.6,4.1,1.2,5.3,3.572031086567769,16.4,8.8,3.4,4.3,1.8
2011,W06000003,Conwy,17.10799,8.565411,2,45.4,32.1,15.5,5.4,1.6,7.0,4.104705393988231,19.8,4.2,3.3,5.3,1.8
2011,W06000004,Denbighshire,17.94486,8.684419,2,46.6,31.4,14.7,5.7,1.6,7.300000000000001,4.221585200070926,18.5,4.8,3.4,6.0,1.7
2011,W06000005,Flintshire,2.3523674,9.507257,2,48.7,32.5,13.2,4.4,1.2,5.6000000000000005,3.856665924771868,16.8,3.8,3.4,4.3,1.4
2011,W06000006,Wrexham,14.677666,10.066585,2,47.2,32.5,14.1,4.8,1.4,6.199999999999999,4.182752226646807,15.2,4.5,3.8,5.3,1.8
2011,W06000008,Ceredigion,4.2441278,16.016634,3,47.1,32.1,14.4,4.8,1.5,6.3,2.559010539151642,16.6,13.6,2.8,4.4,1.4
2011,W06000009,Pembrokeshire,16.393372,8.525952,2,45.4,32.6,15.3,5.2,1.6,6.800000000000001,4.037524560188077,18.7,3.8,4.3,5.3,1.9
2011,W06000010,Carmarthenshire,24.699232,-4.567599,2,45.0,30.3,16.3,6.2,2.2,8.4,3.7327916948770032,18.1,4.5,3.8,6.8,1.9
2011,W06000011,Swansea,23.663574,-4.2628474,2,48.7,29.3,14.0,6.1,2.0,8.1,3.8599544558147945,15.6,8.7,3.7,6.9,2.1
2011,W06000012,Neath Port Talbot,27.19154,-3.7619767,2,45.0,28.4,16.2,7.9,2.6,10.5,4.495756704794827,17.3,4.3,4.3,9.6,2.3
2011,W06000013,Bridgend,25.572603,-4.675788,2,46.1,29.9,15.1,6.8,2.1,8.9,4.5591167744759495,16.7,4.1,3.9,7.7,3.0
2011,W06000014,The Vale of Glamorgan,15.21584,10.570708,2,48.0,32.0,13.6,4.9,1.5,6.4,4.308617234468938,16.2,4.6,3.7,4.8,1.6
2011,W06000015,Cardiff,2.5192292,25.179226,3,50.4,31.1,12.1,4.8,1.6,6.4,4.443880922741174,10.4,10.9,4.0,5.2,2.4
2011,W06000016,Rhondda Cynon Taf,26.08441,-3.8040073,2,44.9,29.7,15.9,7.4,2.2,9.6,4.710340778973188,16.0,5.8,4.1,8.6,2.3
2011,W06000018,Caerphilly,25.720531,-3.4874792,2,44.4,30.4,15.9,7.2,2.1,9.3,5.140129820542192,16.1,4.5,4.3,8.2,2.1
2011,W06000019,Blaenau Gwent,27.14203,-2.3517978,2,41.9,30.6,16.8,8.2,2.5,10.7,6.86560250149588,16.8,4.3,4.5,9.6,2.7
2011,W06000020,Torfaen,23.966097,1.7935255,2,43.3,32.5,15.5,6.5,2.1,8.6,4.784667281830971,16.8,4.0,4.4,6.7,1.8
2011,W06000021,Monmouthshire,6.1451726,6.002261,2,46.4,33.7,14.0,4.6,1.4,6.0,3.3536539246978387,17.6,4.3,3.7,4.0,1.9
2011,W06000022,Newport,20.615433,7.582791,2,45.7,32.8,14.1,5.6,1.8,7.399999999999999,5.341398693183439,14.6,5.3,4.4,5.7,2.3
2011,W06000023,Powys,8.520879,4.174751,2,44.8,34.2,14.9,4.8,1.3,6.1,3.047809387003092,18.0,3.7,3.2,4.1,1.5
2011,W06000024,Merthyr Tydfil,27.421095,-3.1050658,2,44.1,28.8,15.9,8.3,2.8,11.1,5.719620997302718,15.4,4.8,3.9,9.5,2.3
2021,E06000001,Hartlepool,20.51812,-10.308154,1,43.12,33.3,15.61,6.09,1.88,7.97,4.02,23.98,4.64,5.76,7.27,3.78
2021,E06000002,Middlesbrough,16.13332,-6.437165,1,46.7,32.23,13.77,5.54,1.77,7.31,5.1,20.42,7.0,6.61,6.92,4.43
2021,E06000003,Redcar and Cleveland,20.238949,-12.867721,1,42.54,34.0,15.84,5.8,1.82,7.62,3.56,28.51,3.96,4.98,6.47,3.0
2021,E06000004,Stockton-on-Tees,13.204352,-12.9536085,1,46.53,33.33,13.89,4.78,1.47,6.25,3.73,23.44,4.35,4.85,5.19,3.72
2021,E06000005,Darlington,11.924666,-18.125254,1,45.22,34.62,14.27,4.65,1.23,5.88,3.44,24.89,3.67,4.43,4.74,2.88
2021,E06000006,Halton,23.33415,-11.562872,1,45.97,32.27,14.08,5.83,1.85,7.68,3.21,22.09,3.77,4.41,6.78,3.26
2021,E06000007,Warrington,1.6844462,-18.097218,4,50.06,32.77,12.13,3.92,1.12,5.04,2.77,23.13,3.62,3.6,4.11,3.02
2021,E06000008,Blackburn with Darwen,14.320712,-6.7106633,1,47.79,32.32,13.25,5.06,1.58,6.64,3.81,17.78,6.51,8.03,6.55,4.14
2021,E06000009,Blackpool,22.267519,-8.219001,1,40.37,33.51,16.99,6.93,2.2,9.14,4.29,23.85,3.57,5.07,8.17,4.03
2021,E06000010,"Kingston upon Hull, City of",16.858765,-9.017954,1,43.36,34.89,14.92,5.24,1.59,6.83,4.85,18.01,5.97,5.86,6.41,3.83
2021,E06000011,East Riding of Yorkshire,4.706767,-25.876781,1,44.87,35.39,14.37,4.12,1.26,5.37,2.32,31.05,3.19,3.42,3.39,2.45
2021,E06000012,North East Lincolnshire,16.774883,-14.725576,1,43.06,35.0,15.44,5.04,1.46,6.5,3.29,24.93,3.6,5.17,5.86,3.17
2021,E06000013,North Lincolnshire,12.80386,-21.671879,1,42.9,35.92,15.15,4.72,1.32,6.03,3.03,27.0,3.37,4.56,4.69,2.69
2021,E06000014,York,-16.809933,-5.7374945,0,48.62,35.02,12.13,3.35,0.88,4.23,2.93,22.45,11.15,2.69,2.74,2.15
2021,E06000015,Derby,11.304899,-11.075328,1,45.84,34.65,13.72,4.42,1.38,5.8,3.89,20.19,6.18,5.66,5.08,3.45
2021,E06000016,Leicester,-7.0472236,29.771614,3,48.76,33.49,12.52,4.0,1.23,5.23,5.03,13.4,10.94,7.81,5.01,4.56
2021,E06000017,Rutland,-12.045385,-25.000967,4,50.34,34.26,11.86,2.85,0.69,3.53,1.87,28.38,4.78,3.24,2.09,4.87
2021,E06000018,Nottingham,0.24997614,26.442709,3,47.57,33.46,12.94,4.57,1.46,6.03,5.32,13.38,17.91,5.37,5.46,3.81
2021,E06000019,"Herefordshire, County of",3.797644,-24.584677,1,45.72,35.1,13.92,4.09,1.16,5.25,2.32,28.41,3.19,3.71,3.57,2.46
2021,E06000020,Telford and Wrekin,11.942401,-13.565859,1,45.96,34.08,13.84,4.75,1.37,6.12,3.29,21.18,4.8,5.02,5.3,2.9
2021,E06000021,Stoke-on-Trent,17.752295,-11.102257,1,42.67,35.16,14.81,5.63,1.73,7.36,3.59,20.5,5.47,5.79,6.39,3.57
2021,E06000022,Bath and North East Somerset,-17.922401,-6.7053304,0,51.8,32.84,11.3,3.16,0.9,4.06,2.87,22.05,11.33,3.25,2.84,2.1
2021,E06000023,"Bristol, City of",1.2330246,20.383532,3,50.81,32.73,11.5,3.82,1.15,4.96,3.63,14.5,9.79,3.85,4.2,2.83
2021,E06000024,North Somerset,0.7803026,-21.81988,4,47.57,33.88,13.28,4.11,1.16,5.27,2.2,27.99,3.45,3.24,3.62,1.98
2021,E06000025,South Gloucestershire,-9.104089,-20.31299,4,49.72,34.16,11.91,3.28,0.93,4.21,2.47,22.39,4.74,3.13,2.77,2.31
2021,E06000026,Plymouth,12.146477,-14.397257,1,45.76,33.76,14.05,4.95,1.47,6.43,3.26,21.8,7.15,4.22,5.48,2.75
2021,E06000027,Torbay,20.380402,-16.346743,1,42.23,34.23,16.21,5.67,1.66,7.33,2.94,30.34,3.29,4.3,5.9,2.87
2021,E06000030,Swindon,-5.6096334,-13.573013,4,48.08,35.2,12.28,3.51,0.94,4.44,3.23,19.15,3.56,4.64,3.63,2.82
2021,E06000031,Peterborough,-1.8509302,-10.699915,4,46.16,35.88,12.86,3.98,1.13,5.11,3.66,17.29,4.42,5.99,4.45,3.94
2021,E06000032,Luton,-8.522666,31.07641,3,48.68,34.56,12.02,3.62,1.12,4.74,5.29,14.03,6.74,8.4,3.89,4.49
2021,E06000033,Southend-on-Sea,10.128326,-12.303954,1,46.7,34.39,13.34,4.31,1.26,5.57,3.67,22.51,3.94,5.27,4.35,3.39
2021,E06000034,Thurrock,-9.071993,-10.777138,4,50.77,33.35,11.55,3.35,0.99,4.34,3.79,16.75,4.5,5.46,3.25,3.22
2021,E06000035,Medway,-3.5846734,-11.394053,4,47.48,34.58,12.83,3.99,1.11,5.11,3.58,19.57,4.66,5.36,4.07,3.24
2021,E06000036,Bracknell Forest,-17.462267,-17.145681,4,52.83,34.12,9.85,2.53,0.68,3.2,3.0,17.99,3.87,3.85,2.29,2.55
2021,E06000037,West Berkshire,-12.813606,-18.768637,4,51.05,34.65,10.95,2.68,0.67,3.35,2.45,22.49,3.66,3.96,2.32,2.17
2021,E06000038,Reading,-13.075746,16.134148,3,51.2,34.45,10.69,2.88,0.78,3.66,4.12,13.63,8.21,4.9,3.01,3.27
2021,E06000039,Slough,-10.382397,31.38567,3,51.7,33.95,10.6,2.92,0.83,3.75,5.06,11.36,6.17,7.93,3.02,4.49
2021,E06000040,Windsor and Maidenhead,-16.814342,-12.857709,4,55.76,31.79,9.43,2.37,0.65,3.02,3.07,21.02,4.79,4.81,1.97,2.64
2021,E06000041,Wokingham,-18.389677,-15.025252,4,54.96,33.16,9.22,2.07,0.58,2.65,2.68,21.18,4.79,4.15,1.73,1.93
2021,E06000042,Milton Keynes,-9.898505,-11.357077,4,51.08,33.72,11.05,3.22,0.93,4.15,3.69,16.75,4.59,4.82,3.36,3.02
2021,E06000043,Brighton and Hove,1.3651823,20.701595,3,50.19,33.16,11.59,3.88,1.18,5.06,4.6,15.29,9.86,3.6,4.42,3.05
2021,E06000044,Portsmouth,2.2592022,22.072268,3,47.36,34.83,12.86,3.85,1.11,4.96,4.44,17.14,9.3,4.58,4.16,3.14
2021,E06000045,Southampton,2.4693172,22.006104,3,47.69,35.09,12.25,3.83,1.14,4.97,4.09,15.53,10.61,4.68,4.19,3.05
2021,E06000046,Isle of Wight,15.876554,-23.105076,1,39.88,36.95,16.43,5.26,1.48,6.74,2.92,33.22,3.1,4.0,5.11,3.22
2021,E06000047,County Durham,21.383156,-13.893045,1,42.96,33.9,15.63,5.78,1.72,7.5,3.06,25.63,6.49,4.37,6.14,3.11
2021,E06000049,Cheshire East,-6.790802,-20.261713,4,49.84,33.31,12.15,3.64,1.06,4.7,2.37,26.62,3.49,3.49,3.31,2.3
2021,E06000050,Cheshire West and Chester,2.2377355,-17.37018,4,48.82,33.27,12.68,4.06,1.18,5.24,2.76,25.33,4.42,3.8,4.02,2.43
2021,E06000051,Shropshire,1.7428657,-24.414303,4,46.63,34.71,13.58,3.95,1.13,5.08,2.38,28.49,3.56,3.6,3.52,2.46
2021,E06000052,Cornwall,8.7140045,-18.596754,1,45.74,33.52,14.55,4.73,1.46,6.19,2.59,28.84,4.21,4.09,4.47,2.55
2021,E06000053,Isles of Scilly,-14.142791,-22.889517,4,51.31,32.96,11.68,3.21,0.83,4.04,0.87,26.72,1.16,3.41,1.33,2.14
2021,E06000054,Wiltshire,-9.1176,-21.734598,4,49.54,34.08,12.16,3.33,0.9,4.23,2.32,24.98,3.34,3.78,2.95,2.42
2021,E06000055,Bedford,-6.604324,-13.380489,4,48.82,34.97,11.85,3.43,0.94,4.37,3.34,19.75,4.27,4.68,3.38,3.24
2021,E06000056,Central Bedfordshire,-11.359726,-19.123846,4,50.37,34.49,11.33,3.0,0.82,3.81,2.63,21.43,3.53,3.84,2.6,2.15
2021,E07000008,Cambridge,-25.221207,12.360624,0,55.05,32.13,9.58,2.55,0.69,3.24,2.9,11.73,20.59,3.38,2.52,2.29
2021,E07000009,East Cambridgeshire,-7.4166574,-22.63793,4,48.34,35.13,12.4,3.26,0.88,4.14,2.13,23.46,3.32,3.9,2.6,2.02
2021,E07000010,Fenland,14.203309,-23.297083,1,40.27,37.48,15.87,4.94,1.44,6.38,2.69,26.32,2.89,4.84,4.63,3.09
2021,E07000011,Huntingdonshire,-5.2454686,-21.257597,4,47.88,35.71,12.18,3.36,0.87,4.24,2.33,23.61,3.02,3.77,2.77,2.85
2021,E07000012,South Cambridgeshire,-14.719097,-18.454975,4,52.21,33.62,10.74,2.66,0.77,3.43,2.13,22.7,4.2,3.79,2.2,1.86
2021,E07000026,Allerdale,9.046489,-20.897642,1,44.89,34.18,14.93,4.68,1.32,6.0,2.21,28.9,2.87,3.62,4.77,2.68
2021,E07000027,Barrow-in-Furness,19.267723,-16.562248,1,43.41,34.51,14.92,5.63,1.54,7.16,2.7,26.15,2.62,3.84,5.92,2.91
2021,E07000028,Carlisle,7.216019,-21.843805,1,45.57,34.56,14.07,4.52,1.29,5.81,2.54,25.48,3.46,3.33,4.6,2.62
2021,E07000029,Copeland,18.742285,-17.694647,1,44.44,33.22,15.49,5.33,1.53,6.86,2.45,27.81,2.76,3.89,5.51,2.98
2021,E07000030,Eden,-3.155102,-27.371172,4,46.91,35.39,13.26,3.49,0.96,4.44,1.82,28.61,2.65,3.11,2.92,2.28
2021,E07000031,South Lakeland,-4.1009035,-28.909496,4,47.92,34.85,12.81,3.48,0.93,4.41,1.67,32.04,3.04,2.56,2.5,2.3
2021,E07000032,Amber Valley,8.716441,-23.82096,1,44.43,35.44,14.5,4.45,1.18,5.63,2.34,26.81,3.04,3.93,4.28,2.33
2021,E07000033,Bolsover,20.908373,-15.089074,1,41.79,34.27,16.12,6.03,1.79,7.82,2.34,24.1,2.89,4.46,6.11,2.61
2021,E07000034,Chesterfield,20.012152,-15.685568,1,41.49,34.79,16.47,5.67,1.57,7.24,2.73,25.72,3.15,4.27,6.12,2.75
2021,E07000035,Derbyshire Dales,-2.4103918,-28.55828,4,47.53,34.5,13.4,3.54,1.03,4.57,1.87,31.9,3.2,3.3,2.78,2.53
2021,E07000036,Erewash,8.334519,-23.031248,1,44.33,35.36,14.66,4.45,1.21,5.65,2.69,24.7,3.11,3.74,4.53,2.47
2021,E07000037,High Peak,0.5868292,-22.520702,4,47.62,34.18,13.2,3.89,1.11,4.99,2.46,26.08,3.48,2.98,3.73,2.29
2021,E07000038,North East Derbyshire,10.284343,-20.86927,1,43.51,34.37,15.63,5.06,1.42,6.49,2.24,29.42,2.94,3.78,4.77,2.25
2021,E07000039,South Derbyshire,-3.6818144,-22.236101,4,48.2,34.47,12.72,3.59,1.01,4.61,2.3,22.92,3.38,3.84,3.29,2.27
2021,E07000040,East Devon,-0.8399169,-28.28689,4,46.39,35.06,13.69,3.84,1.01,4.86,1.93,34.21,2.88,3.38,3.03,2.17
2021,E07000041,Exeter,0.6517401,17.017616,3,50.87,32.94,11.59,3.57,1.03,4.59,3.19,18.47,15.84,2.86,3.66,2.35
2021,E07000042,Mid Devon,-1.342137,-24.093622,4,47.16,34.84,13.22,3.72,1.05,4.78,2.02,26.46,3.24,3.66,3.39,2.18
2021,E07000043,North Devon,5.2549353,-20.504364,1,46.78,33.62,13.9,4.41,1.28,5.7,2.4,29.27,3.06,3.83,4.03,2.46
2021,E07000044,South Hams,-0.7449502,-20.947409,4,49.08,33.18,12.74,3.85,1.15,5.0,1.9,31.67,3.28,3.49,3.33,2.19
2021,E07000045,Teignbridge,4.39069,-25.232098,1,45.57,34.91,14.11,4.26,1.16,5.41,2.11,30.64,2.96,3.48,3.55,2.49
2021,E07000046,Torridge,10.041137,-21.68943,1,43.83,34.81,15.35,4.72,1.29,6.01,2.37,31.96,2.72,3.88,4.46,2.39
2021,E07000047,West Devon,5.508632,-25.166605,1,45.55,34.68,14.42,4.17,1.18,5.34,1.93,31.85,3.35,3.73,3.79,2.87
2021,E07000061,Eastbourne,14.319179,-19.384514,1,43.23,35.25,15.25,4.86,1.42,6.28,3.46,28.02,4.31,4.3,5.04,3.05
2021,E07000062,Hastings,18.542803,-12.505967,1,42.2,35.02,15.52,5.52,1.75,7.27,3.85,22.77,3.8,5.02,6.37,3.45
2021,E07000063,Lewes,6.559045,-24.263304,1,45.58,34.77,14.17,4.3,1.19,5.49,2.76,29.52,3.69,3.95,3.85,2.75
2021,E07000064,Rother,14.209688,-25.232546,1,42.27,36.09,15.64,4.69,1.3,5.99,2.49,35.92,3.13,4.15,3.98,2.6
2021,E07000065,Wealden,-5.2202706,-24.19085,4,48.22,34.74,12.62,3.51,0.91,4.43,2.22,29.49,3.34,4.11,2.81,2.26
2021,E07000066,Basildon,-4.6839285,-11.575017,4,48.47,34.22,12.27,3.85,1.18,5.04,3.34,20.78,3.59,5.54,3.95,2.93
2021,E07000067,Braintree,-4.36141,-20.31348,4,47.26,35.65,12.66,3.5,0.94,4.44,2.81,23.56,3.12,4.43,3.27,2.54
2021,E07000068,Brentwood,-14.751826,-14.198657,4,53.98,31.69,10.57,2.87,0.9,3.77,2.55,23.74,3.74,4.92,2.29,2.47
2021,E07000069,Castle Point,7.2802076,-25.538195,1,45.68,35.09,13.76,4.25,1.22,5.47,2.56,29.14,2.94,4.58,3.3,2.38
2021,E07000070,Chelmsford,-12.439253,-16.48117,4,51.57,33.82,11.01,2.8,0.79,3.6,2.7,22.97,3.97,4.29,2.49,2.76
2021,E07000071,Colchester,-6.0223126,-15.116903,4,49.18,34.75,11.89,3.26,0.92,4.18,3.51,21.01,6.54,4.28,3.32,2.5
2021,E07000072,Epping Forest,-11.376082,-12.591025,4,51.8,32.87,11.23,3.12,0.98,4.1,3.12,21.83,4.37,5.04,2.69,3.09
2021,E07000073,Harlow,-3.872633,-10.870308,4,47.74,34.4,12.76,3.92,1.17,5.09,3.89,17.16,3.67,5.16,3.97,3.25
2021,E07000074,Maldon,-3.7371607,-24.593916,4,46.68,35.45,13.11,3.76,1.01,4.77,2.39,28.42,3.06,4.64,2.87,2.23
2021,E07000075,Rochford,-6.279034,-23.707733,4,48.87,34.52,12.36,3.31,0.93,4.24,2.58,27.78,3.19,4.33,2.36,2.25
2021,E07000076,Tendring,21.572567,-18.044847,1,39.44,35.62,17.17,6.0,1.77,7.77,3.08,34.2,2.9,4.92,5.38,2.84
2021,E07000077,Uttlesford,-16.839077,-15.116381,4,54.0,32.73,10.05,2.52,0.7,3.22,2.35,22.93,3.87,4.53,1.94,2.15
2021,E07000078,Cheltenham,-9.459205,-19.165565,4,50.69,33.6,11.68,3.11,0.92,4.03,2.76,22.54,5.43,3.62,3.08,2.47
2021,E07000079,Cotswold,-12.023127,-21.969225,4,50.4,34.17,11.62,2.97,0.83,3.8,2.06,28.26,3.62,3.99,2.16,2.14
2021,E07000080,Forest of Dean,7.8879185,-24.375248,1,44.81,35.52,14.2,4.21,1.25,5.46,2.45,28.12,4.18,4.05,4.05,2.4
2021,E07000081,Gloucester,-3.0659072,-14.336504,4,46.73,35.29,13.03,3.91,1.03,4.94,3.12,19.76,4.42,4.1,4.26,2.98
2021,E07000082,Stroud,-8.268283,-24.10156,4,48.63,34.73,12.49,3.31,0.84,4.15,2.11,26.59,3.26,3.2,2.88,2.14
2021,E07000083,Tewkesbury,-10.475794,-22.201445,4,49.78,34.3,12.0,3.12,0.81,3.92,2.2,26.35,3.14,3.5,2.61,2.05
2021,E07000084,Basingstoke and Deane,-11.44462,-18.279526,4,50.12,34.98,11.22,2.93,0.76,3.68,2.76,20.39,2.98,4.06,2.67,2.4
2021,E07000085,East Hampshire,-12.567804,-20.35856,4,50.76,34.31,11.35,2.86,0.72,3.58,2.3,26.23,3.6,3.94,2.39,2.08
2021,E07000086,Eastleigh,-10.662565,-20.85053,4,49.82,34.74,11.65,3.0,0.79,3.79,2.45,23.43,3.02,3.48,2.61,2.01
2021,E07000087,Fareham,-5.9997144,-26.935274,4,48.19,35.38,12.39,3.23,0.8,4.03,2.16,29.34,2.91,3.15,2.39,1.89
2021,E07000088,Gosport,11.392835,-24.024927,1,43.32,36.4,14.81,4.38,1.1,5.47,3.1,25.37,3.17,4.23,4.23,2.64
2021,E07000089,Hart,-17.889875,-15.50915,4,54.88,32.9,9.4,2.19,0.63,2.82,2.45,23.64,3.48,4.05,1.64,1.94
2021,E07000090,Havant,10.037108,-23.77045,1,44.3,35.57,14.51,4.38,1.24,5.61,2.9,28.28,2.83,4.36,4.33,2.5
2021,E07000091,New Forest,-0.49525008,-27.618048,4,46.12,35.51,13.58,3.72,1.07,4.79,2.07,33.44,2.76,3.65,2.96,2.21
2021,E07000092,Rushmoor,-8.36334,-14.432792,4,49.55,34.9,11.8,2.97,0.78,3.75,3.13,17.16,3.26,4.3,3.01,3.59
2021,E07000093,Test Valley,-11.463462,-20.953459,4,50.34,34.36,11.44,3.03,0.82,3.85,2.16,24.66,2.99,3.7,2.67,2.12
2021,E07000094,Winchester,-18.430313,-12.326461,4,53.24,32.95,10.39,2.72,0.71,3.43,2.59,24.09,7.16,3.76,2.28,2.3
2021,E07000095,Broxbourne,-8.2655735,-12.15733,4,50.13,33.76,11.74,3.39,0.99,4.38,3.35,20.36,4.06,5.08,3.18,3.16
2021,E07000096,Dacorum,-12.189458,-13.234164,4,51.98,33.06,11.07,3.08,0.81,3.89,2.9,20.49,3.78,4.44,2.93,3.1
2021,E07000098,Hertsmere,-13.441975,-11.826373,4,53.47,31.89,10.76,2.97,0.91,3.88,3.2,19.34,5.5,4.77,2.95,3.02
2021,E07000099,North Hertfordshire,-11.292733,-19.579914,4,50.59,34.02,11.53,3.07,0.79,3.86,2.64,22.64,3.45,3.9,2.86,2.17
2021,E07000102,Three Rivers,-15.745255,-13.670057,4,53.67,32.37,10.44,2.76,0.76,3.51,2.86,20.66,4.66,4.53,2.32,2.38
2021,E07000103,Watford,-11.041107,-10.11533,4,52.38,33.52,10.37,2.89,0.84,3.73,3.81,14.61,4.86,5.31,2.72,3.4
2021,E07000105,Ashford,-5.956248,-12.608031,4,48.46,34.49,12.47,3.58,1.01,4.58,2.87,22.54,3.68,5.09,3.41,2.83
2021,E07000106,Canterbury,3.552316,-12.54174,1,47.03,34.68,13.19,3.95,1.15,5.1,3.94,24.81,11.39,3.94,3.71,2.37
2021,E07000107,Dartford,-11.895585,-11.565542,4,52.36,33.13,10.75,2.9,0.86,3.76,3.31,17.06,4.19,4.93,2.85,2.82
2021,E07000108,Dover,13.535867,-19.262373,1,44.2,34.97,14.63,4.82,1.37,6.19,3.18,27.96,3.61,4.55,4.81,2.91
2021,E07000109,Gravesham,-5.1996965,-11.000728,4,48.66,34.07,12.43,3.82,1.02,4.85,3.84,20.59,4.22,5.53,3.67,3.31
2021,E07000110,Maidstone,-7.6239095,-13.184306,4,49.77,34.01,11.96,3.32,0.94,4.26,2.71,22.26,3.53,4.69,3.15,2.86
2021,E07000111,Sevenoaks,-13.712508,-14.481679,4,52.62,32.3,11.12,3.04,0.92,3.96,2.43,25.01,3.95,5.33,2.52,2.39
2021,E07000112,Folkestone and Hythe,14.81483,-19.070896,1,43.19,35.01,15.31,5.03,1.46,6.49,3.22,28.62,3.28,4.65,4.96,3.04
2021,E07000113,Swale,9.756694,-11.531989,1,45.47,34.77,14.07,4.41,1.28,5.69,3.21,22.53,3.5,5.52,4.49,4.03
2021,E07000114,Thanet,18.420269,-14.339774,1,41.97,35.04,15.75,5.56,1.67,7.24,3.59,27.89,3.6,5.13,5.39,3.12
2021,E07000115,Tonbridge and Malling,-13.305716,-15.57644,4,51.36,33.32,11.32,3.15,0.85,4.0,2.43,22.89,3.9,4.74,2.8,2.18
2021,E07000116,Tunbridge Wells,-13.920156,-14.082547,4,52.76,32.53,10.91,2.96,0.84,3.8,2.58,22.46,4.26,4.92,2.85,2.43
2021,E07000117,Burnley,16.310137,-10.413157,1,45.06,33.36,14.59,5.36,1.63,6.99,3.59,21.68,4.69,6.2,6.71,3.9
2021,E07000118,Chorley,1.6833807,-18.79383,4,48.7,33.22,12.91,4.02,1.15,5.18,2.35,24.77,3.11,3.16,3.93,3.29
2021,E07000119,Fylde,6.004164,-21.101246,1,45.99,33.7,14.52,4.47,1.31,5.79,2.34,33.23,3.17,3.08,3.88,2.72
2021,E07000120,Hyndburn,17.27053,-11.970154,1,43.92,34.3,14.77,5.33,1.66,7.0,3.38,22.37,4.65,5.43,6.43,3.46
2021,E07000121,Lancaster,4.084991,-13.381696,1,46.49,34.18,13.73,4.35,1.25,5.6,2.83,23.94,10.71,3.31,4.33,2.72
2021,E07000122,Pendle,13.210944,-8.037929,1,46.73,33.68,13.77,4.48,1.34,5.82,3.17,22.21,5.12,7.42,5.21,4.19
2021,E07000123,Preston,-0.16946898,22.909317,3,48.42,33.09,12.91,4.31,1.26,5.57,3.84,17.95,7.92,5.37,5.16,3.61
2021,E07000124,Ribble Valley,-15.544916,-21.717514,4,52.57,32.1,11.56,3.01,0.76,3.77,1.68,28.95,3.52,2.41,2.46,1.93
2021,E07000125,Rossendale,10.826455,-15.547007,1,47.0,33.24,13.65,4.84,1.28,6.12,2.73,23.28,4.03,4.08,5.1,2.99
2021,E07000126,South Ribble,0.19975257,-22.222593,4,47.89,34.06,13.09,3.89,1.07,4.96,2.24,26.39,3.16,2.81,3.6,2.02
2021,E07000127,West Lancashire,3.8105361,-15.694797,1,48.08,33.14,13.12,4.35,1.31,5.66,3.03,25.14,7.48,3.43,4.1,2.36
2021,E07000128,Wyre,18.10541,-19.19466,1,44.33,33.28,15.48,5.27,1.65,6.92,2.62,32.75,3.49,3.25,4.84,2.35
2021,E07000129,Blaby,-8.803108,-22.694592,4,49.04,34.49,12.28,3.23,0.96,4.2,2.47,24.7,3.43,3.25,2.59,2.07
2021,E07000130,Charnwood,-16.938429,-5.926299,0,49.06,34.58,12.15,3.29,0.93,4.22,2.85,22.1,10.9,3.4,3.08,2.27
2021,E07000131,Harborough,-13.927526,-21.32262,4,51.5,33.51,11.28,2.92,0.78,3.7,1.92,25.7,3.88,3.18,2.25,2.42
2021,E07000132,Hinckley and Bosworth,-1.2478865,-25.176035,4,46.56,35.55,13.17,3.66,1.06,4.72,2.19,26.64,3.23,3.22,3.1,2.11
2021,E07000133,Melton,-6.1461916,-25.53086,4,47.82,35.14,13.06,3.13,0.85,3.98,2.1,27.13,3.2,3.66,2.56,2.05
2021,E07000134,North West Leicestershire,-1.6198545,-23.309065,4,46.97,35.19,13.03,3.74,1.07,4.81,2.37,24.17,4.09,3.68,3.29,2.1
2021,E07000135,Oadby and Wigston,-2.9661725,-16.382402,4,46.01,35.92,13.27,3.76,1.05,4.8,3.08,24.87,7.02,4.19,3.19,2.61
2021,E07000136,Boston,12.62354,-23.527838,1,42.19,37.05,14.96,4.53,1.27,5.8,2.83,23.74,3.37,4.17,4.4,3.09
2021,E07000137,East Lindsey,21.819479,-18.143013,1,37.9,35.7,18.24,6.3,1.86,8.17,2.89,34.98,2.82,4.9,5.77,2.86
2021,E07000138,Lincoln,5.395312,22.506996,3,43.82,36.81,13.91,4.3,1.16,5.46,4.45,16.73,13.12,4.16,4.75,3.14
2021,E07000139,North Kesteven,-1.0389714,-25.729109,4,46.28,35.42,13.44,3.82,1.03,4.85,2.13,27.83,3.24,3.57,3.22,1.98
2021,E07000140,South Holland,12.697677,-25.274342,1,41.41,37.72,15.19,4.49,1.19,5.68,2.5,27.35,2.64,4.36,3.63,2.26
2021,E07000141,South Kesteven,-2.0119824,-25.440811,4,46.0,35.69,13.54,3.8,0.96,4.77,2.53,27.17,3.33,3.83,3.12,2.22
2021,E07000142,West Lindsey,10.062436,-24.620922,1,43.82,35.92,14.66,4.44,1.16,5.6,2.55,29.81,3.38,4.27,4.42,2.3
2021,E07000143,Breckland,11.942634,-25.252548,1,42.56,37.05,14.94,4.32,1.14,5.46,2.38,28.54,2.67,4.15,3.75,2.82
2021,E07000144,Broadland,-1.9951036,-26.852198,4,45.07,36.44,13.9,3.65,0.94,4.59,2.03,29.92,2.89,3.42,3.15,1.95
2021,E07000145,Great Yarmouth,18.32519,-13.704688,1,40.19,35.92,16.64,5.62,1.62,7.25,4.03,27.67,3.5,5.55,6.09,3.42
2021,E07000146,King's Lynn and West Norfolk,13.275602,-24.523676,1,41.74,36.91,15.41,4.6,1.33,5.94,2.47,29.89,2.68,4.43,4.26,2.57
2021,E07000147,North Norfolk,15.282793,-24.549126,1,39.35,37.61,17.01,4.68,1.35,6.03,2.2,37.29,2.6,4.19,4.16,2.84
2021,E07000148,Norwich,5.366242,22.490541,3,43.94,36.29,14.14,4.43,1.21,5.64,4.42,16.68,11.63,4.34,5.17,3.34
2021,E07000149,South Norfolk,-3.8491683,-26.302706,4,47.02,35.46,13.17,3.44,0.91,4.34,2.0,28.37,3.3,3.59,3.0,1.94
2021,E07000163,Craven,-4.625374,-28.319538,4,47.82,35.1,12.83,3.31,0.93,4.24,1.68,31.77,2.93,2.86,2.62,1.95
2021,E07000164,Hambleton,-3.991732,-27.8178,4,47.63,35.23,12.73,3.44,0.98,4.42,1.73,30.98,2.95,3.25,2.61,2.09
2021,E07000165,Harrogate,-13.127973,-21.689533,4,50.96,33.51,11.67,3.06,0.81,3.87,1.92,26.86,4.2,3.37,2.62,2.14
2021,E07000166,Richmondshire,-11.649452,-24.270641,4,49.95,33.88,12.17,3.11,0.89,4.0,2.04,27.1,2.78,3.41,2.38,3.17
2021,E07000167,Ryedale,-1.350106,-27.214046,4,45.92,35.62,13.82,3.57,1.06,4.63,1.75,30.61,3.04,3.63,2.78,2.16
2021,E07000168,Scarborough,16.041044,-22.463068,1,41.32,35.94,15.91,5.31,1.52,6.83,2.63,31.62,3.17,3.89,5.19,2.97
2021,E07000169,Selby,-8.345442,-23.2281,4,48.75,34.56,12.34,3.41,0.94,4.35,2.27,25.34,3.11,3.39,2.84,1.91
2021,E07000170,Ashfield,19.232187,-15.17109,1,42.4,34.74,15.77,5.5,1.59,7.09,3.02,23.91,3.18,4.73,5.7,2.65
2021,E07000171,Bassetlaw,14.14802,-20.508886,1,43.87,34.75,15.16,4.77,1.45,6.22,2.43,26.17,2.96,3.96,4.72,3.35
2021,E07000172,Broxtowe,2.907244,-22.694504,4,46.27,34.62,13.95,4.02,1.14,5.16,2.7,25.94,5.87,3.53,3.66,2.2
2021,E07000173,Gedling,4.5196276,-23.143433,1,46.03,34.84,13.8,4.13,1.21,5.33,2.59,25.71,3.68,3.44,3.93,2.41
2021,E07000174,Mansfield,19.89554,-14.810098,1,42.65,34.4,15.66,5.66,1.63,7.29,2.79,23.59,3.0,4.57,6.17,2.93
2021,E07000175,Newark and Sherwood,9.112652,-22.773813,1,44.69,35.03,14.48,4.52,1.28,5.79,2.4,26.64,3.71,4.07,4.22,2.94
2021,E07000176,Rushcliffe,-16.037182,-20.80788,4,53.1,32.03,11.0,3.05,0.82,3.87,2.19,26.14,5.79,2.99,2.3,2.29
2021,E07000177,Cherwell,-11.284871,-17.570086,4,50.78,34.34,11.16,2.92,0.8,3.72,2.47,19.86,3.32,3.9,2.64,2.73
2021,E07000178,Oxford,-25.337011,12.68368,0,54.78,32.19,9.69,2.6,0.74,3.34,3.18,12.0,21.81,3.84,2.63,2.91
2021,E07000179,South Oxfordshire,-16.174595,-16.675148,4,53.42,33.0,10.34,2.57,0.68,3.25,2.19,23.08,3.66,3.84,2.02,2.26
2021,E07000180,Vale of White Horse,-15.320135,-18.395208,4,52.35,33.62,10.79,2.58,0.66,3.24,2.15,22.83,3.95,3.73,2.16,2.14
2021,E07000181,West Oxfordshire,-13.373216,-20.00493,4,51.26,33.99,11.18,2.8,0.77,3.57,2.01,23.99,3.19,3.72,2.17,2.11
2021,E07000187,Mendip,-2.459533,-23.299246,4,47.72,34.52,13.06,3.71,0.99,4.7,2.28,26.52,3.86,3.78,3.31,2.3
2021,E07000188,Sedgemoor,8.7246895,-24.361296,1,44.62,35.61,14.17,4.38,1.22,5.6,2.44,27.19,2.81,4.06,4.03,2.48
2021,E07000189,South Somerset,0.22641146,-25.990973,4,45.98,35.45,13.61,3.84,1.12,4.96,2.18,29.27,2.86,3.75,3.44,2.23
2021,E07000192,Cannock Chase,12.80016,-20.140669,1,43.33,35.59,14.67,4.93,1.48,6.41,3.03,22.88,2.99,4.36,4.79,2.68
2021,E07000193,East Staffordshire,-3.184024,-13.308122,4,46.54,35.47,13.16,3.74,1.09,4.83,2.84,22.56,3.76,4.71,3.74,3.36
2021,E07000194,Lichfield,0.0016685153,-24.25814,4,47.11,34.82,13.08,3.91,1.08,4.99,2.44,28.1,3.34,3.51,3.11,2.53
2021,E07000195,Newcastle-under-Lyme,7.7458878,-20.007547,1,43.95,35.3,14.5,4.84,1.41,6.26,2.87,25.36,6.61,3.56,4.48,2.2
2021,E07000196,South Staffordshire,7.7086377,-27.671316,1,45.01,35.73,13.96,4.11,1.2,5.31,2.43,28.73,3.2,3.5,3.22,4.63
2021,E07000197,Stafford,0.45349607,-24.421396,4,46.78,35.02,13.3,3.8,1.1,4.9,2.31,27.24,3.21,3.39,3.39,2.58
2021,E07000198,Staffordshire Moorlands,4.8229437,-26.554451,1,44.66,35.45,14.25,4.32,1.32,5.64,1.99,30.3,3.02,3.04,3.76,2.18
2021,E07000199,Tamworth,10.940527,-18.934875,1,45.52,34.88,13.89,4.37,1.35,5.71,3.24,22.79,3.2,4.34,4.17,2.44
2021,E07000200,Babergh,-3.157193,-25.834625,4,46.32,35.88,13.38,3.49,0.92,4.42,2.41,29.99,3.2,4.04,2.76,2.08
2021,E07000202,Ipswich,-2.398138,-12.055682,4,45.64,35.78,13.54,3.98,1.07,5.05,3.66,19.57,4.11,5.09,4.5,3.14
2021,E07000203,Mid Suffolk,-4.5794005,-26.317303,4,46.94,35.99,12.86,3.36,0.85,4.22,2.01,28.63,2.98,3.68,2.73,2.01
2021,E07000207,Elmbridge,-26.073256,0.22506644,0,58.91,29.53,8.7,2.19,0.68,2.87,2.78,20.96,4.76,5.69,1.95,2.28
2021,E07000208,Epsom and Ewell,-16.996828,-14.098092,4,54.27,32.65,10.02,2.4,0.66,3.06,2.8,21.38,5.2,4.3,2.26,2.28
2021,E07000209,Guildford,-19.277874,-8.245349,0,54.77,32.5,9.55,2.46,0.72,3.18,3.06,19.43,10.55,3.98,2.11,2.4
2021,E07000210,Mole Valley,-14.599963,-16.903387,4,52.59,32.96,10.77,2.86,0.82,3.68,2.33,26.44,3.86,4.14,2.56,2.14
2021,E07000211,Reigate and Banstead,-14.745079,-13.034028,4,53.8,32.5,10.3,2.64,0.76,3.39,2.79,20.73,3.7,4.44,2.69,3.11
2021,E07000212,Runnymede,-18.837585,-8.041052,0,52.37,33.43,10.61,2.82,0.77,3.59,3.64,19.26,9.82,4.19,2.2,2.51
2021,E07000213,Spelthorne,-9.509659,-14.445514,4,50.42,34.41,11.31,2.98,0.87,3.86,3.62,21.08,3.59,4.19,2.8,2.9
2021,E07000214,Surrey Heath,-16.05101,-14.944732,4,53.81,32.79,10.18,2.49,0.74,3.23,2.82,22.96,3.8,4.16,2.16,2.62
2021,E07000215,Tandridge,-14.087958,-15.767988,4,52.25,32.95,11.02,2.92,0.85,3.78,2.65,23.87,4.1,4.37,2.56,2.34
2021,E07000216,Waverley,-17.7591,-14.012045,4,54.65,32.1,10.05,2.52,0.68,3.2,2.31,24.72,5.58,4.56,2.32,1.92
2021,E07000217,Woking,-15.189678,-12.458024,4,53.3,33.13,10.16,2.67,0.74,3.41,3.01,19.39,3.93,5.09,2.42,2.6
2021,E07000218,North Warwickshire,6.619256,-22.780659,1,45.49,34.74,14.08,4.4,1.28,5.68,2.7,25.35,3.18,3.65,3.81,2.39
2021,E07000219,Nuneaton and Bedworth,12.216457,-19.214514,1,44.31,35.38,14.44,4.53,1.35,5.87,3.2,23.2,3.57,4.46,4.52,2.92
2021,E07000220,Rugby,-8.122695,-21.634287,4,48.83,34.85,12.05,3.4,0.88,4.28,2.47,21.86,3.85,3.59,2.97,2.22
2021,E07000221,Stratford-on-Avon,-10.103538,-23.029459,4,49.64,34.28,12.02,3.17,0.89,4.07,2.02,27.99,3.21,3.52,2.45,1.99
2021,E07000222,Warwick,-18.07435,-7.4138813,0,52.09,33.14,10.98,2.96,0.83,3.79,2.8,21.6,8.51,3.32,2.7,2.06
2021,E07000223,Adur,7.018022,-23.60263,1,45.35,34.97,14.11,4.34,1.23,5.56,2.73,27.16,3.52,3.91,3.81,2.55
2021,E07000224,Arun,11.201604,-25.95036,1,43.19,36.57,14.81,4.31,1.12,5.43,2.61,31.94,3.07,3.66,3.57,2.71
2021,E07000225,Chichester,-5.8085384,-23.472612,4,49.04,34.27,12.39,3.37,0.94,4.3,2.59,29.73,4.51,4.12,2.76,2.45
2021,E07000226,Crawley,-7.625044,18.164286,3,49.08,34.98,11.61,3.35,0.98,4.33,4.97,15.75,4.14,5.4,3.39,3.41
2021,E07000227,Horsham,-13.840459,-19.511581,4,51.47,33.95,11.05,2.77,0.76,3.53,2.41,26.25,3.54,3.84,2.16,1.99
2021,E07000228,Mid Sussex,-15.447506,-17.522005,4,52.92,33.07,10.51,2.74,0.76,3.5,2.38,23.92,3.62,3.8,2.24,1.95
2021,E07000229,Worthing,5.346971,-23.606516,1,45.27,35.64,13.85,4.07,1.17,5.24,2.97,25.9,3.28,3.41,3.92,2.53
2021,E07000234,Bromsgrove,-7.5874557,-20.157835,4,50.67,33.12,11.8,3.36,1.05,4.41,2.45,27.08,3.94,3.17,2.72,2.33
2021,E07000235,Malvern Hills,1.2164357,-25.929161,4,46.46,34.89,13.64,3.9,1.12,5.01,2.31,31.28,3.97,3.63,3.31,2.15
2021,E07000236,Redditch,-2.659679,-14.34082,4,46.51,35.18,13.13,4.08,1.11,5.18,3.07,21.74,3.49,4.27,3.96,2.7
2021,E07000237,Worcester,-3.5289624,-15.388043,4,47.39,35.1,12.72,3.74,1.06,4.79,3.47,20.62,5.65,3.77,3.64,2.53
2021,E07000238,Wychavon,-2.6045654,-24.46309,4,47.43,35.01,12.95,3.64,0.97,4.61,2.17,28.04,3.23,3.63,2.94,2.49
2021,E07000239,Wyre Forest,11.806149,-22.15859,1,43.31,35.76,14.79,4.74,1.4,6.14,2.89,28.74,3.27,4.01,4.31,2.63
2021,E08000001,Bolton,13.545274,-9.104245,1,48.0,32.7,13.15,4.72,1.43,6.15,3.92,21.05,5.46,6.43,5.44,3.7
2021,E08000002,Bury,9.85043,-13.743036,1,48.21,32.97,13.26,4.34,1.22,5.56,3.22,22.1,4.84,4.73,4.69,3.29
2021,E08000003,Manchester,-6.0922227,28.25158,3,50.83,31.43,11.77,4.51,1.46,5.97,5.71,10.65,13.06,6.59,5.87,4.63
2021,E08000004,Oldham,14.189233,-7.7438383,1,46.92,32.86,13.94,4.84,1.43,6.28,4.15,19.74,6.23,7.39,5.64,4.34
2021,E08000005,Rochdale,14.1256275,-8.666073,1,46.9,32.94,13.74,5.01,1.4,6.41,3.78,20.13,5.42,6.57,5.91,4.2
2021,E08000006,Salford,-1.035496,23.03302,3,49.81,31.91,12.32,4.6,1.36,5.96,4.69,15.58,6.66,4.66,5.6,3.98
2021,E08000007,Stockport,2.3071196,-17.61967,4,49.39,32.67,12.64,4.08,1.22,5.29,2.82,24.13,3.92,3.82,4.15,2.64
2021,E08000008,Tameside,14.324872,-13.388171,1,45.31,33.71,14.37,5.12,1.49,6.61,3.47,21.36,4.18,4.96,5.63,3.34
2021,E08000009,Trafford,-13.582873,-10.916346,4,53.1,30.97,11.28,3.58,1.07,4.65,2.99,21.46,4.94,4.32,3.72,2.65
2021,E08000010,Wigan,11.477217,-15.661113,1,46.27,33.46,14.03,4.88,1.36,6.24,3.08,23.27,3.57,4.07,5.4,3.06
2021,E08000011,Knowsley,25.297628,-7.2595224,1,47.29,30.14,13.95,6.5,2.12,8.61,3.53,19.34,4.15,5.1,8.15,3.83
2021,E08000012,Liverpool,22.89375,-2.6748252,2,47.69,30.93,13.4,5.98,2.0,7.98,4.77,16.68,10.98,4.87,7.57,4.08
2021,E08000013,St. Helens,22.82077,-12.482411,1,45.16,32.73,14.6,5.78,1.73,7.51,3.13,24.55,3.54,4.42,6.53,2.96
2021,E08000014,Sefton,23.707567,-13.092851,1,46.36,32.29,14.35,5.36,1.65,7.01,3.04,26.64,3.89,3.91,5.93,2.99
2021,E08000015,Wirral,23.882982,-12.543844,1,46.49,32.07,14.17,5.57,1.69,7.27,2.87,25.96,4.26,4.22,6.51,2.96
2021,E08000016,Barnsley,20.311203,-13.8380165,1,43.35,33.61,15.54,5.83,1.68,7.51,2.92,23.7,3.3,4.89,6.27,3.01
2021,E08000017,Doncaster,16.014032,-12.373212,1,44.32,34.11,14.71,5.26,1.6,6.86,3.35,23.25,3.52,5.29,5.54,4.1
2021,E08000018,Rotherham,17.016956,-12.865968,1,44.15,34.03,14.78,5.42,1.63,7.04,3.18,23.9,3.78,5.33,5.84,3.33
2021,E08000019,Sheffield,0.73484737,23.244242,3,46.66,33.74,13.57,4.67,1.36,6.03,3.96,20.13,9.89,4.94,4.79,3.25
2021,E08000021,Newcastle upon Tyne,0.8784014,25.35556,3,48.39,32.19,13.1,4.84,1.49,6.33,4.76,17.3,13.75,5.0,5.21,3.63
2021,E08000022,North Tyneside,10.582252,-16.479458,1,46.02,33.31,14.45,4.88,1.34,6.22,3.27,25.07,3.57,3.87,4.79,2.72
2021,E08000023,South Tyneside,20.361712,-11.082174,1,43.75,33.07,15.52,5.89,1.77,7.66,4.36,24.72,4.17,5.34,6.45,3.42
2021,E08000024,Sunderland,21.10297,-11.130617,1,43.13,33.0,15.87,6.14,1.86,8.0,3.89,24.66,4.61,5.04,6.6,3.38
2021,E08000025,Birmingham,-6.323776,29.691431,3,47.56,33.28,13.17,4.52,1.47,5.99,5.88,15.57,10.02,8.22,5.43,5.14
2021,E08000026,Coventry,1.1788164,22.740396,3,48.55,33.63,12.46,4.09,1.27,5.36,4.89,17.27,10.48,5.11,4.54,3.48
2021,E08000027,Dudley,13.240081,-18.079308,1,43.85,35.43,14.65,4.73,1.34,6.07,3.76,24.25,4.21,5.2,4.52,2.96
2021,E08000028,Sandwell,15.229683,-7.2584023,1,44.86,34.16,14.35,5.11,1.53,6.64,5.31,17.39,6.21,7.6,5.79,4.67
2021,E08000029,Solihull,0.9809422,-16.797512,4,49.25,33.38,12.4,3.84,1.12,4.96,3.16,25.75,4.37,4.56,3.53,2.51
2021,E08000030,Walsall,15.541843,-8.602428,1,44.41,34.38,14.63,5.01,1.58,6.58,4.47,20.81,5.42,7.0,5.55,3.63
2021,E08000031,Wolverhampton,15.794311,-7.9048867,1,44.84,34.39,14.43,4.91,1.43,6.35,5.6,19.16,5.82,6.61,5.27,4.14
2021,E08000032,Bradford,13.567092,-7.064688,1,46.14,34.53,13.38,4.56,1.39,5.95,4.3,18.86,6.6,8.1,5.23,4.46
2021,E08000033,Calderdale,10.7494335,-13.384453,1,46.61,34.19,13.51,4.38,1.3,5.69,3.22,23.49,4.3,4.85,4.91,3.19
2021,E08000034,Kirklees,10.704735,-11.222222,1,46.56,34.5,13.39,4.31,1.24,5.55,3.5,21.86,5.82,5.79,4.7,3.43
2021,E08000035,Leeds,1.1590942,21.392563,3,49.52,33.29,12.18,3.89,1.12,5.02,4.11,18.9,8.6,4.24,4.14,3.2
2021,E08000036,Wakefield,14.204076,-15.18537,1,44.71,34.29,14.46,5.07,1.48,6.55,2.96,23.3,3.27,4.53,5.42,3.27
2021,E09000001,City of London,-22.58264,-2.84431,0,57.52,31.76,8.0,2.17,0.55,2.71,4.09,12.41,9.0,2.4,1.55,3.71
2021,E09000002,Barking and Dagenham,-8.5363865,30.025717,3,51.14,32.89,11.1,3.73,1.14,4.87,5.61,10.49,7.84,8.23,4.52,4.82
2021,E09000003,Barnet,-13.861399,28.975565,3,54.86,31.03,10.1,3.01,1.01,4.02,4.39,14.93,6.99,6.13,3.25,4.13
2021,E09000004,Bexley,-9.218875,-11.87932,4,50.79,33.42,11.47,3.3,1.03,4.33,3.76,19.97,5.11,4.84,3.03,3.04
2021,E09000005,Brent,-9.984435,29.591959,3,52.03,32.75,10.85,3.28,1.09,4.37,5.45,12.1,8.01,7.07,3.75,5.12
2021,E09000006,Bromley,-13.882557,-12.596669,4,53.4,32.42,10.38,2.94,0.86,3.8,3.38,20.89,4.53,4.63,2.74,2.67
2021,E09000007,Camden,-16.144869,24.804363,3,55.53,29.35,10.05,3.81,1.26,5.08,5.07,10.76,12.39,5.44,4.56,4.16
2021,E09000008,Croydon,-12.515053,29.396994,3,51.2,33.45,11.09,3.26,1.0,4.26,4.75,15.48,5.89,5.29,3.58,3.99
2021,E09000009,Ealing,-10.475892,30.097364,3,52.45,32.79,10.59,3.16,1.0,4.17,5.17,12.86,7.41,7.23,3.48,4.59
2021,E09000010,Enfield,-9.4227,30.265436,3,50.64,33.01,11.46,3.68,1.2,4.89,4.72,15.6,7.08,7.24,4.25,5.16
2021,E09000011,Greenwich,-12.599404,28.10701,3,52.73,31.97,10.71,3.51,1.09,4.6,5.34,11.81,6.52,5.53,4.17,4.41
2021,E09000012,Hackney,-15.991607,25.79029,3,56.66,28.41,9.92,3.65,1.35,5.01,5.47,7.82,7.68,5.27,4.98,4.67
2021,E09000013,Hammersmith and Fulham,-16.383884,26.746445,3,59.0,27.97,8.9,3.06,1.06,4.12,4.96,10.0,8.53,5.1,3.74,4.22
2021,E09000014,Haringey,-12.402205,27.615078,3,53.05,31.72,10.37,3.62,1.24,4.86,5.53,10.67,6.82,5.44,4.39,4.92
2021,E09000015,Harrow,-12.316885,30.993277,3,51.51,33.92,10.68,2.95,0.93,3.89,4.06,16.52,6.79,6.46,2.81,3.72
2021,E09000016,Havering,-7.8873706,-11.689352,4,49.9,33.97,11.69,3.41,1.03,4.44,3.65,20.97,4.62,5.14,3.08,3.04
2021,E09000017,Hillingdon,-11.86724,30.572186,3,51.31,33.91,10.82,3.02,0.94,3.96,4.81,15.53,7.2,6.45,2.94,4.03
2021,E09000018,Hounslow,-10.740062,30.54071,3,51.92,33.42,10.52,3.13,1.01,4.14,5.16,12.9,6.28,7.16,3.25,4.55
2021,E09000019,Islington,-15.024137,24.957752,3,54.8,29.28,10.37,4.11,1.43,5.54,5.41,9.18,8.64,4.68,5.28,4.2
2021,E09000020,Kensington and Chelsea,-17.615828,26.144405,3,59.61,26.71,9.2,3.35,1.13,4.48,4.58,13.06,10.3,6.9,3.88,4.86
2021,E09000021,Kingston upon Thames,-15.786505,-9.582169,4,54.12,32.56,9.94,2.6,0.78,3.37,3.87,16.1,7.45,5.1,2.53,2.84
2021,E09000022,Lambeth,-14.659794,27.028948,3,56.2,30.29,9.52,3.02,0.97,3.99,5.33,8.29,6.6,3.93,3.71,4.17
2021,E09000023,Lewisham,-13.146062,27.400831,3,53.12,32.04,10.52,3.29,1.04,4.33,5.72,10.49,6.52,4.76,4.05,4.23
2021,E09000024,Merton,-17.61826,16.939894,3,54.9,32.06,9.65,2.6,0.79,3.39,3.96,13.94,5.5,5.79,2.53,3.43
2021,E09000025,Newham,-8.395021,29.39258,3,51.41,33.29,10.77,3.37,1.16,4.52,6.26,7.69,8.72,9.03,3.87,5.26
2021,E09000026,Redbridge,-9.876309,31.398148,3,51.31,34.02,10.64,3.05,0.98,4.03,4.48,14.08,7.57,8.05,3.08,4.22
2021,E09000027,Richmond upon Thames,-25.888103,-0.22407752,0,59.38,29.22,8.36,2.34,0.7,3.04,3.37,18.12,5.96,5.08,2.24,2.62
2021,E09000028,Southwark,-14.498038,26.704672,3,55.79,30.34,9.75,3.1,1.02,4.12,5.57,8.55,8.41,4.16,3.91,4.22
2021,E09000029,Sutton,-10.586807,-11.302044,4,51.42,34.02,10.64,3.02,0.9,3.92,3.37,17.68,4.95,5.1,3.07,2.92
2021,E09000030,Tower Hamlets,-8.669495,28.827475,3,52.97,32.13,10.05,3.6,1.26,4.86,5.99,5.82,9.57,8.43,4.02,4.73
2021,E09000031,Waltham Forest,-11.582255,29.357985,3,51.52,33.46,10.63,3.33,1.06,4.39,5.16,11.55,6.18,6.14,3.53,4.26
2021,E09000032,Wandsworth,-25.379963,-1.1399783,0,60.63,28.07,8.17,2.4,0.73,3.13,4.02,9.84,5.93,4.59,2.69,3.32
2021,E09000033,Westminster,-16.851328,25.150238,3,56.32,28.88,9.71,3.63,1.46,5.09,4.81,10.89,11.08,6.31,4.78,4.8
2021,W06000001,Isle of Anglesey,6.5173936,-17.616274,1,47.6,31.85,14.83,4.44,1.27,5.72,2.91,30.55,3.99,4.1,4.75,2.61
2021,W06000002,Gwynedd,3.3378465,-16.048273,1,49.94,31.55,13.35,4.04,1.13,5.17,3.22,25.88,7.6,3.5,4.2,2.7
2021,W06000003,Conwy,17.891783,-18.331545,1,44.53,33.42,15.5,5.07,1.49,6.56,2.98,30.82,3.76,3.82,5.4,2.67
2021,W06000004,Denbighshire,23.126236,-13.968718,1,45.0,32.62,15.26,5.41,1.72,7.13,2.78,28.38,4.05,4.18,6.22,2.63
2021,W06000005,Flintshire,4.6230135,-18.92092,1,47.39,33.45,13.5,4.33,1.33,5.66,2.77,25.64,3.57,3.59,4.32,2.25
2021,W06000006,Wrexham,12.63638,-15.645724,1,45.45,34.04,14.3,4.88,1.34,6.22,2.94,23.81,4.4,4.05,5.12,3.63
2021,W06000008,Ceredigion,4.589241,-13.756952,1,45.04,33.65,15.22,4.66,1.42,6.08,3.01,27.69,10.02,3.45,4.45,2.33
2021,W06000009,Pembrokeshire,18.078255,-17.287542,1,44.74,33.4,15.08,5.17,1.61,6.78,2.7,29.55,3.46,4.64,5.49,2.71
2021,W06000010,Carmarthenshire,24.026474,-13.813252,1,45.12,31.69,15.7,5.62,1.87,7.49,2.52,27.76,4.13,4.05,6.24,2.58
2021,W06000011,Swansea,25.144903,-11.380615,1,47.73,30.94,13.99,5.48,1.87,7.34,3.42,23.89,8.41,4.19,6.33,2.92
2021,W06000012,Neath Port Talbot,24.5913,-8.034715,1,45.39,30.37,15.43,6.6,2.21,8.8,2.77,25.11,5.39,4.76,8.25,3.2
2021,W06000013,Bridgend,23.736996,-11.300707,1,45.88,31.72,14.84,5.67,1.89,7.56,2.93,24.67,3.98,4.45,6.76,3.66
2021,W06000014,Vale of Glamorgan,5.158303,-17.473642,1,48.51,32.25,13.29,4.48,1.48,5.96,2.83,26.12,4.34,3.82,4.68,2.44
2021,W06000015,Cardiff,1.3434474,24.633554,3,50.12,31.79,12.18,4.47,1.43,5.9,4.15,16.86,12.14,4.62,5.01,3.08
2021,W06000016,Rhondda Cynon Taff,23.820314,-9.74989,1,44.53,31.74,15.51,6.28,1.94,8.22,3.21,23.21,5.04,4.59,7.58,3.04
2021,W06000018,Caerphilly,23.635698,-9.281914,1,43.72,32.09,15.71,6.41,2.06,8.47,3.06,23.62,4.08,4.81,7.57,2.9
2021,W06000019,Blaenau Gwent,22.902348,-7.9085,1,41.05,32.68,16.76,7.15,2.36,9.51,3.36,23.23,3.58,5.33,9.11,3.16
2021,W06000020,Torfaen,21.076252,-13.170725,1,42.63,33.92,15.54,6.05,1.86,7.91,3.04,24.86,3.74,4.6,6.8,2.83
2021,W06000021,Monmouthshire,5.273581,-21.95243,1,46.44,34.3,13.61,4.37,1.28,5.65,2.21,29.24,3.61,3.54,3.91,2.75
2021,W06000022,Newport,14.092948,-12.659265,1,46.59,33.01,13.75,5.11,1.54,6.65,3.54,20.54,4.5,5.06,5.82,3.42
2021,W06000023,Powys,8.797925,-21.413097,1,44.54,34.5,15.08,4.54,1.35,5.88,2.07,29.48,3.39,3.56,4.24,2.42
2021,W06000024,Merthyr Tydfil,24.695345,-7.1250334,1,45.41,30.23,15.02,6.99,2.36,9.34,3.25,22.11,4.14,4.75,8.61,3.38
