year,area_code,area_name,umap1,umap2,umap_cluster,pct_very_good,pct_good,pct_fair,pct_bad,pct_very_bad,pct_bad_or_very_bad,pct_unemployed_of_total,pct_retired,pct_student_inactive,pct_looking_after_home_family,pct_long_term_sick_disabled,pct_other_inactive
2011,E06000001,Hartlepool UA,6.502212,8.529685,0,43.3,32.7,15.9,6.3,1.8,8.1,7.774983533920124,15.9,4.6,4.9,7.1,2.4
2011,E06000002,Middlesbrough UA,6.2727923,8.607414,0,45.4,32.7,14.2,5.8,1.8,7.6,7.589183598372965,13.8,7.4,5.5,6.8,3.2
2011,E06000003,Redcar and Cleveland UA,6.6448555,8.601396,0,42.4,33.9,15.9,6.1,1.8,7.899999999999999,6.587212761023221,19.4,4.2,4.4,5.9,2.1
2011,E06000004,Stockton-on-Tees UA,4.760906,9.537626,0,46.3,33.5,13.8,4.9,1.5,6.4,5.74103829254767,14.8,5.2,4.2,4.9,2.5
2011,E06000005,Darlington UA,4.8276243,10.493268,0,44.6,35.2,14.3,4.5,1.4,5.9,5.222156977882169,15.9,3.6,4.0,4.9,1.9
2011,E06000006,Halton UA,6.1201663,9.159778,0,46.7,31.6,13.9,6.1,1.7,7.8,5.556154808646503,14.4,4.2,4.2,7.0,1.9
2011,E06000007,Warrington UA,3.8824377,10.621155,0,49.8,32.7,12.1,4.2,1.2,5.4,3.988331404179017,14.8,3.6,3.3,4.1,2.1
2011,E06000008,Blackburn with Darwen UA,5.5988145,5.4081745,1,45.4,33.2,14.1,5.7,1.6,7.300000000000001,5.339168909277225,12.7,5.8,6.8,7.1,3.5
2011,E06000009,Blackpool UA,6.9360104,8.316317,0,39.8,33.8,16.9,7.3,2.2,9.5,6.1042451330758185,16.2,3.7,3.8,7.9,2.4
2011,E06000010,"Kingston upon Hull, City of UA",6.243405,8.601973,0,43.1,34.9,14.9,5.5,1.6,7.1,8.0247626042705,12.1,6.9,5.0,6.0,2.7
2011,E06000011,East Riding of Yorkshire UA,3.7998188,11.690285,0,45.2,35.0,14.5,4.2,1.2,5.4,3.5811135451191807,19.5,3.7,3.2,3.1,1.7
2011,E06000012,North East Lincolnshire UA,4.5763435,9.882763,0,44.0,35.0,14.9,4.7,1.3,6.0,6.46331039603533,15.6,4.2,4.9,4.8,2.2
2011,E06000013,North Lincolnshire UA,4.92488,10.771707,0,43.7,35.8,14.7,4.5,1.2,5.7,4.79771763032478,16.6,3.7,4.4,4.2,1.8
2011,E06000014,York UA,1.9254915,8.192047,3,49.7,34.2,12.0,3.2,0.9,4.1000000000000005,3.0589696172616145,13.8,9.6,2.7,2.5,1.3
2011,E06000015,Derby UA,4.257968,9.473878,0,45.0,35.0,14.1,4.6,1.3,5.9,5.185424812176852,12.8,6.3,4.8,4.8,2.4
2011,E06000016,Leicester UA,2.5323396,5.999308,3,44.9,35.6,13.4,4.5,1.5,6.0,6.184979688893293,9.3,11.4,6.2,5.1,3.4
2011,E06000017,Rutland UA,3.346443,1.7763786,4,50.4,34.0,12.1,2.7,0.8,3.5,2.3769037409433684,16.9,5.8,3.2,1.7,3.0
2011,E06000018,Nottingham UA,3.2085946,6.861367,3,46.1,33.8,13.6,4.9,1.5,6.4,6.3665586542107615,9.1,16.3,4.7,5.7,3.0
2011,E06000019,"Herefordshire, County of UA",3.7803087,11.690643,0,45.7,35.2,13.9,4.1,1.2,5.3,3.262091395512657,16.6,3.6,3.5,3.4,1.6
2011,E06000020,Telford and Wrekin UA,4.349208,9.546935,0,45.9,34.3,13.6,4.8,1.4,6.199999999999999,4.7481579011931725,13.7,5.1,4.8,4.9,2.0
2011,E06000021,Stoke-on-Trent UA,6.684677,8.718429,0,42.0,34.7,15.3,6.2,1.9,8.1,5.314318848190451,14.3,5.6,4.7,7.2,2.7
2011,E06000022,Bath and North East Somerset UA,1.8756613,8.200595,3,50.5,33.4,11.8,3.3,0.9,4.2,2.717732669475297,13.7,10.1,3.3,2.8,1.4
2011,E06000023,"Bristol, City of UA",3.032212,7.5971494,3,48.8,33.5,12.2,4.2,1.3,5.5,4.297586981269401,9.8,9.0,3.9,4.3,2.3
2011,E06000024,North Somerset UA,3.6738439,11.643954,0,46.3,34.8,13.7,4.1,1.2,5.3,2.992734878089053,17.5,3.2,3.5,3.9,1.4
2011,E06000025,South Gloucestershire UA,1.5976812,11.023279,2,49.1,34.9,11.8,3.3,0.9,4.2,2.7817611239270943,14.2,4.1,3.2,2.5,1.5
2011,E06000026,Plymouth UA,3.422332,7.9521217,3,46.0,33.5,13.9,5.1,1.4,6.5,4.242228316978299,14.1,8.4,3.9,5.2,1.8
2011,E06000027,Torbay UA,6.884305,8.923267,0,41.7,34.4,16.3,5.8,1.7,7.5,4.547872340425532,19.6,3.2,3.9,5.8,1.8
2011,E06000030,Swindon UA,2.3508518,10.034868,2,48.3,35.2,12.0,3.6,1.0,4.6,4.230269989615784,11.6,3.2,4.1,3.4,1.8
2011,E06000031,Peterborough UA,3.4893434,9.677031,0,44.3,37.3,13.3,4.0,1.1,5.1,5.056757206124638,11.6,3.9,5.5,4.1,2.6
2011,E06000032,Luton UA,2.3039556,6.1043777,3,46.6,36.1,12.4,3.7,1.2,4.9,5.741419205553413,9.9,7.4,6.7,3.8,3.3
2011,E06000033,Southend-on-Sea UA,3.9505012,9.685038,0,45.1,35.1,14.1,4.5,1.3,5.8,4.966921852376267,14.1,3.8,5.0,4.2,2.1
2011,E06000034,Thurrock UA,2.8891199,9.756715,2,48.2,34.7,12.3,3.7,1.0,4.7,5.42392485366794,11.7,3.5,5.2,3.5,2.1
2011,E06000035,Medway UA,3.4370813,9.665025,0,45.7,36.3,13.0,3.9,1.1,5.0,4.876955881292556,12.7,5.1,5.2,3.8,2.1
2011,E06000036,Bracknell Forest UA,0.5752773,9.416287,2,52.4,34.3,10.1,2.5,0.7,3.2,3.378410895615766,10.2,3.6,4.2,2.1,1.5
2011,E06000037,West Berkshire UA,0.6200082,9.615964,2,51.6,34.5,10.7,2.5,0.7,3.2,2.926267692362611,12.6,3.4,4.3,2.2,1.4
2011,E06000038,Reading UA,1.8204731,9.509916,2,50.2,35.3,10.8,2.9,0.8,3.7,4.562187521402644,8.6,8.0,4.6,2.8,2.2
2011,E06000039,Slough UA,2.2123299,6.1301703,3,47.9,36.0,11.6,3.5,1.0,4.5,5.415198391367537,7.5,5.8,6.5,3.4,3.4
2011,E06000040,Windsor and Maidenhead UA,0.4006026,9.129846,2,54.5,32.2,9.8,2.7,0.7,3.4000000000000004,3.157884639366121,12.8,4.4,4.8,1.8,1.7
2011,E06000041,Wokingham UA,0.35873732,9.231296,2,54.3,33.6,9.4,2.1,0.6,2.7,2.6346494704871164,13.3,4.0,4.3,1.6,1.2
2011,E06000042,Milton Keynes UA,1.921935,9.83261,2,50.2,34.9,10.8,3.2,0.9,4.1000000000000005,4.763348678225873,10.3,3.9,4.6,3.2,2.1
2011,E06000043,Brighton and Hove UA,2.8912046,7.806453,3,49.3,33.6,11.8,4.1,1.2,5.3,3.708869406808608,9.3,9.8,3.4,4.2,1.7
2011,E06000044,Portsmouth UA,3.0334918,7.7457366,3,47.7,34.8,12.4,3.9,1.2,5.1,4.252301486613969,10.7,10.7,4.1,3.8,1.9
2011,E06000045,Southampton UA,3.0741487,7.70291,3,47.6,35.0,12.4,3.9,1.2,5.1,4.2347156786033375,9.9,11.6,4.1,4.1,2.0
2011,E06000046,Isle of Wight UA,5.382594,11.066591,0,40.8,36.5,16.2,5.0,1.5,6.5,4.397124725555656,20.5,3.7,3.9,4.5,3.0
2011,E06000047,County Durham UA,6.9367785,8.594952,0,42.4,33.4,16.1,6.3,1.8,8.1,4.432823687584029,17.1,6.2,3.7,6.5,2.2
2011,E06000049,Cheshire East UA,3.2440202,11.065211,2,49.1,33.2,12.8,3.8,1.1,4.9,3.2263898166840743,17.1,4.2,3.5,3.1,1.5
2011,E06000050,Cheshire West and Chester UA,3.844715,10.621856,0,48.5,33.1,12.9,4.3,1.2,5.5,3.680368489235261,16.4,4.4,3.5,3.9,1.5
2011,E06000051,Shropshire UA,3.1656227,11.532937,2,46.5,34.9,13.5,3.9,1.1,5.0,3.282832794383006,16.9,3.9,3.4,3.2,1.6
2011,E06000052,Cornwall UA,4.53087,11.204316,0,45.2,33.6,14.9,4.9,1.4,6.300000000000001,3.264430717639858,18.9,4.3,4.0,4.4,1.7
2011,E06000053,Isles of Scilly UA,0.18741792,9.706299,2,51.5,34.2,11.3,2.4,0.6,3.0,1.1097410604192357,12.9,0.8,1.6,0.9,1.8
2011,E06000054,Wiltshire UA,0.83641785,10.260853,2,49.8,34.0,12.1,3.2,0.9,4.1000000000000005,2.944389640601304,14.7,3.3,4.0,2.7,1.5
2011,E06000055,Bedford UA,2.7241976,9.88552,2,46.9,36.0,12.6,3.6,1.0,4.6,4.447804226293028,12.8,5.5,4.3,3.3,2.3
2011,E06000056,Central Bedfordshire UA,1.246375,10.494945,2,49.1,35.5,11.5,3.0,0.8,3.8,3.4517674034865906,13.5,4.2,3.9,2.4,1.3
2011,E07000008,Cambridge,1.655059,8.016852,3,54.7,32.0,9.7,2.9,0.8,3.7,2.6871381622457595,7.1,21.8,3.0,2.5,1.6
2011,E07000009,East Cambridgeshire,1.1548064,10.632685,2,48.8,35.2,12.1,3.1,0.8,3.9,2.8774253055308496,13.5,2.9,4.2,2.4,1.3
2011,E07000010,Fenland,5.29958,11.717301,0,39.4,37.8,16.5,4.8,1.4,6.199999999999999,4.232002079182188,17.1,3.1,4.3,4.5,2.0
2011,E07000011,Huntingdonshire,1.4353964,10.59546,2,48.8,35.7,11.6,3.1,0.9,4.0,3.156861806519553,14.1,3.2,3.8,2.5,1.9
2011,E07000012,South Cambridgeshire,0.24609165,9.500549,2,52.5,33.7,10.6,2.5,0.7,3.2,2.318633500032474,13.0,4.0,3.6,2.0,1.3
2011,E07000026,Allerdale,4.6722555,11.267373,0,44.5,34.5,14.7,4.9,1.3,6.2,3.596889176928062,18.9,3.0,3.2,4.5,1.5
2011,E07000027,Barrow-in-Furness,6.954206,8.454378,0,42.8,33.1,15.8,6.6,1.8,8.4,4.627908341976009,17.9,3.2,3.5,7.3,1.7
2011,E07000028,Carlisle,4.515985,11.391662,0,45.2,34.9,14.0,4.6,1.3,5.9,3.579736203492977,15.5,3.5,2.9,4.7,1.5
2011,E07000029,Copeland,5.5142155,10.073357,0,44.4,33.9,14.9,5.3,1.5,6.8,4.240825775112899,18.3,3.0,3.6,5.4,2.5
2011,E07000030,Eden,2.351529,11.52212,2,46.1,35.8,13.7,3.6,0.9,4.5,2.122111785207177,17.6,2.8,2.4,2.8,1.1
2011,E07000031,South Lakeland,2.4072206,11.470108,2,46.8,35.1,13.6,3.6,1.0,4.6,2.0097321675831785,20.4,3.0,2.3,2.6,1.2
2011,E07000032,Amber Valley,4.8467345,11.09256,0,44.0,35.0,15.0,4.8,1.3,6.1,3.868239139556969,17.4,3.4,3.8,4.1,1.5
2011,E07000033,Bolsover,6.9602017,8.590748,0,40.8,33.5,17.1,6.8,1.8,8.6,4.668871212798284,16.9,3.5,4.4,6.5,1.8
2011,E07000034,Chesterfield,6.9492407,8.89429,0,41.7,34.3,16.4,6.0,1.6,7.6,4.655210773599968,16.9,3.6,3.8,6.0,1.8
2011,E07000035,Derbyshire Dales,2.7029295,11.564079,2,47.1,34.7,13.7,3.5,1.1,4.6,2.6819038824117896,19.1,3.3,3.0,2.5,1.8
2011,E07000036,Erewash,4.81537,10.965878,0,44.0,35.4,15.0,4.3,1.3,5.6,4.5297727850476335,15.6,3.6,3.8,4.0,1.6
2011,E07000037,High Peak,3.60103,10.844769,0,47.5,34.1,13.2,4.1,1.1,5.199999999999999,3.822582320556768,15.7,4.3,3.0,3.7,1.3
2011,E07000038,North East Derbyshire,5.007901,11.091174,0,43.0,34.3,15.9,5.4,1.5,6.9,3.671385788184046,19.3,3.4,3.5,4.5,1.4
2011,E07000039,South Derbyshire,2.7994926,11.387284,2,47.6,34.4,13.1,3.9,1.0,4.9,3.059755219582433,14.8,3.6,4.0,3.5,1.6
2011,E07000040,East Devon,2.642602,11.965021,2,43.8,36.0,15.1,4.0,1.1,5.1,2.446595244767304,22.4,2.9,3.3,2.8,1.3
2011,E07000041,Exeter,2.1699998,8.024334,3,49.9,33.4,12.0,3.7,1.1,4.800000000000001,3.0588314124899494,11.1,12.8,2.9,3.5,1.6
2011,E07000042,Mid Devon,2.3887243,11.657044,2,46.6,35.4,13.4,3.6,1.0,4.6,2.7091876018407435,16.5,3.2,3.7,3.1,1.5
2011,E07000043,North Devon,4.10339,11.393245,0,46.4,33.8,14.2,4.3,1.3,5.6,3.039684773430904,18.2,3.0,3.8,3.7,1.6
2011,E07000044,South Hams,2.7004716,11.528515,2,47.4,34.4,13.3,3.8,1.1,4.9,2.345876569279245,20.2,3.3,3.2,3.1,1.5
2011,E07000045,Teignbridge,4.049725,11.475463,0,44.9,34.9,14.7,4.2,1.3,5.5,2.768494819550469,19.0,3.0,3.3,3.6,2.0
2011,E07000046,Torridge,4.78556,11.198842,0,43.5,34.8,15.4,4.9,1.3,6.2,3.4100193506772736,20.5,3.1,3.9,4.0,1.6
2011,E07000047,West Devon,3.7309017,11.56992,0,45.9,34.7,14.3,4.0,1.2,5.2,3.0738809994607226,19.6,3.3,3.4,3.4,2.1
2011,E07000061,Eastbourne,5.034081,10.955741,0,43.1,35.4,15.3,4.7,1.4,6.1,4.078157592269379,16.8,5.2,3.8,4.5,1.8
2011,E07000062,Hastings,6.7402487,8.903889,0,40.5,36.2,15.8,5.7,1.7,7.4,5.483372705796838,14.3,4.1,4.7,6.6,2.5
2011,E07000063,Lewes,4.221695,11.759144,0,44.8,35.5,14.3,4.2,1.2,5.4,3.3478179272113064,17.6,3.7,3.9,3.5,1.8
2011,E07000064,Rother,5.25392,11.777405,0,40.6,36.6,16.5,4.9,1.4,6.300000000000001,3.2118483638504003,22.5,3.8,4.3,4.1,1.9
2011,E07000065,Wealden,2.0764434,11.584049,2,47.6,34.9,13.0,3.5,1.0,4.5,2.521746521973196,18.0,3.4,4.3,2.7,1.5
2011,E07000066,Basildon,3.569009,9.707639,0,46.2,35.0,13.3,4.2,1.3,5.5,4.647243531141938,13.9,3.4,5.7,3.9,1.8
2011,E07000067,Braintree,2.2099648,10.198438,2,47.5,35.7,12.4,3.4,0.9,4.3,3.7613148672201504,14.1,3.0,4.6,3.1,1.5
2011,E07000068,Brentwood,1.0732366,9.812362,2,51.0,33.3,11.6,3.1,0.9,4.0,3.147718046035612,14.9,4.4,4.8,2.3,1.5
2011,E07000069,Castle Point,4.793611,11.786712,0,43.5,36.1,14.7,4.4,1.3,5.7,3.5419181134527897,19.4,2.9,4.8,3.2,1.6
2011,E07000070,Chelmsford,0.9795164,10.092396,2,50.2,34.7,11.4,2.8,0.8,3.6,3.414097806666505,14.1,3.9,4.2,2.3,1.6
2011,E07000071,Colchester,1.8387079,9.887742,2,48.8,34.8,12.1,3.3,1.0,4.3,3.466031953454365,13.1,7.0,4.1,3.2,1.5
2011,E07000072,Epping Forest,1.6112585,9.896925,2,49.3,33.8,12.4,3.6,1.0,4.6,3.5962569795413915,14.1,4.5,4.9,2.6,1.9
2011,E07000073,Harlow,3.532974,9.772897,0,45.1,35.9,13.7,4.1,1.2,5.3,5.186725527961956,11.3,3.6,4.7,3.7,1.9
2011,E07000074,Maldon,2.1469011,11.728124,2,46.2,35.6,13.4,3.7,1.1,4.800000000000001,3.041448266748888,17.9,3.0,4.7,2.8,1.4
2011,E07000075,Rochford,1.9359336,11.466276,2,47.8,34.9,13.0,3.4,0.9,4.3,3.0384774513860155,17.7,3.1,4.6,2.3,1.5
2011,E07000076,Tendring,6.8328233,8.895796,0,38.4,35.8,18.1,5.8,1.8,7.6,4.670788253477589,23.1,3.3,4.6,5.3,2.0
2011,E07000077,Uttlesford,0.42098552,9.261746,2,52.5,33.3,10.9,2.6,0.7,3.3,2.674911536979294,13.5,4.2,4.9,1.8,1.4
2011,E07000078,Cheltenham,1.4083871,9.95112,2,49.9,34.3,11.8,3.1,0.9,4.0,3.343013125798583,12.7,6.3,3.5,3.0,1.6
2011,E07000079,Cotswold,1.374368,10.92611,2,48.8,35.1,12.3,3.0,0.8,3.8,2.481897627965044,16.2,4.4,3.9,2.1,1.4
2011,E07000080,Forest of Dean,4.3792253,11.806304,0,44.3,35.8,14.5,4.3,1.1,5.4,3.453704777845909,17.7,4.4,3.9,3.7,1.6
2011,E07000081,Gloucester,3.0048184,10.0235815,2,46.6,35.5,13.1,3.8,1.1,4.9,4.262328258865328,12.1,4.2,4.0,4.0,1.9
2011,E07000082,Stroud,1.9286494,11.340965,2,47.7,35.2,12.8,3.4,0.9,4.3,2.813739247147825,15.6,3.6,3.5,2.8,1.3
2011,E07000083,Tewkesbury,1.837121,11.3083725,2,47.6,35.6,12.5,3.3,1.0,4.3,2.818128508000336,16.9,3.0,3.6,2.4,1.4
2011,E07000084,Basingstoke and Deane,0.77911615,10.067722,2,50.7,35.1,10.8,2.7,0.7,3.4000000000000004,3.244809035807308,12.5,2.7,4.0,2.4,1.4
2011,E07000085,East Hampshire,0.68250316,10.103019,2,50.5,34.7,11.1,2.9,0.8,3.7,2.553818155695505,15.3,3.9,4.3,2.3,1.3
2011,E07000086,Eastleigh,1.2963138,10.748763,2,49.2,35.3,11.6,3.0,0.9,3.9,3.022427988032583,14.1,3.1,3.6,2.6,1.2
2011,E07000087,Fareham,1.5913497,11.091774,2,48.5,35.2,12.2,3.1,0.9,4.0,2.607207074065864,17.3,3.4,3.2,2.2,1.2
2011,E07000088,Gosport,3.2385533,9.983527,2,45.3,36.2,13.6,3.9,1.0,4.9,4.235365300257147,14.5,3.6,4.3,3.6,1.7
2011,E07000089,Hart,0.37258583,9.17107,2,55.0,33.1,9.3,2.1,0.6,2.7,2.375656331805045,14.3,3.3,4.4,1.3,1.2
2011,E07000090,Havant,4.6830025,11.6013155,0,44.3,35.9,14.2,4.3,1.3,5.6,3.99318237156075,17.3,3.4,4.4,4.2,1.6
2011,E07000091,New Forest,2.5506527,11.958924,2,45.1,35.9,14.1,3.8,1.1,4.9,2.634657606692415,19.7,2.7,3.8,2.8,1.4
2011,E07000092,Rushmoor,1.546935,10.041345,2,50.1,35.5,10.8,2.8,0.8,3.6,3.7227933153391146,9.8,3.8,4.0,2.7,2.0
2011,E07000093,Test Valley,0.7423461,10.304066,2,50.0,34.6,11.6,3.0,0.8,3.8,2.5197278268676464,15.5,3.4,4.0,2.4,1.3
2011,E07000094,Winchester,0.57619697,8.99777,2,53.2,32.8,10.6,2.7,0.7,3.4000000000000004,2.299544351736789,14.5,6.7,3.9,2.2,1.6
2011,E07000095,Broxbourne,2.3628268,10.002201,2,47.7,35.3,12.3,3.6,1.0,4.6,4.1790559031938335,13.2,4.3,4.8,2.8,1.8
2011,E07000096,Dacorum,1.4243847,9.866107,2,50.3,34.1,11.6,3.2,0.9,4.1000000000000005,3.6672732496887273,12.4,3.8,4.5,2.7,2.1
2011,E07000098,Hertsmere,1.3166493,9.568906,2,51.5,32.9,11.4,3.2,0.9,4.1000000000000005,3.705723594971403,11.2,6.1,4.7,2.8,1.8
2011,E07000099,North Hertfordshire,0.9743834,10.116213,2,50.2,34.1,11.8,3.1,0.8,3.9,3.436782865260627,13.3,3.7,4.3,2.4,1.3
2011,E07000102,Three Rivers,0.9976292,9.799803,2,50.7,34.2,11.2,3.1,0.8,3.9,3.177450352338244,12.8,4.5,4.7,2.3,1.7
2011,E07000103,Watford,1.7491622,9.751713,2,50.1,34.8,11.0,3.2,0.9,4.1000000000000005,4.061250660028664,9.4,4.6,4.6,2.7,2.1
2011,E07000105,Ashford,2.2270854,10.135576,2,47.6,35.1,12.7,3.5,1.1,4.6,3.629587428191616,14.4,3.3,4.9,3.1,1.7
2011,E07000106,Canterbury,2.6314273,7.8776546,3,46.8,34.6,13.4,4.1,1.1,5.199999999999999,3.0482626690623684,15.0,12.5,3.6,3.3,1.8
2011,E07000107,Dartford,2.3141322,9.9859705,2,48.6,34.9,12.2,3.4,1.0,4.4,4.396493020088526,11.9,3.5,4.4,3.0,1.8
2011,E07000108,Dover,5.0342546,10.782967,0,43.4,35.4,15.0,5.0,1.3,6.3,4.464882529151091,17.6,4.0,4.4,4.5,2.1
2011,E07000109,Gravesham,3.43547,9.663143,0,46.5,35.0,13.4,4.0,1.1,5.1,5.074394392753208,13.5,4.2,5.3,3.8,2.3
2011,E07000110,Maidstone,2.1574795,10.226845,2,48.1,35.1,12.4,3.4,1.0,4.4,3.398362639206578,14.4,3.6,4.5,2.7,1.9
2011,E07000111,Sevenoaks,0.92394865,9.770864,2,51.2,33.4,11.5,3.1,0.9,4.0,2.84050768593632,15.3,4.1,5.4,2.2,1.6
2011,E07000112,Shepway,5.1556945,10.864586,0,42.2,36.1,15.2,4.9,1.5,6.4,4.588262465036311,17.7,3.7,4.5,4.9,2.1
2011,E07000113,Swale,3.8531594,9.646608,0,44.3,35.9,14.1,4.4,1.3,5.7,4.60210735546158,15.1,3.7,5.2,4.4,2.7
2011,E07000114,Thanet,6.7823396,8.861289,0,40.7,35.1,16.7,5.8,1.7,7.5,5.672722652776013,18.2,4.3,4.9,5.6,2.1
2011,E07000115,Tonbridge and Malling,0.9862081,10.020375,2,49.9,34.3,11.8,3.1,0.9,4.0,2.984901949441777,14.5,4.0,4.7,2.5,1.4
2011,E07000116,Tunbridge Wells,1.0299035,9.656086,2,51.4,33.6,11.1,3.1,0.8,3.9,2.9505679325305905,12.6,4.8,5.1,2.7,1.7
2011,E07000117,Burnley,6.5734158,8.848852,0,42.9,33.6,15.7,6.0,1.7,7.7,5.273289573340065,15.4,4.3,4.5,7.0,2.7
2011,E07000118,Chorley,3.7733002,10.857631,0,47.9,33.3,13.3,4.3,1.2,5.5,3.2369826518742726,16.1,3.2,2.9,4.1,2.8
2011,E07000119,Fylde,4.6532464,11.255118,0,44.6,33.8,15.3,4.9,1.4,6.300000000000001,3.092915811088296,20.6,3.3,3.1,4.0,2.2
2011,E07000120,Hyndburn,6.66182,8.947991,0,43.1,34.2,15.1,5.9,1.7,7.6,4.606210158338475,15.1,4.3,4.5,6.7,2.4
2011,E07000121,Lancaster,2.7990448,7.863728,3,46.7,33.8,13.7,4.5,1.3,5.8,3.2547242874845104,15.2,10.9,2.8,4.3,1.7
2011,E07000122,Pendle,6.279342,8.790218,0,43.6,34.5,15.0,5.5,1.5,7.0,4.674115456238361,15.1,4.1,5.7,6.1,2.6
2011,E07000123,Preston,3.4412053,7.778744,3,46.6,34.1,13.3,4.7,1.3,6.0,4.395446029687275,11.7,8.2,4.4,5.4,2.6
2011,E07000124,Ribble Valley,0.17107202,9.840803,2,51.5,32.2,12.3,3.2,0.9,4.1000000000000005,2.063703524282427,18.0,3.6,2.4,2.7,1.4
2011,E07000125,Rossendale,5.1829557,9.975674,0,46.2,33.1,14.1,5.1,1.4,6.5,4.17373939091363,14.7,4.3,3.6,5.4,1.7
2011,E07000126,South Ribble,2.8998928,11.347722,2,47.7,34.1,13.1,4.1,1.0,5.1,3.009023341370653,16.5,3.3,2.7,3.5,1.2
2011,E07000127,West Lancashire,4.5987144,10.217801,0,47.6,32.7,13.4,4.9,1.4,6.300000000000001,3.897011066040857,17.0,5.7,3.3,4.3,1.4
2011,E07000128,Wyre,4.919811,11.182645,0,43.2,33.6,16.0,5.5,1.7,7.2,3.172681972110272,21.2,3.9,2.9,4.4,1.3
2011,E07000129,Blaby,1.7228061,11.184165,2,47.5,35.8,12.5,3.3,0.9,4.2,2.863269056856968,15.6,3.6,2.8,2.3,1.8
2011,E07000130,Charnwood,2.0571694,8.149475,3,48.1,35.3,12.4,3.3,0.9,4.2,3.092016292301168,13.7,11.4,3.1,2.8,1.3
2011,E07000131,Harborough,0.27362213,9.773797,2,50.9,34.3,11.4,2.7,0.8,3.5,2.450212394812075,15.5,3.9,3.0,2.0,1.7
2011,E07000132,Hinckley and Bosworth,2.4502075,11.660629,2,46.3,35.8,13.3,3.6,1.0,4.6,3.149930516238612,16.6,3.4,3.2,2.8,1.2
2011,E07000133,Melton,1.5297341,11.037883,2,48.3,35.5,12.5,2.9,0.8,3.7,2.887295359220674,15.8,3.3,3.4,2.1,1.2
2011,E07000134,North West Leicestershire,3.9056232,11.725179,0,45.4,35.5,13.9,4.0,1.2,5.2,3.443899877472431,16.1,3.8,3.8,3.4,1.4
2011,E07000135,Oadby and Wigston,3.18238,11.6053705,2,45.2,36.6,13.4,3.7,1.1,4.800000000000001,3.220825060666225,15.0,8.7,3.2,2.7,1.5
2011,E07000136,Boston,5.2629,11.706562,0,40.7,37.5,15.9,4.7,1.2,5.9,4.162262715088995,16.6,3.1,3.9,4.4,2.3
2011,E07000137,East Lindsey,7.014001,8.73009,0,38.2,35.3,18.3,6.4,1.9,8.3,3.968857577455768,24.1,3.2,4.4,5.8,1.8
2011,E07000138,Lincoln,3.328101,7.980816,3,44.2,36.6,13.9,4.2,1.2,5.4,4.935943110216969,11.2,8.8,4.0,4.6,2.2
2011,E07000139,North Kesteven,2.680437,11.923971,2,46.0,35.1,13.9,3.9,1.1,5.0,2.912893049760863,18.9,3.2,3.7,2.9,1.1
2011,E07000140,South Holland,5.2213745,11.764385,0,40.5,37.6,15.8,4.7,1.4,6.1,3.9612015018773454,18.6,2.9,4.0,3.6,1.6
2011,E07000141,South Kesteven,2.6143422,11.519745,2,46.8,35.1,13.3,3.7,1.0,4.7,3.3374777792620143,16.5,3.2,3.7,2.9,1.5
2011,E07000142,West Lindsey,4.5143905,11.78363,0,44.0,35.9,14.7,4.2,1.1,5.300000000000001,3.81041034014436,18.9,3.6,4.0,3.8,1.4
2011,E07000143,Breckland,4.963523,11.892665,0,42.2,37.3,15.0,4.3,1.2,5.5,3.506201155283724,18.0,3.0,4.2,3.5,2.2
2011,E07000144,Broadland,2.4949415,11.892714,2,44.3,37.0,14.0,3.6,1.1,4.7,2.562427329605227,18.6,2.8,3.5,2.8,1.2
2011,E07000145,Great Yarmouth,6.6444626,8.84646,0,40.3,36.0,16.6,5.5,1.6,7.1,6.0625907680041005,18.3,3.6,4.9,5.3,2.3
2011,E07000146,Kings Lynn and West Norfolk,5.192996,11.739419,0,40.9,37.1,15.9,4.8,1.3,6.1,3.6597836590331263,19.6,3.1,4.3,4.1,1.7
2011,E07000147,North Norfolk,5.2808967,11.792387,0,38.9,37.8,17.2,4.8,1.4,6.199999999999999,3.318013056740232,23.8,2.8,4.0,3.9,2.2
2011,E07000148,Norwich,3.316098,7.872999,3,44.9,35.4,14.1,4.4,1.2,5.6000000000000005,5.024726420527894,10.7,9.5,4.3,4.9,2.2
2011,E07000149,South Norfolk,2.2538235,11.774841,2,46.4,35.8,13.4,3.5,1.0,4.5,2.730111823768428,18.2,3.2,3.9,2.8,1.3
2011,E07000163,Craven,2.2915182,11.372526,2,47.6,34.6,13.3,3.6,0.9,4.5,2.5039944078290395,18.8,3.2,2.6,2.4,1.2
2011,E07000164,Hambleton,1.9711227,11.291814,2,48.7,34.4,12.6,3.3,1.0,4.3,2.5591908666002605,18.1,3.0,3.1,2.3,1.4
2011,E07000165,Harrogate,0.27377918,9.816013,2,50.6,33.8,11.8,3.0,0.8,3.8,2.57019589961241,15.5,3.3,3.4,2.3,1.3
2011,E07000166,Richmondshire,0.39560363,9.791987,2,51.3,33.5,11.5,2.9,0.8,3.7,2.887302080099348,14.9,2.4,3.6,2.2,1.8
2011,E07000167,Ryedale,2.4961326,11.798706,2,45.5,35.7,14.2,3.6,1.1,4.7,2.7380857348128043,18.6,3.4,3.1,2.5,1.4
2011,E07000168,Scarborough,5.17602,11.125181,0,41.6,35.6,16.2,5.3,1.4,6.699999999999999,4.245966269066543,20.3,4.0,3.5,4.7,1.8
2011,E07000169,Selby,2.4806898,11.2065935,2,48.4,34.3,12.8,3.6,1.0,4.6,3.483689411460271,15.7,3.0,3.5,2.6,1.2
2011,E07000170,Ashfield,6.8564963,9.013921,0,42.1,34.5,16.3,5.7,1.5,7.2,4.702568238354328,16.5,3.3,4.5,5.6,1.9
2011,E07000171,Bassetlaw,5.3328204,10.774951,0,42.8,34.7,15.8,5.2,1.5,6.7,3.954144409099094,17.1,3.5,3.8,5.1,2.7
2011,E07000172,Broxtowe,3.7318435,11.633274,0,45.5,35.0,14.3,4.1,1.1,5.199999999999999,3.868927218564967,16.5,5.6,3.3,3.5,1.4
2011,E07000173,Gedling,3.8978288,11.691469,0,45.1,35.2,14.5,4.1,1.2,5.3,4.071610393352865,16.5,3.6,3.3,3.6,1.5
2011,E07000174,Mansfield,6.9353433,8.763016,0,41.4,34.4,16.2,6.2,1.8,8.0,4.597239323439829,15.7,3.4,4.5,6.5,2.0
2011,E07000175,Newark and Sherwood,4.6361,11.30154,0,44.9,34.6,14.7,4.6,1.3,5.9,3.559332105294432,17.1,3.8,4.1,4.3,2.0
2011,E07000176,Rushcliffe,0.24952362,9.66796,2,51.9,32.6,11.5,3.1,0.9,4.0,2.751532412853693,15.9,5.5,3.0,2.2,1.5
2011,E07000177,Cherwell,0.9812012,9.977062,2,50.3,34.7,11.2,3.0,0.8,3.8,2.8430603569318964,12.3,3.4,3.8,2.5,2.3
2011,E07000178,Oxford,1.6681397,8.006575,3,55.2,31.7,9.4,2.8,0.9,3.7,3.209301147445477,7.0,21.6,3.5,2.6,1.9
2011,E07000179,South Oxfordshire,0.34222296,9.405084,2,52.6,33.4,10.7,2.6,0.7,3.3,2.524460223754283,13.9,3.5,4.0,1.9,1.6
2011,E07000180,Vale of White Horse,0.3317812,9.452352,2,51.9,34.0,10.8,2.6,0.7,3.3,2.503515209712268,13.9,3.9,3.9,1.9,1.3
2011,E07000181,West Oxfordshire,0.15948598,9.648098,2,51.5,33.8,11.2,2.8,0.7,3.5,2.271444139542823,13.7,3.0,3.4,1.8,1.2
2011,E07000187,Mendip,2.79781,11.494982,2,46.8,35.0,13.4,3.8,1.0,4.8,2.920422615793422,15.3,4.2,3.7,3.3,1.6
2011,E07000188,Sedgemoor,4.549118,11.644556,0,44.5,35.2,14.8,4.4,1.2,5.6000000000000005,3.584912488088489,17.0,3.4,4.0,4.0,1.6
2011,E07000189,South Somerset,2.554511,11.866294,2,45.4,35.9,13.8,3.8,1.0,4.8,2.737714828568961,17.9,3.0,3.6,3.1,1.4
2011,E07000192,Cannock Chase,5.1308603,10.658508,0,43.7,35.0,14.5,5.3,1.5,6.8,4.581177186816836,14.9,3.6,4.2,4.7,1.7
2011,E07000193,East Staffordshire,3.1506798,9.875442,2,45.9,35.7,13.5,3.9,1.1,5.0,3.81776809256071,15.0,3.7,4.4,3.7,2.5
2011,E07000194,Lichfield,3.4472022,11.599466,2,46.9,34.8,13.2,3.9,1.2,5.1,3.3856361277204807,18.6,3.7,3.5,3.0,1.8
2011,E07000195,Newcastle-under-Lyme,4.4804764,10.800801,0,44.7,34.5,14.4,5.1,1.4,6.5,3.658417718091731,16.1,7.6,3.2,4.7,1.7
2011,E07000196,South Staffordshire,3.6673515,11.6654215,0,45.3,35.5,13.8,4.1,1.3,5.4,3.3078123838549023,18.3,3.9,3.2,2.8,2.0
2011,E07000197,Stafford,3.2184181,11.636971,2,46.1,35.6,13.2,3.9,1.1,5.0,3.1121206203685623,16.7,5.1,3.0,3.1,2.0
2011,E07000198,Staffordshire Moorlands,4.5869093,11.40774,0,44.2,35.1,14.9,4.6,1.4,6.0,2.817507109662204,19.1,3.3,2.9,4.1,1.3
2011,E07000199,Tamworth,4.15752,10.452491,0,45.6,35.2,13.4,4.4,1.3,5.7,4.470993964773987,14.3,3.5,4.2,4.1,1.4
2011,E07000200,Babergh,2.1501164,11.679311,2,46.6,35.8,13.2,3.4,0.9,4.3,2.978993261989695,18.2,3.4,4.2,2.5,1.4
2011,E07000202,Ipswich,3.4485264,9.688012,0,45.6,35.8,13.5,3.9,1.1,5.0,5.36396101557113,11.6,3.8,4.8,4.2,2.1
2011,E07000203,Mid Suffolk,1.7142462,11.313142,2,47.9,35.3,12.9,3.1,0.8,3.9,2.553051817390436,17.4,2.9,4.0,2.2,1.3
2011,E07000207,Elmbridge,1.6395724,3.5950186,4,56.5,31.0,9.4,2.5,0.7,3.2,2.6698686255120783,12.2,4.5,6.4,1.8,1.8
2011,E07000208,Epsom and Ewell,0.47045854,9.270107,2,52.2,33.8,10.6,2.7,0.7,3.4000000000000004,2.7321395606424224,13.4,5.1,4.2,2.1,1.6
2011,E07000209,Guildford,0.9479103,8.730492,2,53.9,33.1,9.8,2.5,0.7,3.2,2.694651850980853,11.3,8.5,4.4,1.9,1.7
2011,E07000210,Mole Valley,0.48447162,9.583179,2,51.5,33.7,11.3,2.9,0.7,3.6,2.5157129224390404,15.7,3.8,4.4,2.1,1.4
2011,E07000211,Reigate and Banstead,0.8114978,9.7458935,2,51.5,34.0,10.8,2.8,0.8,3.6,2.916116281649239,12.4,3.5,4.4,2.3,2.1
2011,E07000212,Runnymede,1.368023,8.501263,2,51.3,34.1,10.9,2.9,0.7,3.6,2.726071613734049,11.9,9.2,3.9,1.9,1.5
2011,E07000213,Spelthorne,1.5018828,10.702795,2,48.0,35.8,12.0,3.2,0.9,4.1000000000000005,3.2567652611705475,13.3,3.2,3.9,2.3,1.8
2011,E07000214,Surrey Heath,0.38117966,9.192172,2,53.5,33.3,10.0,2.5,0.7,3.2,2.766722608487173,13.5,3.5,4.4,1.7,1.8
2011,E07000215,Tandridge,0.8409309,10.026462,2,50.5,34.4,11.4,2.9,0.9,3.8,2.7667053500849352,14.1,4.3,4.3,2.2,1.6
2011,E07000216,Waverley,0.40054533,9.145641,2,53.5,32.7,10.5,2.5,0.7,3.2,2.415408154922504,14.3,5.1,4.9,2.1,1.5
2011,E07000217,Woking,0.93078417,9.6563835,2,51.8,34.6,10.3,2.6,0.8,3.4000000000000004,3.2249518976046403,11.5,3.6,5.5,2.3,1.8
2011,E07000218,North Warwickshire,4.5225534,11.29886,0,45.1,34.8,14.1,4.6,1.4,6.0,3.599740090968161,16.5,3.3,3.3,3.5,1.5
2011,E07000219,Nuneaton and Bedworth,4.96702,10.740167,0,44.0,35.3,14.5,4.8,1.4,6.199999999999999,4.737756542512759,15.6,3.6,3.9,4.4,1.7
2011,E07000220,Rugby,2.4003766,11.207105,2,47.7,35.3,12.6,3.5,1.0,4.5,3.591308291757721,14.7,3.9,3.5,2.8,1.5
2011,E07000221,Stratford-on-Avon,1.8452381,11.360981,2,48.2,34.8,12.7,3.4,0.9,4.3,2.455316432609885,17.3,3.4,3.5,2.3,1.4
2011,E07000222,Warwick,1.8267069,8.306108,2,50.6,33.9,11.4,3.1,0.9,4.0,3.030627022928958,12.9,9.0,2.9,2.6,1.3
2011,E07000223,Adur,4.805499,11.889258,0,42.7,36.6,15.0,4.5,1.2,5.7,3.342453260373917,16.8,3.3,3.9,3.6,1.5
2011,E07000224,Arun,5.0150647,11.889935,0,42.0,36.8,15.6,4.4,1.2,5.6000000000000005,3.3355016922627296,20.4,3.1,3.7,3.5,1.8
2011,E07000225,Chichester,2.0339932,11.555852,2,47.6,34.9,13.1,3.4,1.0,4.4,2.7974875674074804,18.2,4.4,4.2,2.4,1.5
2011,E07000226,Crawley,2.436664,9.945008,2,47.6,35.9,12.1,3.5,1.0,4.5,4.512075296064539,9.5,3.3,4.9,3.2,2.1
2011,E07000227,Horsham,0.6950068,10.039392,2,50.6,34.8,11.1,2.7,0.8,3.5,2.7110413706821603,15.5,3.5,4.2,2.2,1.3
2011,E07000228,Mid Sussex,0.3734481,9.53349,2,51.8,34.0,10.7,2.8,0.8,3.6,2.428879224354626,14.2,3.6,4.0,2.0,1.4
2011,E07000229,Worthing,4.4066954,11.784796,0,44.2,36.1,14.4,4.2,1.1,5.300000000000001,3.467943716537975,15.4,3.1,3.7,4.2,1.6
2011,E07000234,Bromsgrove,3.179476,11.192831,2,49.1,33.4,12.7,3.7,1.1,4.800000000000001,3.0527821611338064,16.3,4.2,2.8,2.5,2.4
2011,E07000235,Malvern Hills,3.8052866,11.707851,0,45.6,35.1,14.1,3.9,1.4,5.3,3.158170130064285,19.2,4.8,3.5,3.2,1.5
2011,E07000236,Redditch,3.7229867,10.371007,0,46.8,34.9,13.0,4.2,1.2,5.4,4.601506645554436,13.0,3.8,3.9,3.8,1.6
2011,E07000237,Worcester,2.7380683,10.119464,2,47.4,34.9,12.8,3.8,1.0,4.8,4.184949987735412,12.2,5.5,3.7,3.4,1.7
2011,E07000238,Wychavon,2.582614,11.678502,2,46.4,35.6,13.3,3.7,1.0,4.7,3.1293503819562245,17.4,3.3,3.4,2.7,1.6
2011,E07000239,Wyre Forest,4.84968,11.119434,0,43.6,35.2,15.2,4.6,1.4,6.0,4.204283087472867,18.5,3.3,3.6,4.1,1.7
2011,E08000001,Bolton,4.886728,9.343325,0,45.4,33.9,14.1,5.2,1.4,6.6,4.938646791847472,14.7,5.1,4.7,5.8,2.4
2011,E08000002,Bury,4.5961494,10.176345,0,47.1,33.3,13.7,4.6,1.3,5.9,4.283264160609413,14.5,4.5,3.8,4.9,1.9
2011,E08000003,Manchester,3.258923,6.810135,3,48.8,31.7,12.5,5.4,1.7,7.1000000000000005,5.713808195710988,7.6,14.1,4.9,6.6,3.3
2011,E08000004,Oldham,6.153334,8.817161,0,45.1,33.3,14.6,5.4,1.5,6.9,5.421087221857103,14.0,5.1,5.7,5.8,2.9
2011,E08000005,Rochdale,6.2065353,8.756535,0,44.5,33.1,14.8,5.9,1.7,7.6,5.923059800185934,13.7,5.3,5.1,6.8,3.0
2011,E08000006,Salford,6.084786,9.233673,0,46.0,32.4,14.0,5.9,1.7,7.6,5.2224795947249545,12.1,5.8,4.1,6.9,2.9
2011,E08000007,Stockport,4.0052185,10.558274,0,47.8,33.3,13.3,4.4,1.2,5.6000000000000005,3.897520822171351,15.3,4.2,3.5,4.2,1.6
2011,E08000008,Tameside,6.464838,9.127407,0,44.0,33.7,15.1,5.7,1.6,7.300000000000001,4.987024569705002,14.7,4.3,4.0,6.2,2.2
2011,E08000009,Trafford,3.9237425,10.468447,0,51.0,31.6,12.2,4.1,1.1,5.199999999999999,3.768902865987741,13.3,4.4,3.9,4.0,1.8
2011,E08000010,Wigan,5.702447,9.70807,0,45.4,32.7,14.7,5.7,1.5,7.2,4.85549377365272,16.2,3.5,3.5,6.2,1.8
2011,E08000011,Knowsley,7.0034556,7.2260203,1,46.0,29.8,14.7,7.3,2.2,9.5,6.524421835994536,13.6,4.8,4.5,8.8,2.7
2011,E08000012,Liverpool,6.91163,7.2145114,1,46.7,30.5,14.0,6.7,2.1,8.8,6.719420751185286,11.5,10.3,3.8,8.0,3.0
2011,E08000013,St. Helens,6.8360834,8.30711,0,44.8,31.9,14.9,6.5,1.8,8.3,5.124089393752315,17.1,4.1,3.8,6.7,1.9
2011,E08000014,Sefton,5.7131305,9.6937685,0,45.3,32.5,14.8,5.7,1.6,7.300000000000001,4.8981568843120735,17.3,4.4,3.4,5.9,1.9
2011,E08000015,Wirral,5.955751,9.395563,0,46.3,31.9,14.3,5.8,1.7,7.5,5.171734148866585,16.8,4.5,3.9,6.4,2.0
2011,E08000016,Barnsley,7.0701966,8.58041,0,41.6,33.6,16.4,6.6,1.8,8.4,5.127783809160529,16.4,3.7,4.4,7.0,2.1
2011,E08000017,Doncaster,6.260084,8.801129,0,43.6,34.1,15.1,5.6,1.6,7.199999999999999,5.74844823136859,15.4,4.0,4.9,5.9,3.0
2011,E08000018,Rotherham,6.6217113,8.981954,0,43.2,33.9,15.3,5.9,1.7,7.6,5.225075681398603,16.6,3.9,4.7,5.6,2.2
2011,E08000019,Sheffield,3.3474693,7.6774178,3,46.7,33.4,13.7,4.8,1.4,6.199999999999999,4.775136008408677,12.9,10.8,4.1,4.5,2.1
2011,E08000021,Newcastle upon Tyne,3.3105657,6.938231,3,47.8,31.8,13.6,5.3,1.5,6.8,5.00413409500902,11.5,13.7,4.2,5.4,2.3
2011,E08000022,North Tyneside,5.5204124,9.871204,0,44.8,33.3,15.0,5.3,1.5,6.8,4.938839264583573,15.9,3.6,3.4,5.0,1.6
2011,E08000023,South Tyneside,6.7451086,8.421233,0,42.8,33.0,16.0,6.3,1.9,8.2,6.556188693441976,15.9,4.2,4.3,6.6,2.2
2011,E08000024,Sunderland,6.91903,8.27839,0,42.6,32.9,16.0,6.6,2.0,8.6,5.845722736825718,15.7,5.2,4.2,6.9,2.1
2011,E08000025,Birmingham,2.7265687,5.942915,3,45.5,33.9,13.9,5.0,1.6,6.6,7.117903011106844,10.7,9.7,6.4,5.3,3.7
2011,E08000026,Coventry,3.3018255,7.7139797,3,46.0,34.6,13.3,4.7,1.4,6.1,5.404729353821737,12.0,10.4,4.3,4.5,2.4
2011,E08000027,Dudley,5.112067,10.58788,0,42.4,35.8,15.3,5.1,1.4,6.5,5.320960101620458,16.2,4.3,4.6,4.4,2.0
2011,E08000028,Sandwell,6.2511168,8.618826,0,41.9,34.8,15.6,5.9,1.8,7.7,7.31135083914937,13.0,5.3,5.9,5.8,3.2
2011,E08000029,Solihull,3.6104476,10.659915,0,47.5,34.2,13.1,4.0,1.2,5.2,4.249123753033163,16.2,4.4,3.7,3.3,1.5
2011,E08000030,Walsall,6.241188,8.632261,0,42.2,35.1,15.5,5.6,1.7,7.3,6.774875764426433,15.0,5.0,5.8,5.2,2.9
2011,E08000031,Wolverhampton,6.210347,8.588842,0,41.8,35.3,15.7,5.5,1.7,7.2,7.849074634826622,13.2,6.1,5.3,5.4,3.1
2011,E08000032,Bradford,2.4756408,5.9691296,3,44.8,35.6,13.7,4.5,1.3,5.8,5.795470991242897,12.0,6.4,6.7,5.0,3.4
2011,E08000033,Calderdale,4.297374,10.180676,0,46.3,34.3,13.8,4.4,1.2,5.6000000000000005,4.97022169044002,15.1,4.1,3.9,4.4,2.0
2011,E08000034,Kirklees,3.9957135,9.58694,0,45.5,35.0,13.7,4.5,1.3,5.8,4.708750821956158,14.3,5.7,5.0,4.4,2.4
2011,E08000035,Leeds,3.116576,7.745004,3,48.1,33.8,12.7,4.2,1.2,5.4,4.775973568643253,12.4,8.2,3.6,4.0,2.2
2011,E08000036,Wakefield,6.8040934,8.98177,0,42.7,34.0,15.5,6.0,1.7,7.7,4.855662103677639,16.1,3.5,4.0,5.8,2.2
2011,E09000001,City of London,0.56427675,8.919682,2,55.8,32.2,8.7,2.6,0.8,3.4000000000000004,2.964959568733154,9.2,5.8,2.4,1.8,2.0
2011,E09000002,Barking and Dagenham,2.5481539,5.8341794,3,47.2,33.7,12.9,4.7,1.4,6.1,7.34275053304904,8.6,7.4,7.4,5.1,3.7
2011,E09000003,Barnet,2.117212,6.020661,3,51.5,33.0,11.0,3.4,1.1,4.5,4.440437543288075,8.9,8.2,5.5,3.1,3.0
2011,E09000004,Bexley,2.4925418,9.987599,2,48.0,34.7,12.5,3.7,1.1,4.800000000000001,4.366720108007763,13.2,5.5,4.6,3.0,2.0
2011,E09000005,Brent,2.2275128,5.9527473,3,48.1,34.8,11.8,4.0,1.4,5.4,5.7909689123161305,8.0,8.5,5.6,3.9,3.9
2011,E09000006,Bromley,1.5309753,9.780266,2,50.1,34.1,11.7,3.2,0.9,4.1000000000000005,3.895047609632469,13.3,4.8,4.8,2.7,1.9
2011,E09000007,Camden,1.5300308,5.3340783,3,53.4,30.6,10.4,4.2,1.4,5.6,4.46117825729292,6.9,13.1,4.5,4.4,3.0
2011,E09000008,Croydon,2.1932807,6.372042,3,48.0,35.4,12.0,3.5,1.1,4.6,5.516863842340562,9.9,6.3,5.0,3.5,2.8
2011,E09000009,Ealing,2.131216,5.9926496,3,49.2,34.5,11.4,3.8,1.2,5.0,5.205646373692456,8.3,7.4,5.8,3.6,3.5
2011,E09000010,Enfield,2.3419604,5.9306254,3,46.8,35.0,12.7,4.1,1.3,5.4,5.888654786987108,9.8,7.7,6.0,4.1,3.9
2011,E09000011,Greenwich,2.0626416,5.647217,3,50.1,32.9,11.5,4.1,1.3,5.4,6.168528614732061,8.4,7.5,5.1,4.6,3.6
2011,E09000012,Hackney,1.6796492,5.272886,3,52.2,30.7,10.9,4.5,1.7,6.2,7.046627148215534,5.6,8.8,4.9,5.2,4.1
2011,E09000013,Hammersmith and Fulham,1.4842262,4.829157,3,56.5,29.2,9.4,3.6,1.3,4.9,4.8505001648895245,6.3,8.2,4.6,3.9,3.0
2011,E09000014,Haringey,2.0884902,5.728737,3,49.6,33.6,11.2,4.2,1.5,5.7,6.075768406004289,6.9,8.3,5.0,4.4,3.9
2011,E09000015,Harrow,2.205936,6.432413,3,47.6,36.0,11.9,3.5,1.1,4.6,4.494394881860476,10.4,7.7,5.5,2.9,2.9
2011,E09000016,Havering,3.3047876,9.770035,2,46.0,35.6,13.3,4.0,1.2,5.2,4.456897760740499,14.3,4.6,4.9,3.2,2.0
2011,E09000017,Hillingdon,2.2097669,6.550453,3,48.8,35.3,11.5,3.4,1.0,4.4,4.348108800256094,10.2,8.4,5.2,2.9,2.5
2011,E09000018,Hounslow,2.1682835,6.1175313,3,49.0,35.1,11.2,3.6,1.1,4.7,4.635643179057306,8.3,6.7,5.9,3.4,3.2
2011,E09000019,Islington,1.6664281,5.42968,3,51.6,30.7,11.2,4.7,1.7,6.4,5.425403726331979,6.2,10.0,4.0,5.3,3.4
2011,E09000020,Kensington and Chelsea,1.3513069,4.8861914,3,57.8,28.5,9.1,3.4,1.2,4.6,4.309168781725888,8.0,8.7,6.1,3.6,4.1
2011,E09000021,Kingston upon Thames,1.1849748,8.773654,2,52.7,33.5,10.3,2.8,0.8,3.6,3.217099930644339,9.4,8.6,4.7,2.2,2.1
2011,E09000022,Lambeth,1.7074268,5.1826487,3,52.9,32.1,10.3,3.5,1.2,4.7,5.996298321625374,5.6,6.8,3.5,3.8,3.3
2011,E09000023,Lewisham,2.070224,5.870349,3,49.1,34.0,11.7,3.9,1.3,5.2,6.194274078204165,7.3,7.3,4.5,4.3,3.1
2011,E09000024,Merton,1.5477445,9.173262,2,52.0,33.6,10.5,3.0,0.9,3.9,4.058877792483857,8.6,6.1,5.3,2.5,2.6
2011,E09000025,Newham,2.4708643,5.578109,3,48.5,34.6,11.3,4.1,1.5,5.6,6.872002725390683,5.8,10.9,7.2,4.2,4.7
2011,E09000026,Redbridge,2.2761018,6.1571536,3,48.1,35.0,12.0,3.8,1.1,4.9,5.30710018842962,9.5,8.1,6.6,3.3,3.4
2011,E09000027,Richmond upon Thames,1.579133,3.7309954,3,57.3,30.5,8.9,2.5,0.8,3.3,3.014247454256454,10.0,5.4,5.1,2.0,2.0
2011,E09000028,Southwark,1.6377504,5.1773567,3,53.5,31.2,10.4,3.7,1.2,4.9,6.004871944458052,5.8,9.9,3.8,4.3,3.3
2011,E09000029,Sutton,1.9945378,9.949021,2,48.7,35.5,11.6,3.2,0.9,4.1000000000000005,3.913921130415976,11.1,4.7,4.5,2.8,1.9
2011,E09000030,Tower Hamlets,2.4243588,5.5132384,3,50.6,32.7,10.7,4.4,1.6,6.0,6.745797549757825,4.7,9.9,7.0,4.5,4.0
2011,E09000031,Waltham Forest,2.2874463,5.938965,3,47.1,35.6,12.1,3.9,1.3,5.2,6.102273560305376,8.0,8.0,6.0,3.8,3.6
2011,E09000032,Wandsworth,1.4891295,4.082192,3,57.4,29.9,8.9,2.8,0.9,3.7,3.8233011542583553,6.2,6.0,4.3,2.9,2.7
2011,E09000033,Westminster,1.455347,5.1013637,3,54.2,30.0,10.0,4.2,1.6,5.800000000000001,4.524657417167602,6.8,10.2,5.4,4.8,4.1
2011,W06000001,Isle of Anglesey,5.229796,9.936176,0,48.0,30.6,15.1,4.9,1.4,6.300000000000001,4.685347711440828,20.0,4.5,3.7,5.1,1.8
2011,W06000002,Gwynedd,3.59871,8.883243,0,50.4,30.7,13.6,4.1,1.2,5.3,3.572031086567769,16.4,8.8,3.4,4.3,1.8
2011,W06000003,Conwy,5.4876165,9.911709,0,45.4,32.1,15.5,5.4,1.6,7.0,4.104705393988231,19.8,4.2,3.3,5.3,1.8
2011,W06000004,Denbighshire,5.6233015,9.736959,0,46.6,31.4,14.7,5.7,1.6,7.300000000000001,4.221585200070926,18.5,4.8,3.4,6.0,1.7
2011,W06000005,Flintshire,4.0281386,10.517225,0,48.7,32.5,13.2,4.4,1.2,5.6000000000000005,3.856665924771868,16.8,3.8,3.4,4.3,1.4
2011,W06000006,Wrexham,5.0192785,10.030094,0,47.2,32.5,14.1,4.8,1.4,6.199999999999999,4.182752226646807,15.2,4.5,3.8,5.3,1.8
2011,W06000008,Ceredigion,2.8709447,7.9046583,3,47.1,32.1,14.4,4.8,1.5,6.3,2.559010539151642,16.6,13.6,2.8,4.4,1.4
2011,W06000009,Pembrokeshire,5.554673,9.854597,0,45.4,32.6,15.3,5.2,1.6,6.800000000000001,4.037524560188077,18.7,3.8,4.3,5.3,1.9
2011,W06000010,Carmarthenshire,7.059042,7.1632366,1,45.0,30.3,16.3,6.2,2.2,8.4,3.7327916948770032,18.1,4.5,3.8,6.8,1.9
2011,W06000011,Swansea,6.932401,6.99351,1,48.7,29.3,14.0,6.1,2.0,8.1,3.8599544558147945,15.6,8.7,3.7,6.9,2.1
2011,W06000012,Neath Port Talbot,7.0262036,7.131719,1,45.0,28.4,16.2,7.9,2.6,10.5,4.495756704794827,17.3,4.3,4.3,9.6,2.3
2011,W06000013,Bridgend,7.0403223,7.0869746,1,46.1,29.9,15.1,6.8,2.1,8.9,4.5591167744759495,16.7,4.1,3.9,7.7,3.0
2011,W06000014,The Vale of Glamorgan,5.0454187,10.082655,0,48.0,32.0,13.6,4.9,1.5,6.4,4.308617234468938,16.2,4.6,3.7,4.8,1.6
2011,W06000015,Cardiff,3.259407,6.83733,3,50.4,31.1,12.1,4.8,1.6,6.4,4.443880922741174,10.4,10.9,4.0,5.2,2.4
2011,W06000016,Rhondda Cynon Taf,7.0716634,7.2279797,1,44.9,29.7,15.9,7.4,2.2,9.6,4.710340778973188,16.0,5.8,4.1,8.6,2.3
2011,W06000018,Caerphilly,7.042709,7.2343845,1,44.4,30.4,15.9,7.2,2.1,9.3,5.140129820542192,16.1,4.5,4.3,8.2,2.1
2011,W06000019,Blaenau Gwent,7.0093718,7.259513,1,41.9,30.6,16.8,8.2,2.5,10.7,6.86560250149588,16.8,4.3,4.5,9.6,2.7
2011,W06000020,Torfaen,6.943241,8.1833935,0,43.3,32.5,15.5,6.5,2.1,8.6,4.784667281830971,16.8,4.0,4.4,6.7,1.8
2011,W06000021,Monmouthshire,4.386389,11.158504,0,46.4,33.7,14.0,4.6,1.4,6.0,3.3536539246978387,17.6,4.3,3.7,4.0,1.9
2011,W06000022,Newport,6.0816145,9.247973,0,45.7,32.8,14.1,5.6,1.8,7.399999999999999,5.341398693183439,14.6,5.3,4.4,5.7,2.3
2011,W06000023,Powys,4.5734286,11.306722,0,44.8,34.2,14.9,4.8,1.3,6.1,3.047809387003092,18.0,3.7,3.2,4.1,1.5
2011,W06000024,Merthyr Tydfil,7.0345144,7.1952105,1,44.1,28.8,15.9,8.3,2.8,11.1,5.719620997302718,15.4,4.8,3.9,9.5,2.3
2021,E06000001,Hartlepool,6.764055,5.331361,1,43.12,33.3,15.61,6.09,1.88,7.97,4.02,23.98,4.64,5.76,7.27,3.78
2021,E06000002,Middlesbrough,5.6333575,5.414782,1,46.7,32.23,13.77,5.54,1.77,7.31,5.1,20.42,7.0,6.61,6.92,4.43
2021,E06000003,Redcar and Cleveland,6.804657,5.0066648,1,42.54,34.0,15.84,5.8,1.82,7.62,3.56,28.51,3.96,4.98,6.47,3.0
2021,E06000004,Stockton-on-Tees,5.7722397,3.983703,1,46.53,33.33,13.89,4.78,1.47,6.25,3.73,23.44,4.35,4.85,5.19,3.72
2021,E06000005,Darlington,6.383991,3.331383,1,45.22,34.62,14.27,4.65,1.23,5.88,3.44,24.89,3.67,4.43,4.74,2.88
2021,E06000006,Halton,7.31965,5.4313455,1,45.97,32.27,14.08,5.83,1.85,7.68,3.21,22.09,3.77,4.41,6.78,3.26
2021,E06000007,Warrington,5.33391,2.277225,4,50.06,32.77,12.13,3.92,1.12,5.04,2.77,23.13,3.62,3.6,4.11,3.02
2021,E06000008,Blackburn with Darwen,5.4547653,5.2244234,1,47.79,32.32,13.25,5.06,1.58,6.64,3.81,17.78,6.51,8.03,6.55,4.14
2021,E06000009,Blackpool,6.99693,5.641439,1,40.37,33.51,16.99,6.93,2.2,9.14,4.29,23.85,3.57,5.07,8.17,4.03
2021,E06000010,"Kingston upon Hull, City of",5.826279,5.1036925,1,43.36,34.89,14.92,5.24,1.59,6.83,4.85,18.01,5.97,5.86,6.41,3.83
2021,E06000011,East Riding of Yorkshire,6.5152936,1.9870061,1,44.87,35.39,14.37,4.12,1.26,5.37,2.32,31.05,3.19,3.42,3.39,2.45
2021,E06000012,North East Lincolnshire,6.5157623,4.3014483,1,43.06,35.0,15.44,5.04,1.46,6.5,3.29,24.93,3.6,5.17,5.86,3.17
2021,E06000013,North Lincolnshire,7.0583477,3.116056,1,42.9,35.92,15.15,4.72,1.32,6.03,3.03,27.0,3.37,4.56,4.69,2.69
2021,E06000014,York,1.9614006,8.019008,3,48.62,35.02,12.13,3.35,0.88,4.23,2.93,22.45,11.15,2.69,2.74,2.15
2021,E06000015,Derby,5.0977945,3.900913,1,45.84,34.65,13.72,4.42,1.38,5.8,3.89,20.19,6.18,5.66,5.08,3.45
2021,E06000016,Leicester,2.6662335,5.0911,3,48.76,33.49,12.52,4.0,1.23,5.23,5.03,13.4,10.94,7.81,5.01,4.56
2021,E06000017,Rutland,3.5063627,1.7855922,4,50.34,34.26,11.86,2.85,0.69,3.53,1.87,28.38,4.78,3.24,2.09,4.87
2021,E06000018,Nottingham,3.232381,6.8753033,3,47.57,33.46,12.94,4.57,1.46,6.03,5.32,13.38,17.91,5.37,5.46,3.81
2021,E06000019,"Herefordshire, County of",6.416676,1.8875271,1,45.72,35.1,13.92,4.09,1.16,5.25,2.32,28.41,3.19,3.71,3.57,2.46
2021,E06000020,Telford and Wrekin,5.7025337,3.8354788,1,45.96,34.08,13.84,4.75,1.37,6.12,3.29,21.18,4.8,5.02,5.3,2.9
2021,E06000021,Stoke-on-Trent,6.258485,4.8324976,1,42.67,35.16,14.81,5.63,1.73,7.36,3.59,20.5,5.47,5.79,6.39,3.57
2021,E06000022,Bath and North East Somerset,1.7474657,7.972998,3,51.8,32.84,11.3,3.16,0.9,4.06,2.87,22.05,11.33,3.25,2.84,2.1
2021,E06000023,"Bristol, City of",3.067972,7.300095,3,50.81,32.73,11.5,3.82,1.15,4.96,3.63,14.5,9.79,3.85,4.2,2.83
2021,E06000024,North Somerset,5.3479023,1.7330854,4,47.57,33.88,13.28,4.11,1.16,5.27,2.2,27.99,3.45,3.24,3.62,1.98
2021,E06000025,South Gloucestershire,3.7417855,1.4280727,4,49.72,34.16,11.91,3.28,0.93,4.21,2.47,22.39,4.74,3.13,2.77,2.31
2021,E06000026,Plymouth,5.8291535,3.7581089,1,45.76,33.76,14.05,4.95,1.47,6.43,3.26,21.8,7.15,4.22,5.48,2.75
2021,E06000027,Torbay,7.040886,4.580001,1,42.23,34.23,16.21,5.67,1.66,7.33,2.94,30.34,3.29,4.3,5.9,2.87
2021,E06000030,Swindon,4.0578556,2.9060147,4,48.08,35.2,12.28,3.51,0.94,4.44,3.23,19.15,3.56,4.64,3.63,2.82
2021,E06000031,Peterborough,4.6037807,3.4916415,4,46.16,35.88,12.86,3.98,1.13,5.11,3.66,17.29,4.42,5.99,4.45,3.94
2021,E06000032,Luton,2.6119916,4.8875704,3,48.68,34.56,12.02,3.62,1.12,4.74,5.29,14.03,6.74,8.4,3.89,4.49
2021,E06000033,Southend-on-Sea,4.986545,3.6210501,1,46.7,34.39,13.34,4.31,1.26,5.57,3.67,22.51,3.94,5.27,4.35,3.39
2021,E06000034,Thurrock,3.1150274,3.3614528,4,50.77,33.35,11.55,3.35,0.99,4.34,3.79,16.75,4.5,5.46,3.25,3.22
2021,E06000035,Medway,4.4311423,3.3820152,4,47.48,34.58,12.83,3.99,1.11,5.11,3.58,19.57,4.66,5.36,4.07,3.24
2021,E06000036,Bracknell Forest,2.7503252,1.9296516,4,52.83,34.12,9.85,2.53,0.68,3.2,3.0,17.99,3.87,3.85,2.29,2.55
2021,E06000037,West Berkshire,3.0678778,1.5966378,4,51.05,34.65,10.95,2.68,0.67,3.35,2.45,22.49,3.66,3.96,2.32,2.17
2021,E06000038,Reading,2.6164854,3.7205503,4,51.2,34.45,10.69,2.88,0.78,3.66,4.12,13.63,8.21,4.9,3.01,3.27
2021,E06000039,Slough,2.565094,4.7667947,3,51.7,33.95,10.6,2.92,0.83,3.75,5.06,11.36,6.17,7.93,3.02,4.49
2021,E06000040,Windsor and Maidenhead,2.0839708,2.4735239,4,55.76,31.79,9.43,2.37,0.65,3.02,3.07,21.02,4.79,4.81,1.97,2.64
2021,E06000041,Wokingham,2.1416633,2.0316818,4,54.96,33.16,9.22,2.07,0.58,2.65,2.68,21.18,4.79,4.15,1.73,1.93
2021,E06000042,Milton Keynes,3.019344,3.2055387,4,51.08,33.72,11.05,3.22,0.93,4.15,3.69,16.75,4.59,4.82,3.36,3.02
2021,E06000043,Brighton and Hove,3.1392465,7.321615,3,50.19,33.16,11.59,3.88,1.18,5.06,4.6,15.29,9.86,3.6,4.42,3.05
2021,E06000044,Portsmouth,3.2086873,7.298632,3,47.36,34.83,12.86,3.85,1.11,4.96,4.44,17.14,9.3,4.58,4.16,3.14
2021,E06000045,Southampton,3.092854,7.1684046,3,47.69,35.09,12.25,3.83,1.14,4.97,4.09,15.53,10.61,4.68,4.19,3.05
2021,E06000046,Isle of Wight,7.2628403,3.3581555,1,39.88,36.95,16.43,5.26,1.48,6.74,2.92,33.22,3.1,4.0,5.11,3.22
2021,E06000047,County Durham,6.9110746,5.097906,1,42.96,33.9,15.63,5.78,1.72,7.5,3.06,25.63,6.49,4.37,6.14,3.11
2021,E06000049,Cheshire East,4.758391,1.6618637,4,49.84,33.31,12.15,3.64,1.06,4.7,2.37,26.62,3.49,3.49,3.31,2.3
2021,E06000050,Cheshire West and Chester,5.4348235,2.3329518,4,48.82,33.27,12.68,4.06,1.18,5.24,2.76,25.33,4.42,3.8,4.02,2.43
2021,E06000051,Shropshire,5.7256274,1.515833,4,46.63,34.71,13.58,3.95,1.13,5.08,2.38,28.49,3.56,3.6,3.52,2.46
2021,E06000052,Cornwall,6.1096425,2.8604708,1,45.74,33.52,14.55,4.73,1.46,6.19,2.59,28.84,4.21,4.09,4.47,2.55
2021,E06000053,Isles of Scilly,3.2032287,1.1882237,4,51.31,32.96,11.68,3.21,0.83,4.04,0.87,26.72,1.16,3.41,1.33,2.14
2021,E06000054,Wiltshire,3.789463,1.2113003,4,49.54,34.08,12.16,3.33,0.9,4.23,2.32,24.98,3.34,3.78,2.95,2.42
2021,E06000055,Bedford,3.7036936,2.932172,4,48.82,34.97,11.85,3.43,0.94,4.37,3.34,19.75,4.27,4.68,3.38,3.24
2021,E06000056,Central Bedfordshire,3.313241,1.5773927,4,50.37,34.49,11.33,3.0,0.82,3.81,2.63,21.43,3.53,3.84,2.6,2.15
2021,E07000008,Cambridge,1.6555021,7.998638,3,55.05,32.13,9.58,2.55,0.69,3.24,2.9,11.73,20.59,3.38,2.52,2.29
2021,E07000009,East Cambridgeshire,4.102886,1.145933,4,48.34,35.13,12.4,3.26,0.88,4.14,2.13,23.46,3.32,3.9,2.6,2.02
2021,E07000010,Fenland,7.2683363,3.1295018,1,40.27,37.48,15.87,4.94,1.44,6.38,2.69,26.32,2.89,4.84,4.63,3.09
2021,E07000011,Huntingdonshire,4.1557436,1.3857219,4,47.88,35.71,12.18,3.36,0.87,4.24,2.33,23.61,3.02,3.77,2.77,2.85
2021,E07000012,South Cambridgeshire,2.7473454,1.5323821,4,52.21,33.62,10.74,2.66,0.77,3.43,2.13,22.7,4.2,3.79,2.2,1.86
2021,E07000026,Allerdale,6.4853745,2.6227965,1,44.89,34.18,14.93,4.68,1.32,6.0,2.21,28.9,2.87,3.62,4.77,2.68
2021,E07000027,Barrow-in-Furness,7.0192704,4.628383,1,43.41,34.51,14.92,5.63,1.54,7.16,2.7,26.15,2.62,3.84,5.92,2.91
2021,E07000028,Carlisle,6.672244,2.3521802,1,45.57,34.56,14.07,4.52,1.29,5.81,2.54,25.48,3.46,3.33,4.6,2.62
2021,E07000029,Copeland,7.3178906,4.6898193,1,44.44,33.22,15.49,5.33,1.53,6.86,2.45,27.81,2.76,3.89,5.51,2.98
2021,E07000030,Eden,5.0859165,0.7647487,4,46.91,35.39,13.26,3.49,0.96,4.44,1.82,28.61,2.65,3.11,2.92,2.28
2021,E07000031,South Lakeland,5.0084577,0.64505106,4,47.92,34.85,12.81,3.48,0.93,4.41,1.67,32.04,3.04,2.56,2.5,2.3
2021,E07000032,Amber Valley,6.9565363,2.381515,1,44.43,35.44,14.5,4.45,1.18,5.63,2.34,26.81,3.04,3.93,4.28,2.33
2021,E07000033,Bolsover,6.8749595,4.802661,1,41.79,34.27,16.12,6.03,1.79,7.82,2.34,24.1,2.89,4.46,6.11,2.61
2021,E07000034,Chesterfield,6.937383,4.6229916,1,41.49,34.79,16.47,5.67,1.57,7.24,2.73,25.72,3.15,4.27,6.12,2.75
2021,E07000035,Derbyshire Dales,5.1365533,0.76123434,4,47.53,34.5,13.4,3.54,1.03,4.57,1.87,31.9,3.2,3.3,2.78,2.53
2021,E07000036,Erewash,6.9033365,2.4534497,1,44.33,35.36,14.66,4.45,1.21,5.65,2.69,24.7,3.11,3.74,4.53,2.47
2021,E07000037,High Peak,5.324063,1.6561939,4,47.62,34.18,13.2,3.89,1.11,4.99,2.46,26.08,3.48,2.98,3.73,2.29
2021,E07000038,North East Derbyshire,6.637447,2.8243835,1,43.51,34.37,15.63,5.06,1.42,6.49,2.24,29.42,2.94,3.78,4.77,2.25
2021,E07000039,South Derbyshire,4.7026725,1.4845902,4,48.2,34.47,12.72,3.59,1.01,4.61,2.3,22.92,3.38,3.84,3.29,2.27
2021,E07000040,East Devon,5.366451,0.8053832,4,46.39,35.06,13.69,3.84,1.01,4.86,1.93,34.21,2.88,3.38,3.03,2.17
2021,E07000041,Exeter,2.0314138,7.94812,3,50.87,32.94,11.59,3.57,1.03,4.59,3.19,18.47,15.84,2.86,3.66,2.35
2021,E07000042,Mid Devon,5.18449,1.3222375,4,47.16,34.84,13.22,3.72,1.05,4.78,2.02,26.46,3.24,3.66,3.39,2.18
2021,E07000043,North Devon,6.0913486,2.4063888,1,46.78,33.62,13.9,4.41,1.28,5.7,2.4,29.27,3.06,3.83,4.03,2.46
2021,E07000044,South Hams,5.0989757,1.6191229,4,49.08,33.18,12.74,3.85,1.15,5.0,1.9,31.67,3.28,3.49,3.33,2.19
2021,E07000045,Teignbridge,6.3756204,1.9147813,1,45.57,34.91,14.11,4.26,1.16,5.41,2.11,30.64,2.96,3.48,3.55,2.49
2021,E07000046,Torridge,6.669197,2.673776,1,43.83,34.81,15.35,4.72,1.29,6.01,2.37,31.96,2.72,3.88,4.46,2.39
2021,E07000047,West Devon,6.4133644,2.119341,1,45.55,34.68,14.42,4.17,1.18,5.34,1.93,31.85,3.35,3.73,3.79,2.87
2021,E07000061,Eastbourne,6.8217726,3.416683,1,43.23,35.25,15.25,4.86,1.42,6.28,3.46,28.02,4.31,4.3,5.04,3.05
2021,E07000062,Hastings,6.428604,4.8260837,1,42.2,35.02,15.52,5.52,1.75,7.27,3.85,22.77,3.8,5.02,6.37,3.45
2021,E07000063,Lewes,6.7320614,2.166317,1,45.58,34.77,14.17,4.3,1.19,5.49,2.76,29.52,3.69,3.95,3.85,2.75
2021,E07000064,Rother,7.329848,2.9515643,1,42.27,36.09,15.64,4.69,1.3,5.99,2.49,35.92,3.13,4.15,3.98,2.6
2021,E07000065,Wealden,4.6928287,1.106083,4,48.22,34.74,12.62,3.51,0.91,4.43,2.22,29.49,3.34,4.11,2.81,2.26
2021,E07000066,Basildon,4.17147,3.2212274,4,48.47,34.22,12.27,3.85,1.18,5.04,3.34,20.78,3.59,5.54,3.95,2.93
2021,E07000067,Braintree,4.3531523,2.1925952,4,47.26,35.65,12.66,3.5,0.94,4.44,2.81,23.56,3.12,4.43,3.27,2.54
2021,E07000068,Brentwood,2.3806536,2.524305,4,53.98,31.69,10.57,2.87,0.9,3.77,2.55,23.74,3.74,4.92,2.29,2.47
2021,E07000069,Castle Point,6.8501287,2.1426036,1,45.68,35.09,13.76,4.25,1.22,5.47,2.56,29.14,2.94,4.58,3.3,2.38
2021,E07000070,Chelmsford,3.054662,2.1278124,4,51.57,33.82,11.01,2.8,0.79,3.6,2.7,22.97,3.97,4.29,2.49,2.76
2021,E07000071,Colchester,3.8667445,2.7881677,4,49.18,34.75,11.89,3.26,0.92,4.18,3.51,21.01,6.54,4.28,3.32,2.5
2021,E07000072,Epping Forest,2.8956225,2.9313264,4,51.8,32.87,11.23,3.12,0.98,4.1,3.12,21.83,4.37,5.04,2.69,3.09
2021,E07000073,Harlow,4.339931,3.3540146,4,47.74,34.4,12.76,3.92,1.17,5.09,3.89,17.16,3.67,5.16,3.97,3.25
2021,E07000074,Maldon,5.0909514,1.1474643,4,46.68,35.45,13.11,3.76,1.01,4.77,2.39,28.42,3.06,4.64,2.87,2.23
2021,E07000075,Rochford,4.3690414,1.0697185,4,48.87,34.52,12.36,3.31,0.93,4.24,2.58,27.78,3.19,4.33,2.36,2.25
2021,E07000076,Tendring,6.8901725,4.654153,1,39.44,35.62,17.17,6.0,1.77,7.77,3.08,34.2,2.9,4.92,5.38,2.84
2021,E07000077,Uttlesford,2.2207792,2.1092403,4,54.0,32.73,10.05,2.52,0.7,3.22,2.35,22.93,3.87,4.53,1.94,2.15
2021,E07000078,Cheltenham,3.494283,1.641099,4,50.69,33.6,11.68,3.11,0.92,4.03,2.76,22.54,5.43,3.62,3.08,2.47
2021,E07000079,Cotswold,3.3079588,1.194982,4,50.4,34.17,11.62,2.97,0.83,3.8,2.06,28.26,3.62,3.99,2.16,2.14
2021,E07000080,Forest of Dean,6.934352,2.3264627,1,44.81,35.52,14.2,4.21,1.25,5.46,2.45,28.12,4.18,4.05,4.05,2.4
2021,E07000081,Gloucester,4.3353224,2.9117005,4,46.73,35.29,13.03,3.91,1.03,4.94,3.12,19.76,4.42,4.1,4.26,2.98
2021,E07000082,Stroud,4.2034974,0.9372774,4,48.63,34.73,12.49,3.31,0.84,4.15,2.11,26.59,3.26,3.2,2.88,2.14
2021,E07000083,Tewkesbury,3.618717,1.1119224,4,49.78,34.3,12.0,3.12,0.81,3.92,2.2,26.35,3.14,3.5,2.61,2.05
2021,E07000084,Basingstoke and Deane,3.2952895,1.8043567,4,50.12,34.98,11.22,2.93,0.76,3.68,2.76,20.39,2.98,4.06,2.67,2.4
2021,E07000085,East Hampshire,3.091503,1.3486047,4,50.76,34.31,11.35,2.86,0.72,3.58,2.3,26.23,3.6,3.94,2.39,2.08
2021,E07000086,Eastleigh,3.4836266,1.301918,4,49.82,34.74,11.65,3.0,0.79,3.79,2.45,23.43,3.02,3.48,2.61,2.01
2021,E07000087,Fareham,4.7054734,0.69245946,4,48.19,35.38,12.39,3.23,0.8,4.03,2.16,29.34,2.91,3.15,2.39,1.89
2021,E07000088,Gosport,7.288982,2.747251,1,43.32,36.4,14.81,4.38,1.1,5.47,3.1,25.37,3.17,4.23,4.23,2.64
2021,E07000089,Hart,2.2142467,2.0244417,4,54.88,32.9,9.4,2.19,0.63,2.82,2.45,23.64,3.48,4.05,1.64,1.94
2021,E07000090,Havant,7.0809345,2.571728,1,44.3,35.57,14.51,4.38,1.24,5.61,2.9,28.28,2.83,4.36,4.33,2.5
2021,E07000091,New Forest,5.333209,0.82173353,4,46.12,35.51,13.58,3.72,1.07,4.79,2.07,33.44,2.76,3.65,2.96,2.21
2021,E07000092,Rushmoor,3.4610388,2.6630661,4,49.55,34.9,11.8,2.97,0.78,3.75,3.13,17.16,3.26,4.3,3.01,3.59
2021,E07000093,Test Valley,3.3918335,1.2860887,4,50.34,34.36,11.44,3.03,0.82,3.85,2.16,24.66,2.99,3.7,2.67,2.12
2021,E07000094,Winchester,2.258021,1.9442195,4,53.24,32.95,10.39,2.72,0.71,3.43,2.59,24.09,7.16,3.76,2.28,2.3
2021,E07000095,Broxbourne,3.4543982,3.0276814,4,50.13,33.76,11.74,3.39,0.99,4.38,3.35,20.36,4.06,5.08,3.18,3.16
2021,E07000096,Dacorum,2.7768352,2.6886735,4,51.98,33.06,11.07,3.08,0.81,3.89,2.9,20.49,3.78,4.44,2.93,3.1
2021,E07000098,Hertsmere,2.4362006,2.7996182,4,53.47,31.89,10.76,2.97,0.91,3.88,3.2,19.34,5.5,4.77,2.95,3.02
2021,E07000099,North Hertfordshire,3.356936,1.6059378,4,50.59,34.02,11.53,3.07,0.79,3.86,2.64,22.64,3.45,3.9,2.86,2.17
2021,E07000102,Three Rivers,2.2645202,2.5310526,4,53.67,32.37,10.44,2.76,0.76,3.51,2.86,20.66,4.66,4.53,2.32,2.38
2021,E07000103,Watford,2.5654056,3.5053525,4,52.38,33.52,10.37,2.89,0.84,3.73,3.81,14.61,4.86,5.31,2.72,3.4
2021,E07000105,Ashford,3.940307,2.957741,4,48.46,34.49,12.47,3.58,1.01,4.58,2.87,22.54,3.68,5.09,3.41,2.83
2021,E07000106,Canterbury,2.720535,7.4348903,3,47.03,34.68,13.19,3.95,1.15,5.1,3.94,24.81,11.39,3.94,3.71,2.37
2021,E07000107,Dartford,2.6276977,3.0801146,4,52.36,33.13,10.75,2.9,0.86,3.76,3.31,17.06,4.19,4.93,2.85,2.82
2021,E07000108,Dover,6.7361336,3.385116,1,44.2,34.97,14.63,4.82,1.37,6.19,3.18,27.96,3.61,4.55,4.81,2.91
2021,E07000109,Gravesham,4.0587945,3.3069036,4,48.66,34.07,12.43,3.82,1.02,4.85,3.84,20.59,4.22,5.53,3.67,3.31
2021,E07000110,Maidstone,3.5445457,2.8039777,4,49.77,34.01,11.96,3.32,0.94,4.26,2.71,22.26,3.53,4.69,3.15,2.86
2021,E07000111,Sevenoaks,2.5132706,2.4352875,4,52.62,32.3,11.12,3.04,0.92,3.96,2.43,25.01,3.95,5.33,2.52,2.39
2021,E07000112,Folkestone and Hythe,6.849692,3.6755896,1,43.19,35.01,15.31,5.03,1.46,6.49,3.22,28.62,3.28,4.65,4.96,3.04
2021,E07000113,Swale,5.081596,3.7100823,1,45.47,34.77,14.07,4.41,1.28,5.69,3.21,22.53,3.5,5.52,4.49,4.03
2021,E07000114,Thanet,6.680353,4.649845,1,41.97,35.04,15.75,5.56,1.67,7.24,3.59,27.89,3.6,5.13,5.39,3.12
2021,E07000115,Tonbridge and Malling,2.7011583,2.2263124,4,51.36,33.32,11.32,3.15,0.85,4.0,2.43,22.89,3.9,4.74,2.8,2.18
2021,E07000116,Tunbridge Wells,2.482118,2.4360678,4,52.76,32.53,10.91,2.96,0.84,3.8,2.58,22.46,4.26,4.92,2.85,2.43
2021,E07000117,Burnley,5.9117646,4.94053,1,45.06,33.36,14.59,5.36,1.63,6.99,3.59,21.68,4.69,6.2,6.71,3.9
2021,E07000118,Chorley,5.4200873,2.1318524,4,48.7,33.22,12.91,4.02,1.15,5.18,2.35,24.77,3.11,3.16,3.93,3.29
2021,E07000119,Fylde,6.2824025,2.29293,1,45.99,33.7,14.52,4.47,1.31,5.79,2.34,33.23,3.17,3.08,3.88,2.72
2021,E07000120,Hyndburn,6.198459,4.7316995,1,43.92,34.3,14.77,5.33,1.66,7.0,3.38,22.37,4.65,5.43,6.43,3.46
2021,E07000121,Lancaster,2.7333286,7.387534,3,46.49,34.18,13.73,4.35,1.25,5.6,2.83,23.94,10.71,3.31,4.33,2.72
2021,E07000122,Pendle,5.3166556,5.0552664,1,46.73,33.68,13.77,4.48,1.34,5.82,3.17,22.21,5.12,7.42,5.21,4.19
2021,E07000123,Preston,3.613308,6.858474,3,48.42,33.09,12.91,4.31,1.26,5.57,3.84,17.95,7.92,5.37,5.16,3.61
2021,E07000124,Ribble Valley,2.9241147,1.2076577,4,52.57,32.1,11.56,3.01,0.76,3.77,1.68,28.95,3.52,2.41,2.46,1.93
2021,E07000125,Rossendale,5.7815175,3.4823825,1,47.0,33.24,13.65,4.84,1.28,6.12,2.73,23.28,4.03,4.08,5.1,2.99
2021,E07000126,South Ribble,5.1991053,1.6360358,4,47.89,34.06,13.09,3.89,1.07,4.96,2.24,26.39,3.16,2.81,3.6,2.02
2021,E07000127,West Lancashire,5.5066113,2.4570327,4,48.08,33.14,13.12,4.35,1.31,5.66,3.03,25.14,7.48,3.43,4.1,2.36
2021,E07000128,Wyre,7.312388,4.5146904,1,44.33,33.28,15.48,5.27,1.65,6.92,2.62,32.75,3.49,3.25,4.84,2.35
2021,E07000129,Blaby,3.8283436,1.1303916,4,49.04,34.49,12.28,3.23,0.96,4.2,2.47,24.7,3.43,3.25,2.59,2.07
2021,E07000130,Charnwood,1.9842572,8.010663,3,49.06,34.58,12.15,3.29,0.93,4.22,2.85,22.1,10.9,3.4,3.08,2.27
2021,E07000131,Harborough,3.0072882,1.3027917,4,51.5,33.51,11.28,2.92,0.78,3.7,1.92,25.7,3.88,3.18,2.25,2.42
2021,E07000132,Hinckley and Bosworth,5.267711,1.0954558,4,46.56,35.55,13.17,3.66,1.06,4.72,2.19,26.64,3.23,3.22,3.1,2.11
2021,E07000133,Melton,4.5622616,0.88053906,4,47.82,35.14,13.06,3.13,0.85,3.98,2.1,27.13,3.2,3.66,2.56,2.05
2021,E07000134,North West Leicestershire,5.13559,1.3897548,4,46.97,35.19,13.03,3.74,1.07,4.81,2.37,24.17,4.09,3.68,3.29,2.1
2021,E07000135,Oadby and Wigston,4.497722,2.5473008,4,46.01,35.92,13.27,3.76,1.05,4.8,3.08,24.87,7.02,4.19,3.19,2.61
2021,E07000136,Boston,7.2351475,2.9744418,1,42.19,37.05,14.96,4.53,1.27,5.8,2.83,23.74,3.37,4.17,4.4,3.09
2021,E07000137,East Lindsey,6.8992248,4.747302,1,37.9,35.7,18.24,6.3,1.86,8.17,2.89,34.98,2.82,4.9,5.77,2.86
2021,E07000138,Lincoln,3.168255,7.5458755,3,43.82,36.81,13.91,4.3,1.16,5.46,4.45,16.73,13.12,4.16,4.75,3.14
2021,E07000139,North Kesteven,5.2527957,1.0529225,4,46.28,35.42,13.44,3.82,1.03,4.85,2.13,27.83,3.24,3.57,3.22,1.98
2021,E07000140,South Holland,7.331773,2.9048798,1,41.41,37.72,15.19,4.49,1.19,5.68,2.5,27.35,2.64,4.36,3.63,2.26
2021,E07000141,South Kesteven,5.2702794,1.0931257,4,46.0,35.69,13.54,3.8,0.96,4.77,2.53,27.17,3.33,3.83,3.12,2.22
2021,E07000142,West Lindsey,7.2342677,2.607024,1,43.82,35.92,14.66,4.44,1.16,5.6,2.55,29.81,3.38,4.27,4.42,2.3
2021,E07000143,Breckland,7.33311,2.771364,1,42.56,37.05,14.94,4.32,1.14,5.46,2.38,28.54,2.67,4.15,3.75,2.82
2021,E07000144,Broadland,5.249284,0.83966196,4,45.07,36.44,13.9,3.65,0.94,4.59,2.03,29.92,2.89,3.42,3.15,1.95
2021,E07000145,Great Yarmouth,6.658154,4.692046,1,40.19,35.92,16.64,5.62,1.62,7.25,4.03,27.67,3.5,5.55,6.09,3.42
2021,E07000146,King's Lynn and West Norfolk,7.3587065,2.957724,1,41.74,36.91,15.41,4.6,1.33,5.94,2.47,29.89,2.68,4.43,4.26,2.57
2021,E07000147,North Norfolk,7.3963,3.122811,1,39.35,37.61,17.01,4.68,1.35,6.03,2.2,37.29,2.6,4.19,4.16,2.84
2021,E07000148,Norwich,3.221096,7.5526814,3,43.94,36.29,14.14,4.43,1.21,5.64,4.42,16.68,11.63,4.34,5.17,3.34
2021,E07000149,South Norfolk,5.0002685,0.8477444,4,47.02,35.46,13.17,3.44,0.91,4.34,2.0,28.37,3.3,3.59,3.0,1.94
2021,E07000163,Craven,4.9539256,0.55357915,4,47.82,35.1,12.83,3.31,0.93,4.24,1.68,31.77,2.93,2.86,2.62,1.95
2021,E07000164,Hambleton,5.0316253,0.6847108,4,47.63,35.23,12.73,3.44,0.98,4.42,1.73,30.98,2.95,3.25,2.61,2.09
2021,E07000165,Harrogate,3.2402902,1.1809084,4,50.96,33.51,11.67,3.06,0.81,3.87,1.92,26.86,4.2,3.37,2.62,2.14
2021,E07000166,Richmondshire,3.672166,1.2392178,4,49.95,33.88,12.17,3.11,0.89,4.0,2.04,27.1,2.78,3.41,2.38,3.17
2021,E07000167,Ryedale,5.2478633,0.8692101,4,45.92,35.62,13.82,3.57,1.06,4.63,1.75,30.61,3.04,3.63,2.78,2.16
2021,E07000168,Scarborough,7.1484127,3.5281942,1,41.32,35.94,15.91,5.31,1.52,6.83,2.63,31.62,3.17,3.89,5.19,2.97
2021,E07000169,Selby,3.9663935,1.0831338,4,48.75,34.56,12.34,3.41,0.94,4.35,2.27,25.34,3.11,3.39,2.84,1.91
2021,E07000170,Ashfield,6.8025856,4.5412216,1,42.4,34.74,15.77,5.5,1.59,7.09,3.02,23.91,3.18,4.73,5.7,2.65
2021,E07000171,Bassetlaw,6.7097225,3.2482097,1,43.87,34.75,15.16,4.77,1.45,6.22,2.43,26.17,2.96,3.96,4.72,3.35
2021,E07000172,Broxtowe,6.0680256,1.8202609,4,46.27,34.62,13.95,4.02,1.14,5.16,2.7,25.94,5.87,3.53,3.66,2.2
2021,E07000173,Gedling,6.4907413,1.9425799,1,46.03,34.84,13.8,4.13,1.21,5.33,2.59,25.71,3.68,3.44,3.93,2.41
2021,E07000174,Mansfield,6.8303275,4.7348228,1,42.65,34.4,15.66,5.66,1.63,7.29,2.79,23.59,3.0,4.57,6.17,2.93
2021,E07000175,Newark and Sherwood,6.82113,2.532599,1,44.69,35.03,14.48,4.52,1.28,5.79,2.4,26.64,3.71,4.07,4.22,2.94
2021,E07000176,Rushcliffe,2.8465483,1.2743185,4,53.1,32.03,11.0,3.05,0.82,3.87,2.19,26.14,5.79,2.99,2.3,2.29
2021,E07000177,Cherwell,3.3209248,1.9448136,4,50.78,34.34,11.16,2.92,0.8,3.72,2.47,19.86,3.32,3.9,2.64,2.73
2021,E07000178,Oxford,1.6497788,7.9653134,3,54.78,32.19,9.69,2.6,0.74,3.34,3.18,12.0,21.81,3.84,2.63,2.91
2021,E07000179,South Oxfordshire,2.4498796,1.780801,4,53.42,33.0,10.34,2.57,0.68,3.25,2.19,23.08,3.66,3.84,2.02,2.26
2021,E07000180,Vale of White Horse,2.6931894,1.5944848,4,52.35,33.62,10.79,2.58,0.66,3.24,2.15,22.83,3.95,3.73,2.16,2.14
2021,E07000181,West Oxfordshire,2.9948833,1.3552316,4,51.26,33.99,11.18,2.8,0.77,3.57,2.01,23.99,3.19,3.72,2.17,2.11
2021,E07000187,Mendip,4.959875,1.3152608,4,47.72,34.52,13.06,3.71,0.99,4.7,2.28,26.52,3.86,3.78,3.31,2.3
2021,E07000188,Sedgemoor,7.047504,2.3329482,1,44.62,35.61,14.17,4.38,1.22,5.6,2.44,27.19,2.81,4.06,4.03,2.48
2021,E07000189,South Somerset,5.5683303,1.2451886,4,45.98,35.45,13.61,3.84,1.12,4.96,2.18,29.27,2.86,3.75,3.44,2.23
2021,E07000192,Cannock Chase,6.790601,3.40613,1,43.33,35.59,14.67,4.93,1.48,6.41,3.03,22.88,2.99,4.36,4.79,2.68
2021,E07000193,East Staffordshire,4.4085097,2.9814231,4,46.54,35.47,13.16,3.74,1.09,4.83,2.84,22.56,3.76,4.71,3.74,3.36
2021,E07000194,Lichfield,5.330971,1.4227892,4,47.11,34.82,13.08,3.91,1.08,4.99,2.44,28.1,3.34,3.51,3.11,2.53
2021,E07000195,Newcastle-under-Lyme,6.9270325,2.5326633,1,43.95,35.3,14.5,4.84,1.41,6.26,2.87,25.36,6.61,3.56,4.48,2.2
2021,E07000196,South Staffordshire,6.4968786,2.2716599,1,45.01,35.73,13.96,4.11,1.2,5.31,2.43,28.73,3.2,3.5,3.22,4.63
2021,E07000197,Stafford,5.54754,1.4207925,4,46.78,35.02,13.3,3.8,1.1,4.9,2.31,27.24,3.21,3.39,3.39,2.58
2021,E07000198,Staffordshire Moorlands,6.5100303,2.01959,1,44.66,35.45,14.25,4.32,1.32,5.64,1.99,30.3,3.02,3.04,3.76,2.18
2021,E07000199,Tamworth,6.5572686,3.031594,1,45.52,34.88,13.89,4.37,1.35,5.71,3.24,22.79,3.2,4.34,4.17,2.44
2021,E07000200,Babergh,5.1642575,0.93815285,4,46.32,35.88,13.38,3.49,0.92,4.42,2.41,29.99,3.2,4.04,2.76,2.08
2021,E07000202,Ipswich,4.5808215,3.3310335,4,45.64,35.78,13.54,3.98,1.07,5.05,3.66,19.57,4.11,5.09,4.5,3.14
2021,E07000203,Mid Suffolk,4.9605417,0.7680901,4,46.94,35.99,12.86,3.36,0.85,4.22,2.01,28.63,2.98,3.68,2.73,2.01
2021,E07000207,Elmbridge,1.7032809,3.422763,4,58.91,29.53,8.7,2.19,0.68,2.87,2.78,20.96,4.76,5.69,1.95,2.28
2021,E07000208,Epsom and Ewell,2.0867908,2.201731,4,54.27,32.65,10.02,2.4,0.66,3.06,2.8,21.38,5.2,4.3,2.26,2.28
2021,E07000209,Guildford,1.3055092,8.0013485,3,54.77,32.5,9.55,2.46,0.72,3.18,3.06,19.43,10.55,3.98,2.11,2.4
2021,E07000210,Mole Valley,2.6258144,1.8012502,4,52.59,32.96,10.77,2.86,0.82,3.68,2.33,26.44,3.86,4.14,2.56,2.14
2021,E07000211,Reigate and Banstead,2.3941731,2.5482411,4,53.8,32.5,10.3,2.64,0.76,3.39,2.79,20.73,3.7,4.44,2.69,3.11
2021,E07000212,Runnymede,1.3918388,7.990099,3,52.37,33.43,10.61,2.82,0.77,3.59,3.64,19.26,9.82,4.19,2.2,2.51
2021,E07000213,Spelthorne,3.3459857,2.406832,4,50.42,34.41,11.31,2.98,0.87,3.86,3.62,21.08,3.59,4.19,2.8,2.9
2021,E07000214,Surrey Heath,2.3130674,2.0829005,4,53.81,32.79,10.18,2.49,0.74,3.23,2.82,22.96,3.8,4.16,2.16,2.62
2021,E07000215,Tandridge,2.6514282,2.1675344,4,52.25,32.95,11.02,2.92,0.85,3.78,2.65,23.87,4.1,4.37,2.56,2.34
2021,E07000216,Waverley,2.0981734,2.150114,4,54.65,32.1,10.05,2.52,0.68,3.2,2.31,24.72,5.58,4.56,2.32,1.92
2021,E07000217,Woking,2.339064,2.7265465,4,53.3,33.13,10.16,2.67,0.74,3.41,3.01,19.39,3.93,5.09,2.42,2.6
2021,E07000218,North Warwickshire,6.7164435,2.193856,1,45.49,34.74,14.08,4.4,1.28,5.68,2.7,25.35,3.18,3.65,3.81,2.39
2021,E07000219,Nuneaton and Bedworth,6.676394,3.2845516,1,44.31,35.38,14.44,4.53,1.35,5.87,3.2,23.2,3.57,4.46,4.52,2.92
2021,E07000220,Rugby,3.9622524,1.32822,4,48.83,34.85,12.05,3.4,0.88,4.28,2.47,21.86,3.85,3.59,2.97,2.22
2021,E07000221,Stratford-on-Avon,3.5811791,1.0138646,4,49.64,34.28,12.02,3.17,0.89,4.07,2.02,27.99,3.21,3.52,2.45,1.99
2021,E07000222,Warwick,1.4856814,7.9352446,3,52.09,33.14,10.98,2.96,0.83,3.79,2.8,21.6,8.51,3.32,2.7,2.06
2021,E07000223,Adur,6.8262596,2.272404,1,45.35,34.97,14.11,4.34,1.23,5.56,2.73,27.16,3.52,3.91,3.81,2.55
2021,E07000224,Arun,7.235624,2.6647918,1,43.19,36.57,14.81,4.31,1.12,5.43,2.61,31.94,3.07,3.66,3.57,2.71
2021,E07000225,Chichester,4.3544655,1.117516,4,49.04,34.27,12.39,3.37,0.94,4.3,2.59,29.73,4.51,4.12,2.76,2.45
2021,E07000226,Crawley,3.1881156,3.636149,4,49.08,34.98,11.61,3.35,0.98,4.33,4.97,15.75,4.14,5.4,3.39,3.41
2021,E07000227,Horsham,3.031554,1.3852881,4,51.47,33.95,11.05,2.77,0.76,3.53,2.41,26.25,3.54,3.84,2.16,1.99
2021,E07000228,Mid Sussex,2.6284018,1.611419,4,52.92,33.07,10.51,2.74,0.76,3.5,2.38,23.92,3.62,3.8,2.24,1.95
2021,E07000229,Worthing,6.678704,1.9895475,1,45.27,35.64,13.85,4.07,1.17,5.24,2.97,25.9,3.28,3.41,3.92,2.53
2021,E07000234,Bromsgrove,3.669638,1.3501768,4,50.67,33.12,11.8,3.36,1.05,4.41,2.45,27.08,3.94,3.17,2.72,2.33
2021,E07000235,Malvern Hills,5.6750283,1.2546308,4,46.46,34.89,13.64,3.9,1.12,5.01,2.31,31.28,3.97,3.63,3.31,2.15
2021,E07000236,Redditch,4.4369354,2.8719504,4,46.51,35.18,13.13,4.08,1.11,5.18,3.07,21.74,3.49,4.27,3.96,2.7
2021,E07000237,Worcester,4.3535686,2.6798055,4,47.39,35.1,12.72,3.74,1.06,4.79,3.47,20.62,5.65,3.77,3.64,2.53
2021,E07000238,Wychavon,4.994332,1.2284074,4,47.43,35.01,12.95,3.64,0.97,4.61,2.17,28.04,3.23,3.63,2.94,2.49
2021,E07000239,Wyre Forest,7.066177,2.9592159,1,43.31,35.76,14.79,4.74,1.4,6.14,2.89,28.74,3.27,4.01,4.31,2.63
2021,E08000001,Bolton,5.359681,4.994116,1,48.0,32.7,13.15,4.72,1.43,6.15,3.92,21.05,5.46,6.43,5.44,3.7
2021,E08000002,Bury,5.478252,3.566598,1,48.21,32.97,13.26,4.34,1.22,5.56,3.22,22.1,4.84,4.73,4.69,3.29
2021,E08000003,Manchester,2.428048,5.4206924,3,50.83,31.43,11.77,4.51,1.46,5.97,5.71,10.65,13.06,6.59,5.87,4.63
2021,E08000004,Oldham,5.3218346,5.212428,1,46.92,32.86,13.94,4.84,1.43,6.28,4.15,19.74,6.23,7.39,5.64,4.34
2021,E08000005,Rochdale,5.4567475,5.1385145,1,46.9,32.94,13.74,5.01,1.4,6.41,3.78,20.13,5.42,6.57,5.91,4.2
2021,E08000006,Salford,3.5344422,6.808565,3,49.81,31.91,12.32,4.6,1.36,5.96,4.69,15.58,6.66,4.66,5.6,3.98
2021,E08000007,Stockport,5.459947,2.3992429,4,49.39,32.67,12.64,4.08,1.22,5.29,2.82,24.13,3.92,3.82,4.15,2.64
2021,E08000008,Tameside,5.9346623,4.149926,1,45.31,33.71,14.37,5.12,1.49,6.61,3.47,21.36,4.18,4.96,5.63,3.34
2021,E08000009,Trafford,2.5139935,2.6385908,4,53.1,30.97,11.28,3.58,1.07,4.65,2.99,21.46,4.94,4.32,3.72,2.65
2021,E08000010,Wigan,5.911813,3.6621263,1,46.27,33.46,14.03,4.88,1.36,6.24,3.08,23.27,3.57,4.07,5.4,3.06
2021,E08000011,Knowsley,7.196184,5.9636106,1,47.29,30.14,13.95,6.5,2.12,8.61,3.53,19.34,4.15,5.1,8.15,3.83
2021,E08000012,Liverpool,6.6393137,6.3330326,1,47.69,30.93,13.4,5.98,2.0,7.98,4.77,16.68,10.98,4.87,7.57,4.08
2021,E08000013,St. Helens,7.3026934,5.3046207,1,45.16,32.73,14.6,5.78,1.73,7.51,3.13,24.55,3.54,4.42,6.53,2.96
2021,E08000014,Sefton,7.398727,5.1399746,1,46.36,32.29,14.35,5.36,1.65,7.01,3.04,26.64,3.89,3.91,5.93,2.99
2021,E08000015,Wirral,7.4144034,5.264211,1,46.49,32.07,14.17,5.57,1.69,7.27,2.87,25.96,4.26,4.22,6.51,2.96
2021,E08000016,Barnsley,6.88227,4.9769306,1,43.35,33.61,15.54,5.83,1.68,7.51,2.92,23.7,3.3,4.89,6.27,3.01
2021,E08000017,Doncaster,6.1005454,4.5543337,1,44.32,34.11,14.71,5.26,1.6,6.86,3.35,23.25,3.52,5.29,5.54,4.1
2021,E08000018,Rotherham,6.2573647,4.615632,1,44.15,34.03,14.78,5.42,1.63,7.04,3.18,23.9,3.78,5.33,5.84,3.33
2021,E08000019,Sheffield,3.3992434,7.028021,3,46.66,33.74,13.57,4.67,1.36,6.03,3.96,20.13,9.89,4.94,4.79,3.25
2021,E08000021,Newcastle upon Tyne,3.342697,6.837679,3,48.39,32.19,13.1,4.84,1.49,6.33,4.76,17.3,13.75,5.0,5.21,3.63
2021,E08000022,North Tyneside,5.9958105,3.290781,1,46.02,33.31,14.45,4.88,1.34,6.22,3.27,25.07,3.57,3.87,4.79,2.72
2021,E08000023,South Tyneside,6.7439384,5.2567677,1,43.75,33.07,15.52,5.89,1.77,7.66,4.36,24.72,4.17,5.34,6.45,3.42
2021,E08000024,Sunderland,6.9241,5.3520937,1,43.13,33.0,15.87,6.14,1.86,8.0,3.89,24.66,4.61,5.04,6.6,3.38
2021,E08000025,Birmingham,2.7731032,5.2165585,3,47.56,33.28,13.17,4.52,1.47,5.99,5.88,15.57,10.02,8.22,5.43,5.14
2021,E08000026,Coventry,3.3361845,7.028922,3,48.55,33.63,12.46,4.09,1.27,5.36,4.89,17.27,10.48,5.11,4.54,3.48
2021,E08000027,Dudley,6.592578,3.4124448,1,43.85,35.43,14.65,4.73,1.34,6.07,3.76,24.25,4.21,5.2,4.52,2.96
2021,E08000028,Sandwell,5.375727,5.266304,1,44.86,34.16,14.35,5.11,1.53,6.64,5.31,17.39,6.21,7.6,5.79,4.67
2021,E08000029,Solihull,5.13358,2.3090775,4,49.25,33.38,12.4,3.84,1.12,4.96,3.16,25.75,4.37,4.56,3.53,2.51
2021,E08000030,Walsall,5.5586653,5.059126,1,44.41,34.38,14.63,5.01,1.58,6.58,4.47,20.81,5.42,7.0,5.55,3.63
2021,E08000031,Wolverhampton,5.514025,5.1122313,1,44.84,34.39,14.43,4.91,1.43,6.35,5.6,19.16,5.82,6.61,5.27,4.14
2021,E08000032,Bradford,5.348009,5.1986866,1,46.14,34.53,13.38,4.56,1.39,5.95,4.3,18.86,6.6,8.1,5.23,4.46
2021,E08000033,Calderdale,5.4309225,3.6852677,1,46.61,34.19,13.51,4.38,1.3,5.69,3.22,23.49,4.3,4.85,4.91,3.19
2021,E08000034,Kirklees,4.9036736,3.7559953,1,46.56,34.5,13.39,4.31,1.24,5.55,3.5,21.86,5.82,5.79,4.7,3.43
2021,E08000035,Leeds,3.241521,7.160717,3,49.52,33.29,12.18,3.89,1.12,5.02,4.11,18.9,8.6,4.24,4.14,3.2
2021,E08000036,Wakefield,6.1074123,3.901176,1,44.71,34.29,14.46,5.07,1.48,6.55,2.96,23.3,3.27,4.53,5.42,3.27
2021,E09000001,City of London,1.0726117,8.031667,3,57.52,31.76,8.0,2.17,0.55,2.71,4.09,12.41,9.0,2.4,1.55,3.71
2021,E09000002,Barking and Dagenham,2.5942101,4.9547753,3,51.14,32.89,11.1,3.73,1.14,4.87,5.61,10.49,7.84,8.23,4.52,4.82
2021,E09000003,Barnet,2.1365478,4.513081,3,54.86,31.03,10.1,3.01,1.01,4.02,4.39,14.93,6.99,6.13,3.25,4.13
2021,E09000004,Bexley,3.094469,3.165044,4,50.79,33.42,11.47,3.3,1.03,4.33,3.76,19.97,5.11,4.84,3.03,3.04
2021,E09000005,Brent,2.546762,4.844823,3,52.03,32.75,10.85,3.28,1.09,4.37,5.45,12.1,8.01,7.07,3.75,5.12
2021,E09000006,Bromley,2.4091837,2.7417119,4,53.4,32.42,10.38,2.94,0.86,3.8,3.38,20.89,4.53,4.63,2.74,2.67
2021,E09000007,Camden,1.3821955,4.985439,3,55.53,29.35,10.05,3.81,1.26,5.08,5.07,10.76,12.39,5.44,4.56,4.16
2021,E09000008,Croydon,2.467205,4.311623,3,51.2,33.45,11.09,3.26,1.0,4.26,4.75,15.48,5.89,5.29,3.58,3.99
2021,E09000009,Ealing,2.4442306,4.70591,3,52.45,32.79,10.59,3.16,1.0,4.17,5.17,12.86,7.41,7.23,3.48,4.59
2021,E09000010,Enfield,2.5700097,4.8197985,3,50.64,33.01,11.46,3.68,1.2,4.89,4.72,15.6,7.08,7.24,4.25,5.16
2021,E09000011,Greenwich,2.0961218,4.695025,3,52.73,31.97,10.71,3.51,1.09,4.6,5.34,11.81,6.52,5.53,4.17,4.41
2021,E09000012,Hackney,1.3516344,4.9501004,3,56.66,28.41,9.92,3.65,1.35,5.01,5.47,7.82,7.68,5.27,4.98,4.67
2021,E09000013,Hammersmith and Fulham,1.3718354,4.7786384,3,59.0,27.97,8.9,3.06,1.06,4.12,4.96,10.0,8.53,5.1,3.74,4.22
2021,E09000014,Haringey,1.9019223,4.815123,3,53.05,31.72,10.37,3.62,1.24,4.86,5.53,10.67,6.82,5.44,4.39,4.92
2021,E09000015,Harrow,2.53079,4.3379083,3,51.51,33.92,10.68,2.95,0.93,3.89,4.06,16.52,6.79,6.46,2.81,3.72
2021,E09000016,Havering,3.403338,3.1174984,4,49.9,33.97,11.69,3.41,1.03,4.44,3.65,20.97,4.62,5.14,3.08,3.04
2021,E09000017,Hillingdon,2.522779,4.545988,3,51.31,33.91,10.82,3.02,0.94,3.96,4.81,15.53,7.2,6.45,2.94,4.03
2021,E09000018,Hounslow,2.473553,4.680376,3,51.92,33.42,10.52,3.13,1.01,4.14,5.16,12.9,6.28,7.16,3.25,4.55
2021,E09000019,Islington,1.3688169,4.9263396,3,54.8,29.28,10.37,4.11,1.43,5.54,5.41,9.18,8.64,4.68,5.28,4.2
2021,E09000020,Kensington and Chelsea,1.279054,4.8150344,3,59.61,26.71,9.2,3.35,1.13,4.48,4.58,13.06,10.3,6.9,3.88,4.86
2021,E09000021,Kingston upon Thames,2.2511709,3.3681147,4,54.12,32.56,9.94,2.6,0.78,3.37,3.87,16.1,7.45,5.1,2.53,2.84
2021,E09000022,Lambeth,1.5354085,4.760117,3,56.2,30.29,9.52,3.02,0.97,3.99,5.33,8.29,6.6,3.93,3.71,4.17
2021,E09000023,Lewisham,1.8456403,4.8121934,3,53.12,32.04,10.52,3.29,1.04,4.33,5.72,10.49,6.52,4.76,4.05,4.23
2021,E09000024,Merton,2.3091505,3.5130546,4,54.9,32.06,9.65,2.6,0.79,3.39,3.96,13.94,5.5,5.79,2.53,3.43
2021,E09000025,Newham,2.6453936,4.987045,3,51.41,33.29,10.77,3.37,1.16,4.52,6.26,7.69,8.72,9.03,3.87,5.26
2021,E09000026,Redbridge,2.5759685,4.7547493,3,51.31,34.02,10.64,3.05,0.98,4.03,4.48,14.08,7.57,8.05,3.08,4.22
2021,E09000027,Richmond upon Thames,1.6315899,3.6062653,4,59.38,29.22,8.36,2.34,0.7,3.04,3.37,18.12,5.96,5.08,2.24,2.62
2021,E09000028,Southwark,1.5255083,4.822871,3,55.79,30.34,9.75,3.1,1.02,4.12,5.57,8.55,8.41,4.16,3.91,4.22
2021,E09000029,Sutton,2.8743746,3.1991718,4,51.42,34.02,10.64,3.02,0.9,3.92,3.37,17.68,4.95,5.1,3.07,2.92
2021,E09000030,Tower Hamlets,2.5894196,4.932156,3,52.97,32.13,10.05,3.6,1.26,4.86,5.99,5.82,9.57,8.43,4.02,4.73
2021,E09000031,Waltham Forest,2.4405866,4.5898743,3,51.52,33.46,10.63,3.33,1.06,4.39,5.16,11.55,6.18,6.14,3.53,4.26
2021,E09000032,Wandsworth,1.4976186,4.032022,3,60.63,28.07,8.17,2.4,0.73,3.13,4.02,9.84,5.93,4.59,2.69,3.32
2021,E09000033,Westminster,1.3189484,4.956552,3,56.32,28.88,9.71,3.63,1.46,5.09,4.81,10.89,11.08,6.31,4.78,4.8
2021,W06000001,Isle of Anglesey,5.8646336,2.7126634,1,47.6,31.85,14.83,4.44,1.27,5.72,2.91,30.55,3.99,4.1,4.75,2.61
2021,W06000002,Gwynedd,5.4305334,2.475265,4,49.94,31.55,13.35,4.04,1.13,5.17,3.22,25.88,7.6,3.5,4.2,2.7
2021,W06000003,Conwy,7.246926,4.558329,1,44.53,33.42,15.5,5.07,1.49,6.56,2.98,30.82,3.76,3.82,5.4,2.67
2021,W06000004,Denbighshire,7.3615775,5.0530057,1,45.0,32.62,15.26,5.41,1.72,7.13,2.78,28.38,4.05,4.18,6.22,2.63
2021,W06000005,Flintshire,5.7556415,2.4572396,1,47.39,33.45,13.5,4.33,1.33,5.66,2.77,25.64,3.57,3.59,4.32,2.25
2021,W06000006,Wrexham,5.994299,3.6665256,1,45.45,34.04,14.3,4.88,1.34,6.22,2.94,23.81,4.4,4.05,5.12,3.63
2021,W06000008,Ceredigion,2.7151473,7.299444,3,45.04,33.65,15.22,4.66,1.42,6.08,3.01,27.69,10.02,3.45,4.45,2.33
2021,W06000009,Pembrokeshire,7.2580986,4.6632347,1,44.74,33.4,15.08,5.17,1.61,6.78,2.7,29.55,3.46,4.64,5.49,2.71
2021,W06000010,Carmarthenshire,7.3310304,5.2619443,1,45.12,31.69,15.7,5.62,1.87,7.49,2.52,27.76,4.13,4.05,6.24,2.58
2021,W06000011,Swansea,7.3051414,5.565814,1,47.73,30.94,13.99,5.48,1.87,7.34,3.42,23.89,8.41,4.19,6.33,2.92
2021,W06000012,Neath Port Talbot,7.219062,5.8993845,1,45.39,30.37,15.43,6.6,2.21,8.8,2.77,25.11,5.39,4.76,8.25,3.2
2021,W06000013,Bridgend,7.259717,5.5165796,1,45.88,31.72,14.84,5.67,1.89,7.56,2.93,24.67,3.98,4.45,6.76,3.66
2021,W06000014,Vale of Glamorgan,5.7395964,2.6192822,1,48.51,32.25,13.29,4.48,1.48,5.96,2.83,26.12,4.34,3.82,4.68,2.44
2021,W06000015,Cardiff,3.370911,6.899671,3,50.12,31.79,12.18,4.47,1.43,5.9,4.15,16.86,12.14,4.62,5.01,3.08
2021,W06000016,Rhondda Cynon Taff,7.188715,5.631702,1,44.53,31.74,15.51,6.28,1.94,8.22,3.21,23.21,5.04,4.59,7.58,3.04
2021,W06000018,Caerphilly,7.1605477,5.679402,1,43.72,32.09,15.71,6.41,2.06,8.47,3.06,23.62,4.08,4.81,7.57,2.9
2021,W06000019,Blaenau Gwent,7.0771694,5.729441,1,41.05,32.68,16.76,7.15,2.36,9.51,3.36,23.23,3.58,5.33,9.11,3.16
2021,W06000020,Torfaen,6.917535,5.037042,1,42.63,33.92,15.54,6.05,1.86,7.91,3.04,24.86,3.74,4.6,6.8,2.83
2021,W06000021,Monmouthshire,6.3542447,2.2010508,1,46.44,34.3,13.61,4.37,1.28,5.65,2.21,29.24,3.61,3.54,3.91,2.75
2021,W06000022,Newport,5.8653507,4.2218695,1,46.59,33.01,13.75,5.11,1.54,6.65,3.54,20.54,4.5,5.06,5.82,3.42
2021,W06000023,Powys,6.466075,2.4767735,1,44.54,34.5,15.08,4.54,1.35,5.88,2.07,29.48,3.39,3.56,4.24,2.42
2021,W06000024,Merthyr Tydfil,7.172222,6.0132804,1,45.41,30.23,15.02,6.99,2.36,9.34,3.25,22.11,4.14,4.75,8.61,3.38
